:0200000460009A
:100000004643464200000156000000000103030081
:1000100000000000000000000000000000000000E0
:1000200000000000000000000000000000000000D0
:1000300000000000000000000000000000000000C0
:1000400000000000010408000000000000000000A3
:100050000000200000000000000000000000000080
:100060000000000000000000000000000000000090
:100070000000000000000000000000000000000080
:10008000EB04180A063204260000000000000000FD
:10009000050404240000000000000000000000002F
:1000A0000000000000000000000000000000000050
:1000B0000604000000000000000000000000000036
:1000C0000000000000000000000000000000000030
:1000D00020041808000000000000000000000000DC
:1000E0000000000000000000000000000000000010
:1000F0000000000000000000000000000000000000
:10010000D8041808000000000000000000000000F3
:100110000204180804200000000000000000000095
:1001200000000000000000000000000000000000CF
:10013000600400000000000000000000000000005B
:1001400000000000000000000000000000000000AF
:10015000000000000000000000000000000000009F
:10016000000000000000000000000000000000008F
:10017000000000000000000000000000000000007F
:10018000000000000000000000000000000000006F
:10019000000000000000000000000000000000005F
:1001A000000000000000000000000000000000004F
:1001B000000000000000000000000000000000003F
:1001C000000100000010000001000000000000001D
:1001D000000001000000000000000000000000001E
:1001E000000000000000000000000000000000000F
:1001F00000000000000000000000000000000000FF
:10020000FFFFFFFFFFFFFFFFFFFFFFFFFFFFFFFFFE
:10021000FFFFFFFFFFFFFFFFFFFFFFFFFFFFFFFFEE
:10022000FFFFFFFFFFFFFFFFFFFFFFFFFFFFFFFFDE
:10023000FFFFFFFFFFFFFFFFFFFFFFFFFFFFFFFFCE
:10024000FFFFFFFFFFFFFFFFFFFFFFFFFFFFFFFFBE
:10025000FFFFFFFFFFFFFFFFFFFFFFFFFFFFFFFFAE
:10026000FFFFFFFFFFFFFFFFFFFFFFFFFFFFFFFF9E
:10027000FFFFFFFFFFFFFFFFFFFFFFFFFFFFFFFF8E
:10028000FFFFFFFFFFFFFFFFFFFFFFFFFFFFFFFF7E
:10029000FFFFFFFFFFFFFFFFFFFFFFFFFFFFFFFF6E
:1002A000FFFFFFFFFFFFFFFFFFFFFFFFFFFFFFFF5E
:1002B000FFFFFFFFFFFFFFFFFFFFFFFFFFFFFFFF4E
:1002C000FFFFFFFFFFFFFFFFFFFFFFFFFFFFFFFF3E
:1002D000FFFFFFFFFFFFFFFFFFFFFFFFFFFFFFFF2E
:1002E000FFFFFFFFFFFFFFFFFFFFFFFFFFFFFFFF1E
:1002F000FFFFFFFFFFFFFFFFFFFFFFFFFFFFFFFF0E
:10030000FFFFFFFFFFFFFFFFFFFFFFFFFFFFFFFFFD
:10031000FFFFFFFFFFFFFFFFFFFFFFFFFFFFFFFFED
:10032000FFFFFFFFFFFFFFFFFFFFFFFFFFFFFFFFDD
:10033000FFFFFFFFFFFFFFFFFFFFFFFFFFFFFFFFCD
:10034000FFFFFFFFFFFFFFFFFFFFFFFFFFFFFFFFBD
:10035000FFFFFFFFFFFFFFFFFFFFFFFFFFFFFFFFAD
:10036000FFFFFFFFFFFFFFFFFFFFFFFFFFFFFFFF9D
:10037000FFFFFFFFFFFFFFFFFFFFFFFFFFFFFFFF8D
:10038000FFFFFFFFFFFFFFFFFFFFFFFFFFFFFFFF7D
:10039000FFFFFFFFFFFFFFFFFFFFFFFFFFFFFFFF6D
:1003A000FFFFFFFFFFFFFFFFFFFFFFFFFFFFFFFF5D
:1003B000FFFFFFFFFFFFFFFFFFFFFFFFFFFFFFFF4D
:1003C000FFFFFFFFFFFFFFFFFFFFFFFFFFFFFFFF3D
:1003D000FFFFFFFFFFFFFFFFFFFFFFFFFFFFFFFF2D
:1003E000FFFFFFFFFFFFFFFFFFFFFFFFFFFFFFFF1D
:1003F000FFFFFFFFFFFFFFFFFFFFFFFFFFFFFFFF0D
:10040000FFFFFFFFFFFFFFFFFFFFFFFFFFFFFFFFFC
:10041000FFFFFFFFFFFFFFFFFFFFFFFFFFFFFFFFEC
:10042000FFFFFFFFFFFFFFFFFFFFFFFFFFFFFFFFDC
:10043000FFFFFFFFFFFFFFFFFFFFFFFFFFFFFFFFCC
:10044000FFFFFFFFFFFFFFFFFFFFFFFFFFFFFFFFBC
:10045000FFFFFFFFFFFFFFFFFFFFFFFFFFFFFFFFAC
:10046000FFFFFFFFFFFFFFFFFFFFFFFFFFFFFFFF9C
:10047000FFFFFFFFFFFFFFFFFFFFFFFFFFFFFFFF8C
:10048000FFFFFFFFFFFFFFFFFFFFFFFFFFFFFFFF7C
:10049000FFFFFFFFFFFFFFFFFFFFFFFFFFFFFFFF6C
:1004A000FFFFFFFFFFFFFFFFFFFFFFFFFFFFFFFF5C
:1004B000FFFFFFFFFFFFFFFFFFFFFFFFFFFFFFFF4C
:1004C000FFFFFFFFFFFFFFFFFFFFFFFFFFFFFFFF3C
:1004D000FFFFFFFFFFFFFFFFFFFFFFFFFFFFFFFF2C
:1004E000FFFFFFFFFFFFFFFFFFFFFFFFFFFFFFFF1C
:1004F000FFFFFFFFFFFFFFFFFFFFFFFFFFFFFFFF0C
:10050000FFFFFFFFFFFFFFFFFFFFFFFFFFFFFFFFFB
:10051000FFFFFFFFFFFFFFFFFFFFFFFFFFFFFFFFEB
:10052000FFFFFFFFFFFFFFFFFFFFFFFFFFFFFFFFDB
:10053000FFFFFFFFFFFFFFFFFFFFFFFFFFFFFFFFCB
:10054000FFFFFFFFFFFFFFFFFFFFFFFFFFFFFFFFBB
:10055000FFFFFFFFFFFFFFFFFFFFFFFFFFFFFFFFAB
:10056000FFFFFFFFFFFFFFFFFFFFFFFFFFFFFFFF9B
:10057000FFFFFFFFFFFFFFFFFFFFFFFFFFFFFFFF8B
:10058000FFFFFFFFFFFFFFFFFFFFFFFFFFFFFFFF7B
:10059000FFFFFFFFFFFFFFFFFFFFFFFFFFFFFFFF6B
:1005A000FFFFFFFFFFFFFFFFFFFFFFFFFFFFFFFF5B
:1005B000FFFFFFFFFFFFFFFFFFFFFFFFFFFFFFFF4B
:1005C000FFFFFFFFFFFFFFFFFFFFFFFFFFFFFFFF3B
:1005D000FFFFFFFFFFFFFFFFFFFFFFFFFFFFFFFF2B
:1005E000FFFFFFFFFFFFFFFFFFFFFFFFFFFFFFFF1B
:1005F000FFFFFFFFFFFFFFFFFFFFFFFFFFFFFFFF0B
:10060000FFFFFFFFFFFFFFFFFFFFFFFFFFFFFFFFFA
:10061000FFFFFFFFFFFFFFFFFFFFFFFFFFFFFFFFEA
:10062000FFFFFFFFFFFFFFFFFFFFFFFFFFFFFFFFDA
:10063000FFFFFFFFFFFFFFFFFFFFFFFFFFFFFFFFCA
:10064000FFFFFFFFFFFFFFFFFFFFFFFFFFFFFFFFBA
:10065000FFFFFFFFFFFFFFFFFFFFFFFFFFFFFFFFAA
:10066000FFFFFFFFFFFFFFFFFFFFFFFFFFFFFFFF9A
:10067000FFFFFFFFFFFFFFFFFFFFFFFFFFFFFFFF8A
:10068000FFFFFFFFFFFFFFFFFFFFFFFFFFFFFFFF7A
:10069000FFFFFFFFFFFFFFFFFFFFFFFFFFFFFFFF6A
:1006A000FFFFFFFFFFFFFFFFFFFFFFFFFFFFFFFF5A
:1006B000FFFFFFFFFFFFFFFFFFFFFFFFFFFFFFFF4A
:1006C000FFFFFFFFFFFFFFFFFFFFFFFFFFFFFFFF3A
:1006D000FFFFFFFFFFFFFFFFFFFFFFFFFFFFFFFF2A
:1006E000FFFFFFFFFFFFFFFFFFFFFFFFFFFFFFFF1A
:1006F000FFFFFFFFFFFFFFFFFFFFFFFFFFFFFFFF0A
:10070000FFFFFFFFFFFFFFFFFFFFFFFFFFFFFFFFF9
:10071000FFFFFFFFFFFFFFFFFFFFFFFFFFFFFFFFE9
:10072000FFFFFFFFFFFFFFFFFFFFFFFFFFFFFFFFD9
:10073000FFFFFFFFFFFFFFFFFFFFFFFFFFFFFFFFC9
:10074000FFFFFFFFFFFFFFFFFFFFFFFFFFFFFFFFB9
:10075000FFFFFFFFFFFFFFFFFFFFFFFFFFFFFFFFA9
:10076000FFFFFFFFFFFFFFFFFFFFFFFFFFFFFFFF99
:10077000FFFFFFFFFFFFFFFFFFFFFFFFFFFFFFFF89
:10078000FFFFFFFFFFFFFFFFFFFFFFFFFFFFFFFF79
:10079000FFFFFFFFFFFFFFFFFFFFFFFFFFFFFFFF69
:1007A000FFFFFFFFFFFFFFFFFFFFFFFFFFFFFFFF59
:1007B000FFFFFFFFFFFFFFFFFFFFFFFFFFFFFFFF49
:1007C000FFFFFFFFFFFFFFFFFFFFFFFFFFFFFFFF39
:1007D000FFFFFFFFFFFFFFFFFFFFFFFFFFFFFFFF29
:1007E000FFFFFFFFFFFFFFFFFFFFFFFFFFFFFFFF19
:1007F000FFFFFFFFFFFFFFFFFFFFFFFFFFFFFFFF09
:10080000FFFFFFFFFFFFFFFFFFFFFFFFFFFFFFFFF8
:10081000FFFFFFFFFFFFFFFFFFFFFFFFFFFFFFFFE8
:10082000FFFFFFFFFFFFFFFFFFFFFFFFFFFFFFFFD8
:10083000FFFFFFFFFFFFFFFFFFFFFFFFFFFFFFFFC8
:10084000FFFFFFFFFFFFFFFFFFFFFFFFFFFFFFFFB8
:10085000FFFFFFFFFFFFFFFFFFFFFFFFFFFFFFFFA8
:10086000FFFFFFFFFFFFFFFFFFFFFFFFFFFFFFFF98
:10087000FFFFFFFFFFFFFFFFFFFFFFFFFFFFFFFF88
:10088000FFFFFFFFFFFFFFFFFFFFFFFFFFFFFFFF78
:10089000FFFFFFFFFFFFFFFFFFFFFFFFFFFFFFFF68
:1008A000FFFFFFFFFFFFFFFFFFFFFFFFFFFFFFFF58
:1008B000FFFFFFFFFFFFFFFFFFFFFFFFFFFFFFFF48
:1008C000FFFFFFFFFFFFFFFFFFFFFFFFFFFFFFFF38
:1008D000FFFFFFFFFFFFFFFFFFFFFFFFFFFFFFFF28
:1008E000FFFFFFFFFFFFFFFFFFFFFFFFFFFFFFFF18
:1008F000FFFFFFFFFFFFFFFFFFFFFFFFFFFFFFFF08
:10090000FFFFFFFFFFFFFFFFFFFFFFFFFFFFFFFFF7
:10091000FFFFFFFFFFFFFFFFFFFFFFFFFFFFFFFFE7
:10092000FFFFFFFFFFFFFFFFFFFFFFFFFFFFFFFFD7
:10093000FFFFFFFFFFFFFFFFFFFFFFFFFFFFFFFFC7
:10094000FFFFFFFFFFFFFFFFFFFFFFFFFFFFFFFFB7
:10095000FFFFFFFFFFFFFFFFFFFFFFFFFFFFFFFFA7
:10096000FFFFFFFFFFFFFFFFFFFFFFFFFFFFFFFF97
:10097000FFFFFFFFFFFFFFFFFFFFFFFFFFFFFFFF87
:10098000FFFFFFFFFFFFFFFFFFFFFFFFFFFFFFFF77
:10099000FFFFFFFFFFFFFFFFFFFFFFFFFFFFFFFF67
:1009A000FFFFFFFFFFFFFFFFFFFFFFFFFFFFFFFF57
:1009B000FFFFFFFFFFFFFFFFFFFFFFFFFFFFFFFF47
:1009C000FFFFFFFFFFFFFFFFFFFFFFFFFFFFFFFF37
:1009D000FFFFFFFFFFFFFFFFFFFFFFFFFFFFFFFF27
:1009E000FFFFFFFFFFFFFFFFFFFFFFFFFFFFFFFF17
:1009F000FFFFFFFFFFFFFFFFFFFFFFFFFFFFFFFF07
:100A0000FFFFFFFFFFFFFFFFFFFFFFFFFFFFFFFFF6
:100A1000FFFFFFFFFFFFFFFFFFFFFFFFFFFFFFFFE6
:100A2000FFFFFFFFFFFFFFFFFFFFFFFFFFFFFFFFD6
:100A3000FFFFFFFFFFFFFFFFFFFFFFFFFFFFFFFFC6
:100A4000FFFFFFFFFFFFFFFFFFFFFFFFFFFFFFFFB6
:100A5000FFFFFFFFFFFFFFFFFFFFFFFFFFFFFFFFA6
:100A6000FFFFFFFFFFFFFFFFFFFFFFFFFFFFFFFF96
:100A7000FFFFFFFFFFFFFFFFFFFFFFFFFFFFFFFF86
:100A8000FFFFFFFFFFFFFFFFFFFFFFFFFFFFFFFF76
:100A9000FFFFFFFFFFFFFFFFFFFFFFFFFFFFFFFF66
:100AA000FFFFFFFFFFFFFFFFFFFFFFFFFFFFFFFF56
:100AB000FFFFFFFFFFFFFFFFFFFFFFFFFFFFFFFF46
:100AC000FFFFFFFFFFFFFFFFFFFFFFFFFFFFFFFF36
:100AD000FFFFFFFFFFFFFFFFFFFFFFFFFFFFFFFF26
:100AE000FFFFFFFFFFFFFFFFFFFFFFFFFFFFFFFF16
:100AF000FFFFFFFFFFFFFFFFFFFFFFFFFFFFFFFF06
:100B0000FFFFFFFFFFFFFFFFFFFFFFFFFFFFFFFFF5
:100B1000FFFFFFFFFFFFFFFFFFFFFFFFFFFFFFFFE5
:100B2000FFFFFFFFFFFFFFFFFFFFFFFFFFFFFFFFD5
:100B3000FFFFFFFFFFFFFFFFFFFFFFFFFFFFFFFFC5
:100B4000FFFFFFFFFFFFFFFFFFFFFFFFFFFFFFFFB5
:100B5000FFFFFFFFFFFFFFFFFFFFFFFFFFFFFFFFA5
:100B6000FFFFFFFFFFFFFFFFFFFFFFFFFFFFFFFF95
:100B7000FFFFFFFFFFFFFFFFFFFFFFFFFFFFFFFF85
:100B8000FFFFFFFFFFFFFFFFFFFFFFFFFFFFFFFF75
:100B9000FFFFFFFFFFFFFFFFFFFFFFFFFFFFFFFF65
:100BA000FFFFFFFFFFFFFFFFFFFFFFFFFFFFFFFF55
:100BB000FFFFFFFFFFFFFFFFFFFFFFFFFFFFFFFF45
:100BC000FFFFFFFFFFFFFFFFFFFFFFFFFFFFFFFF35
:100BD000FFFFFFFFFFFFFFFFFFFFFFFFFFFFFFFF25
:100BE000FFFFFFFFFFFFFFFFFFFFFFFFFFFFFFFF15
:100BF000FFFFFFFFFFFFFFFFFFFFFFFFFFFFFFFF05
:100C0000FFFFFFFFFFFFFFFFFFFFFFFFFFFFFFFFF4
:100C1000FFFFFFFFFFFFFFFFFFFFFFFFFFFFFFFFE4
:100C2000FFFFFFFFFFFFFFFFFFFFFFFFFFFFFFFFD4
:100C3000FFFFFFFFFFFFFFFFFFFFFFFFFFFFFFFFC4
:100C4000FFFFFFFFFFFFFFFFFFFFFFFFFFFFFFFFB4
:100C5000FFFFFFFFFFFFFFFFFFFFFFFFFFFFFFFFA4
:100C6000FFFFFFFFFFFFFFFFFFFFFFFFFFFFFFFF94
:100C7000FFFFFFFFFFFFFFFFFFFFFFFFFFFFFFFF84
:100C8000FFFFFFFFFFFFFFFFFFFFFFFFFFFFFFFF74
:100C9000FFFFFFFFFFFFFFFFFFFFFFFFFFFFFFFF64
:100CA000FFFFFFFFFFFFFFFFFFFFFFFFFFFFFFFF54
:100CB000FFFFFFFFFFFFFFFFFFFFFFFFFFFFFFFF44
:100CC000FFFFFFFFFFFFFFFFFFFFFFFFFFFFFFFF34
:100CD000FFFFFFFFFFFFFFFFFFFFFFFFFFFFFFFF24
:100CE000FFFFFFFFFFFFFFFFFFFFFFFFFFFFFFFF14
:100CF000FFFFFFFFFFFFFFFFFFFFFFFFFFFFFFFF04
:100D0000FFFFFFFFFFFFFFFFFFFFFFFFFFFFFFFFF3
:100D1000FFFFFFFFFFFFFFFFFFFFFFFFFFFFFFFFE3
:100D2000FFFFFFFFFFFFFFFFFFFFFFFFFFFFFFFFD3
:100D3000FFFFFFFFFFFFFFFFFFFFFFFFFFFFFFFFC3
:100D4000FFFFFFFFFFFFFFFFFFFFFFFFFFFFFFFFB3
:100D5000FFFFFFFFFFFFFFFFFFFFFFFFFFFFFFFFA3
:100D6000FFFFFFFFFFFFFFFFFFFFFFFFFFFFFFFF93
:100D7000FFFFFFFFFFFFFFFFFFFFFFFFFFFFFFFF83
:100D8000FFFFFFFFFFFFFFFFFFFFFFFFFFFFFFFF73
:100D9000FFFFFFFFFFFFFFFFFFFFFFFFFFFFFFFF63
:100DA000FFFFFFFFFFFFFFFFFFFFFFFFFFFFFFFF53
:100DB000FFFFFFFFFFFFFFFFFFFFFFFFFFFFFFFF43
:100DC000FFFFFFFFFFFFFFFFFFFFFFFFFFFFFFFF33
:100DD000FFFFFFFFFFFFFFFFFFFFFFFFFFFFFFFF23
:100DE000FFFFFFFFFFFFFFFFFFFFFFFFFFFFFFFF13
:100DF000FFFFFFFFFFFFFFFFFFFFFFFFFFFFFFFF03
:100E0000FFFFFFFFFFFFFFFFFFFFFFFFFFFFFFFFF2
:100E1000FFFFFFFFFFFFFFFFFFFFFFFFFFFFFFFFE2
:100E2000FFFFFFFFFFFFFFFFFFFFFFFFFFFFFFFFD2
:100E3000FFFFFFFFFFFFFFFFFFFFFFFFFFFFFFFFC2
:100E4000FFFFFFFFFFFFFFFFFFFFFFFFFFFFFFFFB2
:100E5000FFFFFFFFFFFFFFFFFFFFFFFFFFFFFFFFA2
:100E6000FFFFFFFFFFFFFFFFFFFFFFFFFFFFFFFF92
:100E7000FFFFFFFFFFFFFFFFFFFFFFFFFFFFFFFF82
:100E8000FFFFFFFFFFFFFFFFFFFFFFFFFFFFFFFF72
:100E9000FFFFFFFFFFFFFFFFFFFFFFFFFFFFFFFF62
:100EA000FFFFFFFFFFFFFFFFFFFFFFFFFFFFFFFF52
:100EB000FFFFFFFFFFFFFFFFFFFFFFFFFFFFFFFF42
:100EC000FFFFFFFFFFFFFFFFFFFFFFFFFFFFFFFF32
:100ED000FFFFFFFFFFFFFFFFFFFFFFFFFFFFFFFF22
:100EE000FFFFFFFFFFFFFFFFFFFFFFFFFFFFFFFF12
:100EF000FFFFFFFFFFFFFFFFFFFFFFFFFFFFFFFF02
:100F0000FFFFFFFFFFFFFFFFFFFFFFFFFFFFFFFFF1
:100F1000FFFFFFFFFFFFFFFFFFFFFFFFFFFFFFFFE1
:100F2000FFFFFFFFFFFFFFFFFFFFFFFFFFFFFFFFD1
:100F3000FFFFFFFFFFFFFFFFFFFFFFFFFFFFFFFFC1
:100F4000FFFFFFFFFFFFFFFFFFFFFFFFFFFFFFFFB1
:100F5000FFFFFFFFFFFFFFFFFFFFFFFFFFFFFFFFA1
:100F6000FFFFFFFFFFFFFFFFFFFFFFFFFFFFFFFF91
:100F7000FFFFFFFFFFFFFFFFFFFFFFFFFFFFFFFF81
:100F8000FFFFFFFFFFFFFFFFFFFFFFFFFFFFFFFF71
:100F9000FFFFFFFFFFFFFFFFFFFFFFFFFFFFFFFF61
:100FA000FFFFFFFFFFFFFFFFFFFFFFFFFFFFFFFF51
:100FB000FFFFFFFFFFFFFFFFFFFFFFFFFFFFFFFF41
:100FC000FFFFFFFFFFFFFFFFFFFFFFFFFFFFFFFF31
:100FD000FFFFFFFFFFFFFFFFFFFFFFFFFFFFFFFF21
:100FE000FFFFFFFFFFFFFFFFFFFFFFFFFFFFFFFF11
:100FF000FFFFFFFFFFFFFFFFFFFFFFFFFFFFFFFF01
:10100000D1002043491600600000000000000000ED
:1010100020100060001000600088036000000000E5
:10102000000000600094030000000000FFFFFFFFCD
:10103000FFFFFFFFFFFFFFFFFFFFFFFFFFFFFFFFC0
:10104000FFFFFFFFFFFFFFFFFFFFFFFFFFFFFFFFB0
:10105000FFFFFFFFFFFFFFFFFFFFFFFFFFFFFFFFA0
:10106000FFFFFFFFFFFFFFFFFFFFFFFFFFFFFFFF90
:10107000FFFFFFFFFFFFFFFFFFFFFFFFFFFFFFFF80
:10108000FFFFFFFFFFFFFFFFFFFFFFFFFFFFFFFF70
:10109000FFFFFFFFFFFFFFFFFFFFFFFFFFFFFFFF60
:1010A000FFFFFFFFFFFFFFFFFFFFFFFFFFFFFFFF50
:1010B000FFFFFFFFFFFFFFFFFFFFFFFFFFFFFFFF40
:1010C000FFFFFFFFFFFFFFFFFFFFFFFFFFFFFFFF30
:1010D000FFFFFFFFFFFFFFFFFFFFFFFFFFFFFFFF20
:1010E000FFFFFFFFFFFFFFFFFFFFFFFFFFFFFFFF10
:1010F000FFFFFFFFFFFFFFFFFFFFFFFFFFFFFFFF00
:10110000FFFFFFFFFFFFFFFFFFFFFFFFFFFFFFFFEF
:10111000FFFFFFFFFFFFFFFFFFFFFFFFFFFFFFFFDF
:10112000FFFFFFFFFFFFFFFFFFFFFFFFFFFFFFFFCF
:10113000FFFFFFFFFFFFFFFFFFFFFFFFFFFFFFFFBF
:10114000FFFFFFFFFFFFFFFFFFFFFFFFFFFFFFFFAF
:10115000FFFFFFFFFFFFFFFFFFFFFFFFFFFFFFFF9F
:10116000FFFFFFFFFFFFFFFFFFFFFFFFFFFFFFFF8F
:10117000FFFFFFFFFFFFFFFFFFFFFFFFFFFFFFFF7F
:10118000FFFFFFFFFFFFFFFFFFFFFFFFFFFFFFFF6F
:10119000FFFFFFFFFFFFFFFFFFFFFFFFFFFFFFFF5F
:1011A000FFFFFFFFFFFFFFFFFFFFFFFFFFFFFFFF4F
:1011B000FFFFFFFFFFFFFFFFFFFFFFFFFFFFFFFF3F
:1011C000FFFFFFFFFFFFFFFFFFFFFFFFFFFFFFFF2F
:1011D000FFFFFFFFFFFFFFFFFFFFFFFFFFFFFFFF1F
:1011E000FFFFFFFFFFFFFFFFFFFFFFFFFFFFFFFF0F
:1011F000FFFFFFFFFFFFFFFFFFFFFFFFFFFFFFFFFF
:10120000FFFFFFFFFFFFFFFFFFFFFFFFFFFFFFFFEE
:10121000FFFFFFFFFFFFFFFFFFFFFFFFFFFFFFFFDE
:10122000FFFFFFFFFFFFFFFFFFFFFFFFFFFFFFFFCE
:10123000FFFFFFFFFFFFFFFFFFFFFFFFFFFFFFFFBE
:10124000FFFFFFFFFFFFFFFFFFFFFFFFFFFFFFFFAE
:10125000FFFFFFFFFFFFFFFFFFFFFFFFFFFFFFFF9E
:10126000FFFFFFFFFFFFFFFFFFFFFFFFFFFFFFFF8E
:10127000FFFFFFFFFFFFFFFFFFFFFFFFFFFFFFFF7E
:10128000FFFFFFFFFFFFFFFFFFFFFFFFFFFFFFFF6E
:10129000FFFFFFFFFFFFFFFFFFFFFFFFFFFFFFFF5E
:1012A000FFFFFFFFFFFFFFFFFFFFFFFFFFFFFFFF4E
:1012B000FFFFFFFFFFFFFFFFFFFFFFFFFFFFFFFF3E
:1012C000FFFFFFFFFFFFFFFFFFFFFFFFFFFFFFFF2E
:1012D000FFFFFFFFFFFFFFFFFFFFFFFFFFFFFFFF1E
:1012E000FFFFFFFFFFFFFFFFFFFFFFFFFFFFFFFF0E
:1012F000FFFFFFFFFFFFFFFFFFFFFFFFFFFFFFFFFE
:10130000FFFFFFFFFFFFFFFFFFFFFFFFFFFFFFFFED
:10131000FFFFFFFFFFFFFFFFFFFFFFFFFFFFFFFFDD
:10132000FFFFFFFFFFFFFFFFFFFFFFFFFFFFFFFFCD
:10133000FFFFFFFFFFFFFFFFFFFFFFFFFFFFFFFFBD
:10134000FFFFFFFFFFFFFFFFFFFFFFFFFFFFFFFFAD
:10135000FFFFFFFFFFFFFFFFFFFFFFFFFFFFFFFF9D
:10136000FFFFFFFFFFFFFFFFFFFFFFFFFFFFFFFF8D
:10137000FFFFFFFFFFFFFFFFFFFFFFFFFFFFFFFF7D
:10138000FFFFFFFFFFFFFFFFFFFFFFFFFFFFFFFF6D
:10139000FFFFFFFFFFFFFFFFFFFFFFFFFFFFFFFF5D
:1013A000FFFFFFFFFFFFFFFFFFFFFFFFFFFFFFFF4D
:1013B000FFFFFFFFFFFFFFFFFFFFFFFFFFFFFFFF3D
:1013C000FFFFFFFFFFFFFFFFFFFFFFFFFFFFFFFF2D
:1013D000FFFFFFFFFFFFFFFFFFFFFFFFFFFFFFFF1D
:1013E000FFFFFFFFFFFFFFFFFFFFFFFFFFFFFFFF0D
:1013F000FFFFFFFFFFFFFFFFFFFFFFFFFFFFFFFFFD
:10140000814205D051F8043B40F8043B8242F9D8B0
:10141000704700BF044A05494FF0000342F8043BFF
:101420009142FBD8704700BFC07E0020207D012084
:101430002DE98848BFF34F8F00BF00BF00BF00BF3A
:1014400000F0EAFF674B0822C3F8542100BF00BF39
:1014500000BF00BF00BF00BF00BF00BF00BF00BF94
:1014600000BF00BF00BF00BF00BF00BF5E4A5F49B2
:101470005F48FFF7C5FF5F4A5F496048FFF7C0FF5D
:101480005F4CFFF7C7FF4FF470004FF0E0210023DF
:101490005C4AC1F8880D44F823200133B02BFAD1FF
:1014A000594B8021594A03F8011B9342FBD14FF05D
:1014B000E0254C4E4FF08039DFF880B1DFF880A195
:1014C0004FF0FF31C5F8084D0027C6F80491C6F863
:1014D00000B1C6F8F490C6F8F0A0D5F8243DDFF8C6
:1014E000648143F4E0234A4AC5F8243DD8F81C300F
:1014F00023F07F0343F04003C8F81C30D8F82430B1
:1015000023F07F0343F04003C8F824309166D1668E
:101510001167516700F088FF3E4B3F49A3633F4B83
:10152000E36363236B610323AF612B613C4BC5F81D
:10153000203DD5F8FC3D43F08073C5F8FC3D394BA8
:101540001A6842F001021A605B680B6000F0F4FF59
:10155000C6F804913448C6F800B1C6F8F490C6F84D
:10156000F0A001F071FAD8F86C10304B304A41F419
:101570004051C8F86C101F60C3F80871C3F81871A7
:10158000C3F82871C3F83871936BDB0708D442F6AF
:101590001563284951651365936B43F00103936309
:1015A000234A254C936843F00113936000F00AFF2F
:1015B00001F00AFA00F0EEFF00F030FF2368132B71
:1015C000FCD901F07FF82368B3F5967FFBD300F0D8
:1015D00029FF00F025FF01F00BFA01F019FA30BFE6
:1015E000FDE700BF00800D40DCCF02005C380060EA
:1015F00000000000C07E00203C08036000000020C6
:10160000007C00204D6C010000E400E0A0E400E05C
:1016100000C00A40659301008CE800206993010036
:1016200000002020001000E00046C32300400840D6
:1016300000400D400000C05690E800201B1018200C
:101640000C0D111300C00F40054B4FF42A01054A41
:1016500005485A641864054A99639546FFF7E8FE01
:1016600000C00A40FFAFAAAA070020000000052022
:101670001BB9124B1B6F9B041ED400F03F000F4B95
:1016800022F0604221F0604140F489101867C3F8ED
:101690008010C3F890201A6F22F480521A671A6FD4
:1016A000002AFCDAD3F87011054A0A40C3F8702109
:1016B0001A6F22F480321A67704700BF00800D4015
:1016C000FF7F7FFFD0F88030B3F1E04F07D20548AD
:1016D0000549A0F108028B4288BF104670470348B5
:1016E000704700BF802A0060FFFF1F20702A006043
:1016F00010B582B0002403234FF4000101AA082092
:10170000019401F055F90F4BEF229DF804109DF85C
:1017100005E003F2E45C9DF8064003E063450DD06C
:1017200013F8342F9142F9D15A7818467245F5D101
:101730009A78A242F2D11C3002B010BD00201C30B9
:1017400002B010BD902A006030B5072285B0044673
:101750009F23314902ADD0F8CC000193CDE90212AC
:1017600001F02AF9002194F8D00001F055F9042382
:101770002A46D4F8CC000DEB030101F031F9012128
:1017800094F8D00001F048F9D4F8CC20D37CEBB128
:10179000DD0704D5906A4FF0E021C1F800019C07F5
:1017A00004D5D06A4FF0E021C1F80401580704D5F0
:1017B000106B4FF0E021C1F80801190704D5506BF8
:1017C0004FF0E021C1F80C01DB061ED4134BEF22D1
:1017D0009DF809109DF80AE003F2E45C9DF80B40C7
:1017E00003E063450DD013F8342F9142F9D15A78B4
:1017F00018467245F5D19A78A242F2D11C3005B054
:1018000030BD00201C3005B030BD926B4FF0E0239E
:10181000C3F81021DAE700BF80C3C901902A006035
:1018200030B5072285B049490446D0F8CC00CDE94F
:10183000011201F0C1F8002194F8D00001F0ECF899
:101840004349444A322348681268120C03FB02F2EF
:10185000414B5208A3FB0232120A4B681B1A9A42F0
:10186000FBD8D4F8CC509F232A685366D36D13F469
:10187000F81FFBD0536F0DF103010DF10C0C00208C
:101880005066D36D13F4F81FFBD0536F01F8013F7E
:101890006145F5D194F8D030304A190102EB0313B9
:1018A0005258DB68C2F88430EB7CEBB1DC0704D51E
:1018B000A96A4FF0E022C2F80011980704D5E96A3E
:1018C0004FF0E022C2F80411590704D5296B4FF0FC
:1018D000E022C2F808111A0704D5696B4FF0E02224
:1018E000C2F80C11DB0620D49DF804107F2925D006
:1018F0009DF805409DF80650194BEF2203F2E45C79
:1019000003E063450DD013F8342F8A42F9D15A7899
:101910001846A242F5D19A78AA42F2D11C3005B0FD
:1019200030BD00201C3005B030BDAA6B4FF0E02365
:10193000C3F810219DF804107F29D9D19DF80A1011
:101940009DF80B409DF80C50D6E700BF80C3C9013D
:10195000001000E09452002011239708DC41002081
:10196000902A0060F0B505460024084685B0C5F809
:10197000CC20012185F8D0002C7101F04DF8012117
:1019800095F8D00001F030F8D5F8CC0001F060F8FF
:101990005D4907229F23D5F8CC000193CDE90212BF
:1019A00004AA12E9060001F007F8214695F8D000D4
:1019B00001F032F80423D5F8CC000DEB03021146F8
:1019C00001F00EF8012195F8D00001F025F8D5F8C6
:1019D000CC20D37CEBB1DF0704D5906A4FF0E02137
:1019E000C1F800019E0704D5D06A4FF0E021C1F88C
:1019F00004015C0704D5106B4FF0E021C1F8080129
:101A0000180704D5506B4FF0E021C1F80C01D9063E
:101A100061D43E4CEF239DF805209DF8060004F2AA
:101A2000E4519DF807C003E08C4251D014F8343FD4
:101A30009A42F9D163788342F6D1A3786345F3D112
:101A400005F108067822002105F18007304600F0F4
:101A5000BFFF3822002105F1940000F0B9FF2C4BA4
:101A60003046C5E920532B4BC5F888302A4BC5F8C2
:101A70008C302A4BC5F89030A388C5E92533A1687E
:101A8000C5F89C102269C5E92A33B2FBF1F2FF23A5
:101A9000C5F8A02001223946C5F8BC304FF4C87300
:101AA000C5F8A430E37885F8D1306369C5F8D4303F
:101AB000A369C5F8D830237B2A7185F8D23000F0AD
:101AC0006BFF00280DDB012318466B7105B0F0BDDC
:101AD000002005B0F0BD926B4FF0E023C3F8102159
:101AE00097E73946304600F0ABFF002805DB394662
:101AF000304600F051FF0028E5DA00231846C5F80B
:101B0000CC3005B0F0BD00BF80C3C901902A006091
:101B100015E9000065EB0000E9EC00002DE3000092
:101B2000F0B505460024084685B0C5F8CC20012153
:101B300085F8D0002C7100F06FFF012195F8D000DE
:101B400000F052FFD5F8CC0000F082FF642000F0D6
:101B500037FF07227F49D5F8CC00CDE9011200F00C
:101B60002BFF214695F8D00000F056FF7A497B4ABA
:101B7000322348681268120C03FB02F2784B5208B9
:101B8000A3FB0232120A4B681B1A9A42FBD8D5F803
:101B9000CC609F2332685366D36D13F4F81FFBD0DB
:101BA000536F0DF1030103AC00205066D36D13F4A5
:101BB000F81FFBD0536F01F8013F8C42F5D195F827
:101BC000D030684A190102EB03135258DB68C2F89F
:101BD0008430F37CEBB1DA0704D5B16A4FF0E02230
:101BE000C2F800119F0704D5F16A4FF0E022C2F855
:101BF00004115C0704D5316B4FF0E022C2F80811E4
:101C0000180704D5716B4FF0E022C2F80C11D90609
:101C100067D49DF804207F2A6CD09DF805009DF8BC
:101C20000660514CEF2304F2E45103E0A14255D089
:101C300014F8343F9A42F9D163788342F6D1A378FD
:101C4000B342F3D105F108067822002105F180079F
:101C5000304600F0BDFE3822002105F1940000F06E
:101C6000B7FE424B4248C5E92053424BC5F8883085
:101C7000414BC5F88C30414BC5F89030A388C5E97D
:101C80002533A168C5F89C102269C5E92A33B2FB47
:101C9000F1F2FF23C5F8A02001222221C5F8BC30B3
:101CA0004FF4C873C5F8A430E37885F8D130636980
:101CB000C5F8D430A3692A71C5F8D83000F0A4FE65
:101CC0002F4800F06DFE3946304600F065FE0028D2
:101CD00017DB012318466B7105B0F0BD002005B07D
:101CE000F0BDB26B4FF0E023C3F810219DF8042043
:101CF0007F2A92D19DF80A209DF80B009DF80C6078
:101D00008FE729211F4800F07FFE1D4800F048FEA4
:101D10003946304600F094FE002818DB2B211A4883
:101D200000F072FE164800F03BFE3946304600F0E7
:101D300033FE0028CDDA1C21144800F065FE10485F
:101D400000F02EFE00231846C5F8CC30C4E7102161
:101D50000F48F2E780C3C901001000E09452002050
:101D600011239708DC410020902A0060F9ED000063
:101D7000E449002079EF000011F1000031E3000098
:101D800098520020084A0020344A0020604A00206F
:101D90006C4A002070B5057982B0BDB14379044624
:101DA00000F10806B3B904F180013046019100F05A
:101DB00047FE00280ADB0199304600F0EDFD0028BF
:101DC00004DB01232846637102B070BD002528465C
:101DD00002B070BD304600F00FFE00236371E2E7F1
:101DE0002DE9F84F037913B90020BDE8F88FD0F83A
:101DF000A08005460E4601214FEAD8001446013066
:101E000000F0FEFD07460028EED0D5F8940000F063
:101E1000CBFD8246002850D0B8F1000F05D0294BE9
:101E20000022C3F80080284B1A603A46274905F182
:101E3000080000F0FDFD00282CDBD5F8A01086BBC3
:101E4000A14227D981B30E464FF000084FF0010997
:101E500005F1800B04E00134A1421BD9B04523D227
:101E6000E30804F00702FB5C09FA02F21340F2D126
:101E700021465246584600F0D3FD30B92146D5F8E8
:101E80008C30584608F101089847D5F8A010013465
:101E9000A142E3D8384600F07BFD504600F078FDC3
:101EA000A2E7A142D0D8F5E7384600F071FD5046D0
:101EB00000F06EFD2046BDE8F88F384600F068FD62
:101EC000504692E7D0840020D48400208DE50000A5
:101ED0002DE9F84F05460079002857D06B798A46DE
:101EE0009146002B4BD1D5F8A040294BD5F8940052
:101EF000A3FB043800F058FD06464FEA98186CB36F
:101F0000B9F1000F18BFBAF1000F05F180074FF0CB
:101F1000000414BF4FF0010B4FF0000BBBF1000F9A
:101F20000AD051464846B4FBF8F308FB13431BB9EB
:101F3000D9F800301B6898472146012332463846BD
:101F400016B100F06DFD20B9D5F88C302146384629
:101F500098470134D5F8A030A342DFD8304600F0CE
:101F600017FDB9F1000F05D0BAF1000F02D04846B5
:101F700000F016FD2846BDE8F84FFFF70BBF05F14E
:101F8000080000F039FD00236B71ACE7BDE8F88F65
:101F90008988888800217C4A0223F0B57B4C83B075
:101FA000017105467A48019194617A4CD36103230B
:101FB000C2F880020820C2F8841201AA4FF400017E
:101FC00000F0F6FC9DF804209DF8050004F2E451B1
:101FD0009DF806C0EF2304E08C4200F0B88014F8AE
:101FE000343F9A42F8D163788342F5D1A3786345B0
:101FF000F2D105F108077822002105F18006384664
:1020000000F0E6FC3822002105F1940000F0E0FC2D
:10201000614B0120C5E92053604BC5F88830604B07
:10202000C5F88C305F4BC5F89030A388C5E92533DF
:10203000A168C5F89C102269C5E92A33B2FBF1F208
:10204000FF23C5F8A020504AC5F8BC304FF4C87330
:10205000C5F8A430E17885F8CC106369C5F8D030B4
:10206000A369C5F8D430236928719B0A5366474B8E
:1020700093610223D3614FF48A63C2F8A0324FF414
:102080000003C2F8A0304FF42023C2F8A430C2F8F5
:10209000B0005369D807FCD51B075BD43A4A01232B
:1020A00041485361C2F8A0020020C2F8A4024FF4D4
:1020B0000000C2F8A0004FF42020C2F8A400C2F82B
:1020C000B0305369D807FCD51B0701D508235361ED
:1020D0002D4B012218294FF000015A613DD0334A9F
:1020E000C3F89022324AC3F89422324AC3F89812B5
:1020F000C3F8B02242F20122C3F8B4222E4A207B58
:102100000243C3F8C022C3F8C4121F4B40F2064278
:1021100031463846C3F8A022284AC3F8D02200220C
:10212000C3F8D42200F038FC002804DB0123184651
:102130006B7103B0F0BD3146384600F081FC0028D9
:1021400005DB3146384600F027FC0028EEDA002097
:1021500003B0F0BD08235361A0E7194AC3F89022E9
:10216000134AC3F89422174AC3F89812C3F8B0224E
:1021700042F20122C3F8B422134A207B0243C3F87F
:10218000C022C3F8C412C0E700402A40F05AF05AF7
:102190009F040124902A006015E4000001F2000071
:1021A000E9F2000035E30000310402046C04200869
:1021B0000832012634042008000420080504012404
:1021C0006B04180832041808000418084FF6FF734F
:1021D000364A2DE9F0410B44354D00261D4006716D
:1021E0001660002D58D0334BB3F5F81F54D2C3F509
:1021F000F8139D4250D8304F00F10808044631468C
:102200007F1B4046ED0B1760782200F0E1FB2B4B63
:102210002B4A4FF44871C4F884308023C4F88820D6
:102220004046284AC4F89430C4F89830C4F8A8301E
:10223000C4F8AC300123C4F8A05004F18005C4F800
:10224000A410FF21C4F88C2023714FF400431E4AD0
:10225000C4F8BC102946C4F88070C4F8B060C4F853
:10226000B460C4F8B860C4F8C060C4F8C460C4F80E
:10227000C860C4F89020C4F89C3000F08DFB0028A2
:1022800004DB012318466371BDE8F081294640460E
:1022900000F0D6FB002802DA0020BDE8F0812946D4
:1022A000404600F079FB0028EBDAF5E7988400203F
:1022B0000000FFFF0094030000001F603DE40000E9
:1022C0005DE400007DE4000039E30000B1F5607FCB
:1022D000F0B50E468DB028BF4FF460760F46054628
:1022E00072B62E4B00247022186021462C4B2D48CC
:1022F0001C8000F06DFBCFB121462A484FF0010C45
:102300004A0901F01F03013150F822400CFA03F38F
:102310008E4243EA040340F82230F1D828460023D5
:102320004380013300F582709E42F9D81E4C257817
:1023300015B162B60DB0F0BD082000F07DFB1B4B5F
:1023400080220646009302A90693194B027105608C
:1023500008A8029300F040FB06A9164A304600F098
:1023600063FB069B08A8DB689847009B02A8DB6814
:1023700098472378002BDCD10F4B104AC3F8582123
:102380000F49D0204FF0E023402281F84600C3F8E7
:1023900008210123237062B60DB0F0BDB483002084
:1023A0007C7C0120BC8300209C7C01202C320020FE
:1023B000314D01001B100100007C00203D4D01004B
:1023C00000E400E0104BA020104AD96E41F44031E7
:1023D00010B4D96640F23764D96E41F44071D966C1
:1023E00054649064936C1B06FCD4094A40F2376134
:1023F000A02351649364936C13F08003FBD1054ACE
:1024000013705DF8044B704700C00F4000400C4053
:1024100000800C40B27C0120704700BF704700BFB5
:10242000704700BF00BF704710B44FF0E023002199
:1024300010243148C3F8941DC3F89C4D1124C3F8EF
:10244000A00D2E48C3F89C4D1224C3F8A00D2C48B3
:10245000C3F89C4D2B4AC3F8A00D2B4C42F015023B
:102460002A48C3F89C4DC3F8A00D294C2948C3F84D
:102470009C4DC3F8A00D284CC3F89C2D2748284A32
:10248000C3F8A04DC3F89C0DC3F8A02D02F5A022FF
:10249000244C0C322448C3F89C4DC3F8A02D234A89
:1024A000C3F89C0D224CC3F8A02D02F14062C3F882
:1024B0009C4D2048C3F8A02D0C32C3F89C0DC3F8E6
:1024C000A02D00BF00BF00BF00BF00BF0122C3F8A6
:1024D000942DBFF34F8FBFF36F8FC3F8501FBFF31F
:1024E0004F8FBFF36F8FD3F8142D5DF8044B42F478
:1024F0004032C3F8142D70473F0000102500080734
:1025000009001000207D0120130020002100020797
:1025100014000020250008130900001016002020D8
:1025200027000B1317000040180000602F000B0756
:10253000190000701A000080F0B4154A40274FF4CB
:1025400080314FF480564FF400554FF4404443F22D
:102550004200136913F0020F0ED113F4005F0FD085
:1025600013F4805F0ED0002BF3DA13F4803F0BD10D
:102570005B060BD5F0BC7047946151619061E8E750
:102580005561E6E75661E4E79161E2E75761E0E70C
:1025900000800D403F4A03203F49F3EE095AD2F82C
:1025A00080304FF0000C9FED3D6A23F001039FED5A
:1025B0003C5A30B4C2F88030C2F89000D1F8E01034
:1025C000384DCBB2384C39482B6007EE903A0B0DA2
:1025D000C1F30B21F8EEE77A06EE903A07EE101AF7
:1025E000334BB8EEC77A2160F8EEE66A314937EE30
:1025F000C66A37EEC55A76EEC76A77EEE57A26EEFA
:10260000266AC3ED006A25EE265AD2F8803067EEBE
:10261000A64AC0ED007AC6EE275A274885EE276AFB
:10262000C4EEA76A75EE875AFCEEE55A36EE076AE5
:1026300015EE904ABCEEC66A43EA045376EE877AFA
:10264000C2F8803016EE103AD2F89041FCEEE77AEC
:1026500001EA0341214317EE903AC2F89011C3F307
:102660000B03D2F890110B431449C2F89031D2F801
:10267000803043F00203C2F88030114B80F840C034
:10268000C1F840314FF0E023012230BCC3F80821EB
:10269000704700BF00810D4000441F400000AA4267
:1026A0000000B442ECDF0020E8DF0020F0DF002073
:1026B000F4DF00200000FF0F00E400E0007C0020B9
:1026C000396E0100314B40F6617210B5C3F820211C
:1026D00040F2044400F058F92D4A2E49D2F88030D7
:1026E0002D4843F00303C2F880302C4BC1F8604101
:1026F00002681A4203D1D1F8A8319A071BD0254AA3
:102700004FF00041244B5963D2F8403143F00203AB
:10271000C2F84031D2F840319B07FBD44FF400306F
:102720004FF0E0211C4B4FF00042C1F88C02192001
:102730009A6300F045F9184A4FF08040154C00218B
:1027400090630A20164B11604FF49062C4F8A80100
:10275000184600F03DF94FF4800203464FF4810023
:1027600040F243111860C4F858311A640D4B0E4AF8
:10277000C4F84811C3F804224FF0E0224FF40031AE
:102780000123C2F80C11C4F8403110BD00800D4087
:1027900000C00F4000002E4000900D40001C1E00A5
:1027A00000000020007C00202171010008B50E4BC4
:1027B0001B6E9B0700D4FBBE72B60C4B00200C4A6C
:1027C000C3F8400103F160430A49A3F55F23116494
:1027D0009D46BFF34F8F4FF400130748074ADB694C
:1027E00002609B68984700BF00441F4000002E40D5
:1027F00000C00A400300200000802020000012EBEF
:1028000043690A4A03EB011010B4037A084C02EB47
:102810000313D3E901321460C2681A6003690BB173
:1028200042691A605DF8044B704700BFDC4100202C
:1028300061F801004369027E03EB021292F808C0BE
:102840008C451CD01A7AFF2A19D0914210B5044643
:1028500016D01A7EFF2A06D00121D3E90023126880
:102860001A4201D1217610BD064B0522204603EB0A
:102870000C135B681A60FFF7C3FF2176F3E770471C
:102880000021EAE7DC41002043690A4A03EB01101A
:1028900010B490F82830084C02EB0313D3E901324E
:1028A0001460C26A1A60036B0BB1426B1A605DF868
:1028B000044B7047DC41002061F801004369427E0F
:1028C00003EB021292F828C08C451ED093F8282002
:1028D000FF2A1AD0914210B5044617D093F8382039
:1028E000FF2A06D00121D3E9002312681A4201D140
:1028F000617610BD064B0522204603EB0C135B6886
:102900001A60FFF7C1FF6176F3E770470021EAE73D
:10291000DC410020164942698B6B23F47C0343F4AD
:10292000802370B58B630446124DD2E900130A6808
:102930001A4303690A60022200211A610E4A1961D2
:102940009A6401225A629D624FF43035DD624FF085
:1029500001159E6C1E6519629D651A61017EFFF767
:102960004FFF617E2046BDE87040FFF78DBF00BF7E
:1029700000C00F40B80B05053B372819F8B500BF5C
:10298000F8BC08BC9E4670475FF800F02D8101003E
:102990005FF800F0A57D02005FF800F08D260100D1
:1029A0005FF800F0815501005FF800F0957D0200AE
:1029B0005FF800F03DE300005FF800F0E1E60000A2
:1029C0005FF800F0496001005FF800F0356B01002E
:1029D0005FF800F0AD8402005FF800F0190100001C
:1029E0005FF800F0F90C02005FF800F0BD61010033
:1029F0005FF800F0B58502005FF800F0E527010000
:102A00005FF800F0359702005FF800F04D9101008B
:102A10005FF800F0316401005FF800F045610100EB
:102A20005FF800F095E400005FF800F0F552010057
:102A30005FF800F07D3301005FF800F0756501007C
:102A40005FF800F0B52501005FF800F0595D010066
:102A50005FF800F0C50A02004500000099930000ED
:102A6000DDCC0000F9D1000069540100BD950100E2
:102A70004558544D454D0000444D414D454D0000D5
:102A80004D454D4F5259000050524F4752414D0055
:102A9000EF40151800010000008000005200000007
:102AA00000002000B80B0000006A180057323551B2
:102AB00031364A562A512F57323551313646560053
:102AC00000000000EF401618000100000080000028
:102AD0005200000000004000B80B0000006A18001F
:102AE0005732355133324A562A512F5732355133E6
:102AF0003246560000000000EF40171800010000A9
:102B000000000100D800000000008000B80B0000A9
:102B100080841E005732355136344A562A512F5779
:102B2000323551363446560000000000EF40181888
:102B30000001000000000100D800000000000001BA
:102B4000B80B000080841E00573235513132384AAC
:102B5000562A512F5732355131323846560000002F
:102B6000EF4019200001000000000100DC0000001F
:102B700000000002B80B000080841E00573235515F
:102B80003235364A562A510000000000000000008D
:102B900000000000EF4020200001000000000100C4
:102BA000DC00000000000004AC0D000080841E006A
:102BB000573235513531324A562A51000000000053
:102BC0000000000000000000EF4021200001000094
:102BD00000000100DC00000000000008AC0D000057
:102BE00080841E005732355130314A562A51000038
:102BF0000000000000000000000000006206131842
:102C0000000100000010000020000000000008008B
:102C100088130000E093040053535432355046307B
:102C200034304300000000000000000000000000FD
:102C3000EF7017180001000000000100D80000002C
:102C400000008000B80B000080841E005732355110
:102C500036344A562A4D2028445452290000000098
:102C600000000000EF7018180001000000000100D3
:102C7000D800000000000001B80B000080841E0096
:102C8000573235513132384A562A4D202844545251
:102C90002900000000000000EF7019200001000072
:102CA00000000100DC00000000000002B80B000082
:102CB00080841E00573235513235364A562A4D200F
:102CC000284454522900000000000000EF80192021
:102CD0000001000000000100DC0000000000000214
:102CE000B80B000080841E00573235513235364A09
:102CF000572A4D0000000000000000000000000006
:102D0000EF7020200001000000000100DC00000046
:102D100000000004AC0D000080841E0057323551C5
:102D20003531324A562A4D20284454522900000099
:102D3000000000001F8401180001000000100000C6
:102D40002000000000000800C4090000E093040017
:102D50004154323553463034310000000000000049
:102D600000000000000000000140141800010000F5
:102D70000010000020000000000010008813000078
:102D8000E0930400533235464C3230384B0000009B
:102D9000000000000000000000000000C840131800
:102DA00000010000001000002000000000000800EA
:102DB00060090000E0930400474432355134304349
:102DC0000000000000000000000000000000000003
:102DD000C84014180001000000100000200000008E
:102DE0000000100060090000E09304004744323501
:102DF00051383043000000000000000000000000D7
:102E000000000000C840151800010000008000000C
:102E10005200000000002000A00F0000006A18000F
:102E200047443235513136450000000000000000B3
:102E30000000000000000000C8401618000100005B
:102E4000008000005200000000004000A00F0000C1
:102E5000006A180047443235513332450000000003
:102E6000000000000000000000000000C84017182B
:102E70000001000000000100D800000000008000F8
:102E8000A00F0000C0C62D004744323551363445EE
:102E90000000000000000000000000000000000032
:102EA000C84018180001000000000100D800000010
:102EB00000000001A00F0000C0C62D0047443235BD
:102EC00051313238450000000000000000000000D1
:102ED00000000000C84019200001000000000100AF
:102EE000DC00000000000002D0070000006A1800AB
:102EF00047443235513235364500000000000000AD
:102F00000000000000000000032EC2184000000076
:102F1000800000000000000000001000FA00000027
:102F2000B00400004359313542313038514E000071
:102F3000000000000000000000000000C224001893
:102F400040000000800000000000000000000200BF
:102F5000FA000000B0040000464D32355631302DE5
:102F6000470000000000000000000000000000001A
:102F7000C224011840000000800000000000000092
:102F800000000200FA000000B0040000464D323597
:102F90005631302D472028726576203129000000F7
:102FA00000000000AE83091840000000800000000F
:102FB0000000000000000200FA000000B004000061
:102FC0004D523435563130304100000000000000D1
:102FD0000000000000000000C226081840000000A9
:102FE000800000000000000000000800FA0000005F
:102FF000B0040000435931354231303451000000F3
:10300000000000000000000000000000602AC2185C
:1030100040000000800000000000000000000400EC
:10302000FA000000B004000043593135423130321B
:10303000510000000000000000000000000000003F
:10304000602AC2184000000080000000000000005C
:1030500000000400FA000000B004000043593135BC
:10306000423130325100000000000000000000003A
:1030700000000000047F48184000000080000000AD
:103080000000000000000400FA000000B00400008E
:103090004D4238355253324D5441504E4600000097
:1030A00000000000000000002A03540065006500D5
:1030B0006E007300790020004D0049004400490073
:1030C0007800310036002F0041007500640069006F
:1030D0006F00000018035400650065006E00730067
:1030E00079006400750069006E006F000403090434
:1030F00009023503060100C032080B00020202017A
:10310000000904000001020201000524001001056D
:10311000240101010424020605240600010705829A
:103120000310001009040100020A00000007050353
:10313000024000000705830240000009040200026B
:10314000010300000724010001E701062402010138
:103150000006240202020009240301030102010007
:1031600009240302040101010006240201050006EE
:1031700024020206000924030107010601000924B4
:1031800003020801050100062402010900062402C9
:10319000020A00092403010B010A010009240302A9
:1031A0000C01090100062402010D00062402020E92
:1031B00000092403010F010E01000924030210017C
:1031C0000D0100062402011100062402021200096A
:1031D0002403011301120100092403021401110147
:1031E0000006240201150006240202160009240329
:1031F0000117011601000924030218011501000638
:103200002402011900062402021A00092403011BEA
:10321000011A0100092403021C01190100062402FD
:10322000011D00062402021E00092403011F011EC5
:1032300001000924030220011D01000624020121CE
:1032400000062402022200092403012301220100B6
:10325000092403022401210100062402012500069D
:103260002402022600092403012701260100092463
:103270000302280125010006240201290006240278
:10328000022A00092403012B012A01000924030258
:103290002C01290100062402012D00062402022E21
:1032A00000092403012F012E01000924030230012B
:1032B0002D01000624020131000624020232000919
:1032C00024030133013201000924030234013101D6
:1032D00000062402013500062402023600092403F8
:1032E00001370136010009240302380135010006C7
:1032F0002402013900062402023A00092403013B9A
:10330000013A0100092403023C01390100062402AC
:10331000013D00062402023E00092403013F013E54
:1033200001000924030240013D0100090504024097
:1033300000000000142501100105090D1115191DCB
:103340002125292D3135393D090584024000000031
:10335000001425011003070B0F13171B1F23272B26
:103360002F33373B3F080B0303010100000904031F
:103370000000010100000A240100013E00020405D2
:103380000C240201020600020300000009240302CB
:1033900001010001000C24020301010002030000EE
:1033A000000A240631030101020200092403040279
:1033B00006003100090404000001020000090404B1
:1033C000010101020000072401020301000B240295
:1033D000010202100144AC0009058509B400010096
:1033E000000725010000000009040500000102009B
:1033F0000009040501020102000007240103030182
:10340000000B2402010202100144AC00090505056D
:10341000B40001008607250100000000090586119F
:10342000030001050000000009023503060100C089
:1034300032080B000202020100090400000102022E
:1034400001000524001001052401010104240206E5
:103450000524060001070582031000050904010088
:10346000020A0000000705030200020007058302AC
:103470000002000904020002010300000724010009
:1034800001E70106240201010006240202020009EC
:1034900024030103010201000924030204010101C4
:1034A0000006240201050006240202060009240386
:1034B00001070106010009240302080105010006B5
:1034C0002402010900062402020A00092403010B58
:1034D000010A0100092403020C010901000624026B
:1034E000010D00062402020E00092403010F010E43
:1034F00001000924030210010D010006240201113C
:103500000006240202120009240301130112010023
:10351000092403021401110100062402011500060A
:1035200024020216000924030117011601000924D0
:1035300003021801150100062402011900062402E5
:10354000021A00092403011B011A010009240302C5
:103550001C01190100062402011D00062402021E9E
:1035600000092403011F011E010009240302200198
:103570001D01000624020121000624020222000986
:103580002403012301220100092403022401210153
:103590000006240201250006240202260009240355
:1035A0000127012601000924030228012501000644
:1035B0002402012900062402022A00092403012B07
:1035C000012A0100092403022C012901000624021A
:1035D000012D00062402022E00092403012F012ED2
:1035E00001000924030230012D01000624020131EB
:1035F00000062402023200092403013301320100D3
:1036000009240302340131010006240201350006B9
:10361000240202360009240301370136010009247F
:103620000302380135010006240201390006240294
:10363000023A00092403013B013A01000924030274
:103640003C01390100062402013D00062402023E2D
:1036500000092403013F013E010009240302400147
:103660003D010009050402000200000014250110BC
:103670000105090D1115191D2125292D3135393D5A
:103680000905840200020000001425011003070B45
:103690000F13171B1F23272B2F33373B3F080B0319
:1036A00003010100000904030000010100000A24D5
:1036B0000100013E000204050C2402010206000282
:1036C000030000000924030201010001000C240290
:1036D0000301010002030000000A24063103010176
:1036E0000202000924030402060031000904040058
:1036F0000001020000090404010101020000072486
:1037000001020301000B2402010202100144AC007B
:1037100009058509B4000400000725010000000028
:10372000090405000001020000090405010201026C
:103730000000072401030301000B24020102021010
:103740000144AC0009050505B40004008607250105
:1037500000000000090586110400040700000000B5
:103760000A060002EF0201400100000080C00F4085
:10377000000000031900000010000000E8841F4052
:1037800001000000FF000000FF000000000000003A
:10379000000000001800000010000000E4841F403A
:1037A00001000000FF000000FF000000000000001A
:1037B000000000001F000000E109020070C00F407F
:1037C000000C00001100000011000000E0841F4008
:1037D000020000002400000012000000E0841F40EE
:1037E000010000001000000011000000DC841F40F8
:1037F000020000002500000012000000DC841F40D1
:10380000010000001E000000D509020070C00F403A
:10381000C00000001200000013000000D0841F4010
:1038200001000000FF000000FF0000000000000099
:10383000000000001300000013000000CC841F40B3
:1038400001000000FF000000FF0000000000000079
:0C385000000000001C000000C90902007C
:10385C00000000000000000000000000000000005C
:10386C00000000000000000000000000000000004C
:10387C000548064B1B1AD90F01EBA301491002D0C6
:10388C00034B03B118477047C07E0020C07E002058
:10389C000000000008B5054B1BB105490548AFF306
:1038AC000080BDE80840FFF7E3BF00BF0000000048
:1038BC0024CC00200094036000207047006910B1F4
:1038CC000368DB6818477047006910B103681B690F
:1038DC0018477047006910B103685B6918474FF0CF
:1038EC00FF307047006910B103689B691847704737
:1038FC00006980B10368012200B583B09B680DF1AB
:10390C000701984720B19DF8070003B05DF804FB50
:10391C004FF0FF30F9E74FF0FF30704700B500690A
:10392C0083B08DF8071028B1036801220DF107014F
:10393C00DB68984703B05DF804FB00BF4FF0FF3025
:10394C00704700BFC3680BB1012070470069003895
:10395C0018BF0120704700BF0069003818BF012054
:10396C00704700BF036818470B680360704700BFBF
:10397C000B680360704700BF704700BF704700BF03
:10398C00704700BF704700BF704700BF704700BF53
:10399C00704700BF704700BF704700BF704700BF43
:1039AC00704700BF704700BF03680868116818476C
:1039BC008C46C168134619B16246806812F076BE17
:1039CC000846704710B5044615F03EF9204610BD68
:1039DC0038B5054CA4F12005083C204615F034F907
:1039EC00AC42F9D138BD00BF9C78002038B5054CED
:1039FC00A4F12005083C204615F026F9AC42F9D17B
:103A0C0038BD00BFBC780020C16808B5029B09B165
:103A1C00022B01D9002008BD806812F049FEC0437A
:103A2C00C00F08BD30B5042285B000240D460092AD
:103A3C0000F1180103AB63228068039412F07CFD43
:103A4C00042802D0204605B030BD03980028FAD0D7
:103A5C00294615F0AFFA012005B030BD30B504226F
:103A6C0085B000240D46009200F1180103AB6D22C5
:103A7C008068039412F060FD042802D0204605B043
:103A8C0030BD03980028FAD0294615F093FA01208E
:103A9C0005B030BD016911B1806813F073B870477F
:103AAC000B69F0B50C46E3B00546002B74D0002131
:103ABC004FF4847220A828F021F920AA2169A0686B
:103ACC0012F0ECFF002842F62E6259DDBDF888306A
:103ADC002E2BECD093424BD0802204F11801684677
:103AEC0024F0ACFF68462AF0F3FB00285FD00DEB06
:103AFC00000313F8013C2F2B01D07D2874D90DEB5A
:103B0C000003C0F1800222A9184624F097FF9DF80B
:103B1C008060012E4ED0342027F064FD064600282C
:103B2C007BD001466A46A06812F056FF002824DBC1
:103B3C00982016F047F9A3680661694600260446EA
:103B4C00802283604660C660384B04F11800236005
:103B5C0024F074FF63684FF47A71354A01332846B8
:103B6C006E602E73A9602C6163602A6063B0F0BD37
:103B7C009DF88A30002B9AD0AEE7304627F03AFDFC
:103B8C0000234FF47A712A4A2B732A602B61C5E902
:103B9C000131284663B0F0BD4FF47A71244A43607A
:103BAC000373816002600361284663B0F0BD80221C
:103BBC006B46A8E7542027F015FD074620B30146B5
:103BCC0033466A46A06812F03FFD002818DB9820A7
:103BDC00002616F0F7F8A368694604468022836035
:103BEC00C76046600661AFE72F23421C0DF800301A
:103BFC0000230DF802300DEB0203C2F1800282E7C4
:103C0C00384627F0F7FCBBE74FF47A72084B686034
:103C1C002873AA602B602861BBE74FF47A72044BBF
:103C2C0068602873AA602B602861B2E7EC2F002033
:103C3C004C31002010B500F118042F21204625F03E
:103C4C00ADFC00B1441C204610BD00BFC16810B5CE
:103C5C00044639B1806812F001FDE06827F0CAFC17
:103C6C000023E360216939B1A06812F003FF2069D9
:103C7C0027F0C0FC0023236110BD00BFC16839B11F
:103C8C00806808B512F0CAFD20EAE070C11708BDC3
:103C9C0008467047C16839B1806808B512F0BCFDA0
:103CAC0020EAE070C11708BD08467047C16881B1B1
:103CBC0038B50446806812F0AFFD051E07DBD4E969
:103CCC00020112F0ABFD002801DB401B38BD0020C7
:103CDC0038BD0020704700BFC16831B1806808B59D
:103CEC0012F010FDC043C00F08BD0846704700BF5E
:103CFC00C16811B1806812F0D5BC704710B5C468AA
:103D0C000CB9204610BD134680680A46214612F0B5
:103D1C00CBFC20EAE07010BD704700BF012A02D135
:103D2C00016000207047022A05D0032AF9D0002A2E
:103D3C00F7D10260F5E70B680360F2E7704700BF4C
:103D4C00704700BF704700BF044808B514F07CFFF3
:103D5C0000210C20BDE8084016F070BA3078002025
:103D6C008B79503B1B061FD470B5044684B00846B3
:103D7C0015F0CCF923680F4A5B6BA668934203904D
:103D8C0014D118342F21204625F008FC00B1441C16
:103D9C00042503AB6D2221463046009512F016FC2B
:103DAC00C043C00F04B070BD002070472046984738
:103DBC000446EDE7E50300008B79503B1B061FD44E
:103DCC0070B5044684B0084615F0A0F923680F4A74
:103DDC005B6BA6689342039014D118342F212046B4
:103DEC0025F0DCFB00B1441C042503AB6322214607
:103DFC003046009512F0EAFBC043C00F04B070BD12
:103E0C0000207047204698470446EDE7E503000084
:103E1C00836810B5044613B1032201469847204627
:103E2C0010BD00BF0B4BC16810B50446036039B11F
:103E3C00806812F013FCE06827F0DCFB0023E360E1
:103E4C00216929B1A06812F015FE206927F0D2FB78
:103E5C00204610BDEC2F00200D4BC16810B5044658
:103E6C00036039B1806812F0F9FBE06827F0C2FBFF
:103E7C000023E360216929B1A06812F0FBFD2069E1
:103E8C0027F0B8FB2046982115F0A4FF204610BD62
:103E9C00EC2F002010B5094B04460069236058B183
:103EAC004368013B43603BB90368DB6A9847206970
:103EBC0010B103685B689847204610BD4C31002058
:103ECC0010B50B4B04460069236058B14368013BA5
:103EDC0043603BB90368DB6A9847206910B10368FB
:103EEC005B6898472046142115F074FF204610BDDE
:103EFC004C31002010B584B004460391029214F0AA
:103F0C0049FC00222046DDE90231009214F0B6FC97
:103F1C00204604B010BD00BF10B500230446104667
:103F2C000D4A617223722260C4E9033019B18A0010
:103F3C00194627F0E3FE094A136853B11A465B6928
:103F4C00002BFBD154610023204663616360A37294
:103F5C0010BD1460F7E700BFE02F0020B8830020ED
:103F6C0003460022134910B4134C43F8184B4FF47A
:103F7C00807482610481C0E903230B68C3B11A46C3
:103F8C005B69002BFBD1506100230C4A4FF4681481
:103F9C000B4943614360837202604FF00052037718
:103FAC00084BC0E90A41C0E90C235DF8044B70478B
:103FBC000860E9E7B8830020E02F0020EC300020F7
:103FCC000E00C10076061C0010B541F2CC5304461D
:103FDC00134800222344134920604FF48070C4E935
:103FEC000323208104F580500B68C0F8CC25ABB1BD
:103FFC001A465B69002BFBD1546100210A4B41F23C
:10400C008C5204F1400061616160A17223602176E1
:10401C006183E16127F072FE204610BD0C60ECE775
:10402C00E02F0020B88300207830002003460022C7
:10403C00144910B4144C43F8344B4FF40074C0E9D9
:10404C0003230B680481C0E90D22CBB11A465B69CE
:10405C00002BFBD150610D4900230D4A0D4C016022
:10406C004FF4805182610C4A436143608372C0E912
:10407C000741C0E909235DF8044BC0E90B337047D5
:10408C000860E8E7B8830020E02F002034310020DE
:10409C0090298F0460EA8E0480F9855A0022034629
:1040AC0013494FF4806C10B4124C43F8284BA0F811
:1040BC0008C0C0E903230B68C0E90A22C0E90C223E
:1040CC009BB11A465B69002BFBD1506100224FF467
:1040DC00803309495DF8044B426142608272016091
:1040EC00C0E90633C0E9083370470860EEE700BF4B
:1040FC00B8830020E02F0020D42F00201349002289
:10410C0038B5134D04460B68056002610281C2602C
:10411C00D3B11A465B69002BFBD1546100230D49C6
:10412C004FF0804204F138006360A3722160A386D3
:10413C00C4E90533C4E90733C4E90932C4E90B33D4
:10414C000DF022FC204638BD0860E7E7B88300205C
:10415C00E02F0020E030002038B500220446034652
:10416C001549164D4FF4007043F8185B2081C4E9D3
:10417C0003230B68C4E90622DBB11A465B69002BEA
:10418C00FBD1546100230E494FF4004204F50F702B
:10419C0063616360A37221602363C4F83432A4F8B2
:1041AC003832C4E90833C4E90A230DF0EDFB20468C
:1041BC0038BD0C60E6E700BFB8830020E02F00207C
:1041CC00403100200D49002210B40B680C4C0261E8
:1041DC0004600281C2607BB11A465B69002BFBD183
:1041EC0050610023074A5DF8044B436143608372BE
:1041FC0002600376C36170470860F2E7B883002061
:10420C00E02F0020103100200F49002210B40B6861
:10421C000E4C026104600281C2609BB11A465B695C
:10422C00002BFBD150610A4900220A4C0B88046018
:10423C0001335DF8044B4261426082720B80C0E92D
:10424C00062370470860EEE7B8830020E02F0020BB
:10425C00887C0120043100202DE9F0431E464B7967
:10426C00C7B004465BB94FF47A71844A4360037358
:10427C00816002600361204647B0BDE8F0830D46C3
:10428C001746EEB1542027F0ADF98046002800F017
:10429C00DF800835014640F203133A46284612F0F7
:1042AC00D3F9002846DA00234FF47A71734A20467A
:1042BC00237322602361C4E9013147B0BDE8F08368
:1042CC000835114604AA284612F020F900287ADB9A
:1042DC009DF81080B8F1010F00F08180342027F098
:1042EC0081F98046002800F0B38001463A46284602
:1042FC0012F072FB0028C0F29880982015F062FD35
:10430C00394680220746C0F81080C660C0E90165B6
:10431C005B4B07F118003B6024F090FB7B684FF47B
:10432C007A71564A013366602673A16027617B60FF
:10433C002260A0E700234FF00409039316F09CF8C9
:10434C0003AB0490632239462846CDF8009012F056
:10435C00F3F8484509D004AB632239462846CDF81A
:10436C00009012F033F9002857DB042204AB3946D5
:10437C00284600926D2212F029F9002859DB012EF3
:10438C005FD0982015F01EFD3D4B8560002506463C
:10439C003946C0F80C8080224560183040F8085C23
:1043AC0040F8183C24F04AFB73684FF47A71334A96
:1043BC0001332046656073602573A160266122601D
:1043CC0047B0BDE8F0834FF47A722C4B2046666000
:1043DC002673A2602360266147B0BDE8F0835420A9
:1043EC0027F000F9814600283ED0014643463A4664
:1043FC00284612F029F900280BDB982015F0E2FC76
:10440C00394680220746C0F80C900661C0E9016568
:10441C007EE7484627F0EEF845E72221194818F0C8
:10442C00BDFA194814F0D4FC9FE7404627F0E2F897
:10443C0039E72221154818F0B1FA134814F0C8FCDA
:10444C009DE7022300224146284612F031F998E7F5
:10445C004FF47A72094BC4F8048084F80C80A26083
:10446C002360C4F8108006E74FF47A72034B606047
:10447C002073A26023602061FDE600BF4C31002058
:10448C00EC2F0020542D002098520020782D002075
:10449C00F5EEC00A08B5F1EE10FA2DED048B40F2E2
:1044AC008B80DFED597AB7EEC04AB4EEE70AF1EE35
:1044BC0010FA30DBB7EEE06AB7EE008BB7EEC11A3C
:1044CC0038EE468B28EE018BB0EE489B00209FED1A
:1044DC00467B21EE077BFDEEC77B17EE901A15F09D
:1044EC00ADFE01209FED427B28EE078BFDEEC87BD5
:1044FC0017EE901A15F0A2FE02209FED3F7B29EEDD
:10450C00077BBDEC048BFDEEC77BBDE8084017EEC6
:10451C00901A15F093BE9FED3A3BB7EE007BB7EEC9
:10452C00E06A84EE035B37EE469BB7EEC11A29EEC8
:10453C00019BFDEEC54BB8EEE43B14EE902A35EE34
:10454C00435BB0EE473B37EE452BA6EE453BA6EE64
:10455C00427B21EE033B21EE078B042A3CD801A3BE
:10456C0053F822F07D0C0000290D0000330D0000E3
:10457C00450D0000570D0000B0EE418BB0EE431B13
:10458C00A4E7B0EE417BB0EE491BB0EE489BB0EE19
:10459C00478B9BE7B0EE417BB0EE438BB0EE491BF3
:1045AC00B0EE479B92E7B0EE417BB0EE481BB0EE0D
:1045BC00498BB0EE479B89E70021084615F03EFE7B
:1045CC000021012015F03AFE00210220BDEC048BE5
:1045DC00BDE8084015F032BEB0EE498BB0EE439BFF
:1045EC0074E700BFAFF300800000000000006940DA
:1045FC000000000000C05C40000000000080514042
:10460C000000000000004E400000B4432DE9F843C8
:10461C00454B04460E46454D53F820000BF030FC3C
:10462C00434BDFF8389153F824000BF029FC414B35
:10463C0053F824000BF024FC3F4B53F824000BF0F0
:10464C001FFC3E4A3E4B126843F824202B5D002B86
:10465C003AD13C4FDFF8088199F80020F6B2DFF828
:10466C0004910F2A99F800003044C0B21AD8030400
:10467C0049F2090003F4FE0343EA0213324A1278AA
:10468C00120602F0FE421343304A1278013A12022B
:10469C0002F470621343184317F032FB99F80030A0
:1046AC001E44F0B22A492B4B4E683A68D8F800C029
:1046BC00A3FB0232920C0CFB02F24B689B1B9A423E
:1046CC00FBD82855BDE8F88399F800200F2A16D896
:1046DC001B0448F2080003F4FE0343EA02131E4ACB
:1046EC001278120602F0FE421343184A1278013A6D
:1046FC00120202F470621343184317F001FB1449C1
:10470C00104F144B48683A68DFF85480A3FB023210
:10471C00D8F80030920C03FB02F24B681B1A9A4239
:10472C00FBD800232B5597E7585D0020CC8900203F
:10473C00485D0020AC5C0020BC5C002090E80020B0
:10474C0014CC002094520020897A00208A7A002010
:10475C00001000E083DE1B438F7A0020B67C012022
:10476C0058780020C87C01200320002110B58CB0A3
:10477C0015F010F93A4843791BB13A49083011F059
:10478C0077FC07A80123374A3549FFF765FD0B98DD
:10479C0018B103681B6B9847E0B91A21324818F01E
:1047AC00FDF8324814F014FB0320012115F0F2F847
:1047BC002F4B0B98079358B14368013B43603BB9AF
:1047CC000368DB6A98470B9810B103685B689847DD
:1047DC000CB010BD274C012104A894ED000A14F074
:1047EC00D1FD04A907A814F0C1FA07A814F0F0FA37
:1047FC0004A814F075FD204904A814F037FD94EDBD
:10480C00000A012101A814F0BDFD01A904A814F0AF
:10481C0037FE1A4914F03CFE0146144814F0A6FA6F
:10482C00124814F0D5FA01A814F05AFD04A814F09B
:10483C0057FD0B980028B7D00368DB6A98470B9894
:10484C004368013B43603BB90368DB6A98470B98AC
:10485C0010B103685B68984700230B93A4E700BF73
:10486C0048CB0020F4230020202400209852002064
:10487C004C310020205C002008240020F023002074
:10488C0030B58FB00023584A09A85849FFF7E4FC0B
:10489C000D9820B103681B6B984700282ED12B2153
:1048AC00534818F07BF8534814F092FA524D534B7E
:1048BC002B60FFF759FF95ED006A514BB7EEC66AB6
:1048CC00504A0D9809929FED444B9FED455B86EE47
:1048DC00047B27EE057BB7EEC77B83ED007A58B1DE
:1048EC004368013B43603BB90368DB6A98470D980A
:1048FC0010B103685B6898470FB030BD42496846F9
:10490C0014F0B4FC0D9806ACB0B103681B69984761
:10491C000122214680B10D9B1846002B5AD01B68F2
:10492C009B689847002855D09DF81810684614F0DD
:10493C0097FD0D980028E8D1684614F0D3FDDFED03
:10494C00337AB4EEE70AF1EE10FA40D4DFED307AA8
:10495C00B4EE670AF1EE10FA37FE800A264D2046B7
:10496C002C4985ED000A14F081FC95ED000A01211B
:10497C0003A814F007FD03A9204614F081FD264975
:10498C0014F086FD01461B4814F0F0F9194814F098
:10499C001FFA03A814F0A4FC204614F0A1FC0D98F7
:1049AC0088B10368DB6A98470D984368013B436004
:1049BC003BB90368DB6A98470D9810B103685B68D4
:1049CC00984700230D93684614F08AFC73E7B0EE09
:1049DC00670AC3E7FF21A9E70000000000807B40C5
:1049EC0052B81E85EB596040F423002048CB0020C0
:1049FC00C823002098520020205C00200000DC43DB
:104A0C00248800204C310020342D00200000D84395
:104A1C000000DF43B0230020F02300200000000042
:104A2C00394B1B7810B5002B33D0384B93F9003031
:104A3C00002B1BDA3649374A0B6810681B1A952B6A
:104A4C0026D93548F7EE000A344C03789FED341A1A
:104A5C0083F00103096894ED000A002B11600370C8
:104A6C0001FE201ABDE81040FFF712BD2D4AB7EE2B
:104A7C00001A02EB8303F0EE410A93ED000AFFF7F4
:104A8C0007FD234B244901201A68224B08701A6039
:104A9C0010BD254B1B78002BFAD01D481D4903680F
:104AAC000A689B1A3B2BF3D9204CF7EE000A0068DE
:104ABC00B7EE007B22781E4B013208601D48A3FB29
:104ACC0002131649D0ED005A1B0991ED000A30EE85
:104ADC00E51A03EB8303A2EB8303B7EEC11A9FED38
:104AEC00086B0A2B237026FE077B21EE071BBDE803
:104AFC001040B7EEC11BFFF7CBBC00BFAFF300807B
:104B0C00CDCCCCCCCCCCDC3FC47C01209D7A00201D
:104B1C0090E8002024CA0020C37C012020880020BB
:104B2C008FC2F53D80250020BC7C0120BD7C01207E
:104B3C00CDCCCCCC28CA0020F8B5274B0025274E6D
:104B4C0040F201179FED260A2DED088B9FED1E8B71
:104B5C009FED1FABBEEE009B93ED00BAB5EEC0BA55
:104B6C00A6EC010AF1EE10FA14DD0024B7EEC00A2F
:104B7C00013420EE080B20F0BBFD07EE904AF8EE56
:104B8C00E77AB7EEC00BF4EECB7AF1EE10FAEDD477
:104B9C0006ED010A0135BD4210D007EE905AB0EE79
:104BAC00490BB8EEE77BA7EE0A0B30EE000B20EEBC
:104BBC00080BB7EEC00B20F07BFCCFE7BDEC088BED
:104BCC00F8BD00BFAFF30080182D4454FB21094001
:104BDC00000000000000703F807A0020C03A0120E5
:104BEC002EBDBB332DE9F84FC14BB0EE000B0D467B
:104BFC0004462DED0A8B93F8009007EE909AB8EED0
:104C0C0067CBB0EE4C1B20F05FF9BA4BB2EE086BE1
:104C1C0093F80080B0EE40ABB74BB0EE000B93EDC9
:104C2C00008A05EB080307EE103AB7EEC88AB8EE17
:104C3C00C77B87EE069BB0EE491B20F045F9AF4BC6
:104C4C001E68002E40F34C82AD4B0C27AD4A032C52
:104C5C0093F9003007FB0957A9F10209B0EE40BBEC
:104C6C00C3EBC303A7F124071344A74A1B5782FBCA
:104C7C0003124FEAE373C3EBA20349FA83F302D89E
:104C8C00A24A1257134403EB4303B2EE087BB0EE77
:104C9C00000B08EB8302A7EB830701EE102AB8EE9A
:104CAC00C11B81EE071B20F00FF94FF0E0234022CF
:104CBC00C3F8882128EE000B954B1B7807EE103AB1
:104CCC00944BB7EEC09BD3ED006AB8EEC77A924B0B
:104CDC00D3ED007AE7EE267AF5EEC07AF1EE10FA13
:104CEC004BD4DFED8E6AF4EEE67AF1EE10FA40F377
:104CFC0041838B4A8B4BD3618B4BD3ED006A8B4B2F
:104D0C00D3ED007AE7EE267AF5EEC07AF1EE10FAE2
:104D1C0000F1E2819FED817AF4EEC77AF1EE10FAA0
:104D2C0040F31883824A7F4BD36128EE0A8B814B68
:104D3C00814A53F82490B4EE006B804BD2ED007A8C
:104D4C00B3EE047A28EE068BD3ED006A28EE0B0B3B
:104D5C00B7EEC00BE6EE807AF4EEC77AF1EE10FAFD
:104D6C000FD49FED777AF4EEC77AF1EE10FA40F398
:104D7C001183744BDFF8F88106E0694B0022DA618D
:104D8C00BAE7714BDFF8EC81C9E906836F4B53F836
:104D9C0024206F4BD3ED007A69EE277AF5EEC07ABA
:104DAC00F1EE10FA00F195819FED5C7AF4EEC77A82
:104DBC00F1EE10FA0CDC9FED677A5A4967EE877AB0
:104DCC00FCEEE77A17EE903AC2ED097A8B4201D9E4
:104DDC00544B5362604B53F82420604BD3ED007A54
:104DEC0069EE277AF5EEC07AF1EE10FA00F16E81D9
:104DFC009FED4A7AF4EEC77AF1EE10FA0CDC9FEDD7
:104E0C00557A484967EE877AFCEEE77A17EE903AC6
:104E1C00C2ED097A8B4201D9424B5362504B53F885
:104E2C002420504BD3ED007A69EE277AF5EEC07A48
:104E3C00F1EE10FA00F147819FED387AF4EEC77A63
:104E4C00F1EE10FA0CDC9FED437A364967EE877A67
:104E5C00FCEEE77A17EE903AC2ED097A8B4201D953
:104E6C00304B536207EE907AB3EE085B3E4BB8EED4
:104E7C00E74B07EE906A53F82410F8EEE76A84EEDD
:104E8C00057BF5EEC06AF1EE10FAB7EEC77BF7EED4
:104E9C00007AB4EEE77A40F2A282F1EE10FA6FDDFE
:104EAC00324BDFED357A66EEA76AFDEEE67A17EE49
:104EBC00902A002A7ED072B6CE690B62B34200F003
:104ECC00B38286FAA3F0EFF300873F0140F17982B9
:104EDC00571C022F04D993FBF2F096FBF2F2801AC6
:104EEC00002800F07382486201230B7662B666E0FC
:104EFC008B7A0020DD7C01202488002094C80020BF
:104F0C00B77C01201C5D002067666666188A00204D
:104F1C00FC900020DC890020D88900200044AC469D
:104F2C00648F00200000FE7FD4890020D0890020EF
:104F3C00AC8D0020785D0020608800206488002003
:104F4C0000D08946008C3C4BDE571700EC5C0020EF
:104F5C00BC780020C637BE47FC5C0020C07800201F
:104F6C000C5D0020C4780020CC5C00200000FF7F8A
:104F7C0000BE6C50DF5717006666304200FEFF4ED5
:104F8C00FFEE007AB4EEE77AF1EE10FA00F125822A
:104F9C005FED077A66EEA76AFDEEE67A17EE902AC9
:104FAC005FED0A7A27EE277AFDEEC77A17EE903A74
:104FBC00002A80D172B60022CB610A7662B64FF01D
:104FCC00E0234022C34EC3F80821335D002B76D07A
:104FDC00C14F39784A19934271D0DFF86483DFF8F6
:104FEC00649398F800A099F800C0BAF10F0F1CD880
:104FFC00BA4A1B040CF1FF3C48F20800127803F487
:10500C00FE034FEA0C2C120643EA0A130CF4706CE4
:10501C0002F0FE42134343EA0C03184316F070FEF1
:10502C0099F800C098F800A03978AD48DFF81883DB
:10503C00AC4BD0F804E0D8F80020DFF81093A3FBB9
:10504C000232D9F800B0920C0BFB02F24368A3EBCE
:10505C000E039A42FAD8EDB20023BAF10F0F29448D
:10506C003355C9B21CD8A04B09040CF1FF3C49F2D2
:10507C0009001B7801F4FE014FEA0C2C1B060CF402
:10508C00706C03F0FE430B4343EA0A1343EA0C0330
:10509C00184316F035FE3B78D9F800B01D44E9B240
:1050AC008F48904B4568D8F80020A3FB0232920C35
:1050BC000BFB02F243685B1B9A42FBD83155BDECEB
:1050CC000A8BBDE8F88F00235362CBE600235362B2
:1050DC00A4E6002353627DE6844B0022DA6124E6C9
:1050EC00B0EE4C1BB0EE000B1FF0EEFEB0EE40AB82
:1050FC00B0EE491BB0EE000B1FF0E6FE28EE0AAB3B
:10510C004FF0E02240217A4BB4EE007BC2F88811BC
:10511C001B78784A2AEE07AB07EE103A764BD2EDA5
:10512C00006AB8EEC77AD3ED007AE7EE267A2AEE5B
:10513C0000ABF5EEC07AB7EECAABF1EE10FA00F1A7
:10514C003C81DFED6E6AF4EEE67AF1EE10FA40F394
:10515C007F816B4A6B4BD3616B4A6C4BD2ED006A0F
:10516C00D3ED007AE7EE267AF5EEC07AF1EE10FA7E
:10517C0000F13D819FED617AF4EEC77AF1EE10FA01
:10518C0040F35681594A5F4BD3616149F3EE047A7F
:10519C00604A91ED007A92ED000A5F4BA7EE0A0A85
:1051AC0053F82470B4EEE70AF1EE10FA00F11C810A
:1051BC00DFED5A7AB4EEE70AF1EE10FA00F35881FB
:1051CC00DFED577A20EE270AF0EE407AFEEEE07A19
:1051DC0017EE906A20F06CF9F0EE407AFEEEE07A71
:1051EC0017EE903A4F49504AD1ED007A52F82420EC
:1051FC006AEE277ABE61FB61F5EEC07AF1EE10FA29
:10520C0000F1FF809FED3D7AF4EEC77AF1EE10FAD3
:10521C000CDC9FED4F7A3B4967EE877AFCEEE77A20
:10522C0017EE903AC2ED097A8B4201D9354B536295
:10523C003E4A3F4BD2ED007A53F824206AEE277A8F
:10524C00F5EEC07AF1EE10FA00F1D8809FED2B7AD2
:10525C00F4EEC77AF1EE10FA0CDC9FED3D7A294999
:10526C0067EE877AFCEEE77A17EE903AC2ED097A90
:10527C008B4201D9234B53622E4A2F4BD2ED007A2D
:10528C0053F824206AEE277AF5EEC07AF1EE10FA84
:10529C0000F1B1809FED197AF4EEC77AF1EE10FAB5
:1052AC000CDC9FED2B7A174967EE877AFCEEE77AD8
:1052BC0017EE903AC2ED097A8B4201D9114B536229
:1052CC001E4B53F8243072B60022DA611A7662B69D
:1052DC0075E600BFCC890020C87C01208F7A0020A5
:1052EC00001000E083DE1B43897A0020AC8D002087
:1052FC00FC900020DC890020D88900200044AC46BA
:10530C00648F00200000FE7FD4890020D08900200B
:10531C006488002060880020785D002000D08946D9
:10532C0093651538BC780020EC5C0020C078002018
:10533C00FC5C0020C47800200C5D0020CC5C0020BC
:10534C00B67C01208A7A00209452002058780020E4
:10535C00C637BE471FED027A484967EE877A484A3E
:10536C00FCEEE77A17EE903AC2ED077A8B423FF6E5
:10537C00DAACDAE4DFED436A404967EEA67A424ADA
:10538C00FCEEE77A17EE903AC2ED077A8B423FF6C5
:10539C00B1ACB1E49FED3D7A27EE870AF0EE407A8E
:1053AC00FEEEE07A17EE908A20F082F8F0EE407A6A
:1053BC00FEEEE07A17EE903AE6E4334B0022DA6127
:1053CC00CAE690FBF2F000287FF48DADB342CCBF5F
:1053DC0001234FF0FF334B6286E52D4B61E5F1EE77
:1053EC0010FA11DD2B4BE5E52B4B2C4EFAE6244B3A
:1053FC000022DA61C9E60023536261E7002353629D
:10540C003AE70023536213E7FFEE007AB4EEE77A33
:10541C00F1EE10FA2FD4DFED227A27EE277AFDEE8B
:10542C00C77A17EE903AC5E500230B7662B6C6E54F
:10543C009FED147A114967EE877A114AFCEEE77AF0
:10544C0017EE903AC2ED077A8B423FF69CAE9CE683
:10545C00DFED0C6A094967EEA67A0B4AFCEEE77A97
:10546C0017EE903AC2ED077A8B423FF673AE73E6B5
:10547C000C4B0D4EB6E6064B9CE500BF0000FE7FC4
:10548C00AC8D0020C637BE47648F0020936515385D
:10549C00000001800000FF7FDE571700DF57170068
:1054AC0000FEFF4E008C3C4B00BE6C502DE9F843C7
:1054BC000446484E0846484D13F0C6FB315DE0B239
:1054CC00DFF84491FFF78EFB444B53F824000AF0AD
:1054DC00D7FC434B53F824000AF0D2FC414B53F851
:1054EC0024000AF0CDFC404B53F824000AF0C8FC11
:1054FC002B5D002B3ED13D4FDFF8108199F8001049
:10550C00DFF80C91325D0F2999F800301A44D2B2B1
:10551C001BD81304364A49F20900127803F4FE032F
:10552C00120643EA011302F0FE421343314A127889
:10553C00013A120202F470621343184316F0E0FBB6
:10554C00325D99F800301A44D2B22B482B4B466886
:10555C003968D8F800C0A3FB0131890C0CFB01F1B0
:10556C0043689B1B9942FBD8254B01212A55197086
:10557C00BDE8F88399F800200F2A16D81B0448F2CE
:10558C00080003F4FE0343EA02131E4A12781206C3
:10559C0002F0FE421343174A1278013A120202F447
:1055AC0070621343184316F0ABFB13490F4F134BA8
:1055BC0048683A68DFF85480A3FB0232D8F8003010
:1055CC00920C03FB02F24B681B1A9A42FBD8002385
:1055DC002B5593E7F4900020CC890020585D0020D7
:1055EC00485D0020AC5C0020BC5C00209452002084
:1055FC00897A00208A7A0020001000E083DE1B43A9
:10560C00C97C01208F7A0020B67C012058780020BC
:10561C00C87C012001490020FFF748BF9C7800207E
:10562C0001490120FFF742BFA47800200149022064
:10563C00FFF73CBFAC78002001490320FFF736BFD1
:10564C00B47800202DE9F0435C4B8FB05C4E1B7896
:10565C003578B5FBF3F403FB145414F0FF0407D1B5
:10566C00584A594B92E803009980090C18609971BB
:10567C00564F40F20323032201A938780DF1070C91
:10568C000193B0FBF2F302FB1303DBB253B18C4575
:10569C0011D011F8012FB0FBF2F302FB1303DBB2B4
:1056AC00002BF4D1B5FBF2F302FB1353DBB2B3FACC
:1056BC0083F35B0900E00123002C4FF00C000CBFBE
:1056CC00EB210F2103FB01F114F0B8FD404BFF213E
:1056DC0018681971A0B13F4B3F4A03441B11D154B8
:1056EC005378117890788B4228BF0B46D1783B4A7F
:1056FC00834228BF03468B4228BF0B4682F87A3080
:10570C00374B08A9374A32480293089313F01AFA18
:10571C00089B0AA8DB689847029B04A8DB6898479B
:10572C00314A1378002B37D0304B31491B688B42F0
:10573C0009D803EB4303DB00013B102B03D92D49A4
:10574C00096801B10B6000232B49062413703378D0
:10575C002A4D11F8039049FA04F3DA070DD5032CFE
:10576C00A0462978C8BFA4F103085FFA88F0FFF7B8
:10577C0039FA29784046FEF749FF013C013D631C8C
:10578C00E9D133783A780133B3FBF2F102FB1133F0
:10579C0033700FB0BDE8F083194B15491B688B4271
:1057AC0009D803EB4303DB00013B102B03D9114950
:1057BC00096801B10B600123C6E700BFA57A002080
:1057CC00D17C0120F4900020D0DF0020A67A0020AC
:1057DC003078002000BFF7BF7C56002000E400E0CA
:1057EC003C320020FF3D4900927A0020FCDF002073
:1057FC00AAAAAA0AD8780020D8DF0020D6DF002079
:10580C002CCA0020000000006D4BB0EE000B70B5F0
:10581C002DED088B1B7805460E46B2EE08BB01EE4B
:10582C00103AB5EE00ABB8EE411B1FF04DFB654BCB
:10583C00654AB0EE409B1C78B0EE000B92ED008AEE
:10584C003444B7EEC88A07EE904AB8EEE71B81EEF7
:10585C000B1B1FF039FB5D4BA3FB042328EE099BAC
:10586C00DB0803EB4303B0EE407BB0EE000BA4EB84
:10587C008304574B29EE0A9B93F900301C4429EE04
:10588C00079B07EE904AB8EEE71B81EE0B1B1FF04F
:10589C001BFB4FF0E0234022B7EEC99BC3F88821D5
:1058AC004C4B9FED457BB5EEC09A53F8253028EE56
:1058BC00078BF1EE10FA28EE0A8B28EE008BB7EE70
:1058CC00C88B75D4DFED447AB4EEE79AF1EE10FA9A
:1058DC004ADD424A5A62B5EEC08A414B53F8252044
:1058EC00F1EE10FA61D4DFED3C7AB4EEE78AF1EE1A
:1058FC0010FA2BDD394BD3613A49F3EE047A3A4A6C
:10590C0091ED000A92ED007AB8EEC00A374B53F8CD
:10591C002550A7EE090AB4EEE70AF1EE10FA09D405
:10592C00DFED337AB4EEE70AF1EE10FA2ADD314BF3
:10593C00314C01E0314B324C4FF0E0224021BDECB8
:10594C00088BC5E90643C2F8081170BDDFED2D7A4E
:10595C00224928EE278AFCEEC87A17EE903AC2ED5F
:10596C00077A8B42C6D8C7E7DFED267A1B4969EE6A
:10597C00277AFCEEE77A17EE902AC3ED097A8A4271
:10598C00A7D8A8E7DFED207A20EE270AF0EE407AC0
:10599C00FEEEE07A17EE904A1FF08AFDF0EE407AA8
:1059AC00FEEEE07A17EE903AC6E70023D361A3E748
:1059BC0000225A628FE700BF000000000000504038
:1059CC00967A0020DD7C012024880020ABAAAAAAAC
:1059DC00DA7C0120F87900200044AC460000FE7F00
:1059EC00C879002008E100200CE100205C7900203F
:1059FC0000D08946008C3C4B00BE6C50DE57170023
:105A0C00DF571700C637BE479365153830B54F4C76
:105A1C004F4B14F900E0A0F10C049B56012C05D956
:105A2C0005288CBF00240124002C41D0BEF1000FAE
:105A3C0013DD0EF1FF3C4748CCEBCC0C86446044A4
:105A4C00E64405E0624501D101335BB2864504D0E2
:105A5C0010F901CBBCF1FF3FF4D1062A52D94FF01B
:105A6C00000C3D484FEAE37E614580FB0340CEEBE2
:105A7C00600E3A480EEB4E0EA3EB8E0303F10C03B3
:105A8C005BB2A0FB03404FEAD00000EB4000A3EB5D
:105A9C00800303EB8E03DBB201DD0C33DBB258B2B7
:105AAC0029B9052A03D0002801DC0C3358B230BDCB
:105ABC00A0F10E0C5FFA8CF5042D27D9851F0E2D45
:105ACC00CBD8A4460725264C132808BF002A05FB73
:105ADC000E440CBF01200020083CF4450CF1010CD5
:105AEC000CDA14F9015FB5F1FF3F07D018B9AA42DF
:105AFC0001D1013B5BB2BCF1070FEED10028ACD059
:105B0C00023B5BB2174810F902C0AAE716480624FC
:105B1C000519A24201D101335BB2854204D010F9C0
:105B2C00014FB4F1FF3FF4D11048CCEBCC0CC41DA9
:105B3C006044A44410F9014B651C8ED0A24201D1E3
:105B4C0001335BB28445F5D187E700BF682500209F
:105B5C00EC2400202C250020ABAAAA2AABAAAAAAC6
:105B6C00F4240020AC21002056250020F82A002027
:105B7C002DE9F04100F1FF3C00262A4F00F1030E05
:105B8C001CF8010FA7FB0023DB0803EB4303A0EB7E
:105B9C008300C0B2002E41D0751E4B1E002251FA5C
:105BAC0085F513F8014F844208BF0122AB42F8D1AE
:105BBC00A2B3F445E4D1012E24D94B1CA6F1020862
:105BCC000F46002053FA88F84FFA80FE17F8015F51
:105BDC00BEF1000F0FDB0EF101030B4403E05A7012
:105BEC00621CE64611D013F8012D0EF1FF3CAA42BF
:105BFC004FFA8CF4F3D88E44474500F101008EF82F
:105C0C000150E1D13046BDE8F081A646474500F190
:105C1C0001008E448EF80150D6D1F3E7731C8855E1
:105C2C00DEB2C6E7ABAAAAAA70B59B1A164C82B014
:105C3C00054684FB0324DB17144AC3EB6404144BA2
:105C4C0016781B7862B233430AD0124BA3FB0103C4
:105C5C00DB0803EB8303A1EB4301C9B2032903D98E
:105C6C000D4B5A5502B070BD0C4B01A91868FFF7CB
:105C7C007FFF18B12E44B6FBF0F0C0B22044064BA7
:105C8C0042B25A5502B070BDABAAAA2AB57C01200B
:105C9C00B87C0120CDCCCCCC188A00209C5D002097
:105CAC00134B1B78013B032B1FD8DFE803F0150FB8
:105CBC000802B8B1032814BF00200C20704710F064
:105CCC00FD0F14BF00206FF00B007047012814BFAC
:105CDC0000206FF00B007047022814BF00206FF0FB
:105CEC000B0070476FF00B0070470020704700BF2F
:105CFC00B87C01202DE9F0411F46324B06469DF839
:105D0C0018801B7813B93046BDE8F0812E4B154630
:105D1C00A3FB023C4FEADC0C0CEB8C0CA2EB4C0C06
:105D2C0041EA0C0C5FFA8CFCBCF1030FEBD8084673
:105D3C00FFF7B6FF0028E6D006EB000405DB602C6D
:105D4C00E1DCE6B23046BDE8F0810B2CDBDD002F48
:105D5C00F7D0B8F1000F07D01C4B4FF6FF781B782B
:105D6C00002B08BF4FF00108194B1A78194B197802
:105D7C00194B1878FFF74AFE134B22B2A3FB0535DB
:105D8C00ED0805EB450508EB850303441BB2934274
:105D9C00D7DD124DD017D91785FB02C7C0EB6700B2
:105DAC0085FB0375C1EB650100EB400001EB410184
:105DBC00A2EB8002A3EB810312B21BB29A42A2D1D6
:105DCC00BFE700BFB87C0120CDCCCCCCBF7C012080
:105DDC00D77C0120B47C0120C57C0120ABAAAA2A67
:105DEC001C4A1D4B30B5157883B01B782B430CD057
:105DFC001A4B0C46A3FB0023DB0803EB8303A0EB3D
:105E0C0043030B43DBB2032B0DD9144B144AA3FBF6
:105E1C0000131268DB0803EB8303A0EB4300C0B252
:105E2C00105C03B030BD0E4B01A91868FFF7A0FE43
:105E3C000028F6D0254402AAEDB2B5FBF0F300FB26
:105E4C00135503EB430352FA85F515F8040C00EBDC
:105E5C008300E6E7B57C0120B87C0120CDCCCCCC0E
:105E6C009C5D00202DE9F041574C84B0574B0F46F8
:105E7C0094F900500446C5EBC500154603441E5D5D
:105E8C0069B1534BA3FB0638524B4FEAD8081A782A
:105E9C0008EB8803A6EB4303DBB29A425BD04E4B74
:105EAC004FF00C081B78002B3BD04C4B07EE905A54
:105EBC001A78B8EEE76B4A4B19784A4B1878FFF70B
:105ECC00A5FD434B2146A3FB0623DB0808FB03037C
:105EDC0007EE103AB8EEC77B37EE467B3046FFF73D
:105EEC007FFF06EE900A3B460095B8EEE66B324615
:105EFC00214636EE077BFCEEC77BCDED037A9DF891
:105F0C000C703846FFF7F6FE032C054605D8034601
:105F1C003A4631462046FFF787FE284604B0BDE8D6
:105F2C00F0812E4B07EE905A1A78B8EEE76B2C4B9B
:105F3C0019782C4B1878FFF769FD254B2146A3FBEC
:105F4C000623DB0808FB030307EE103AB8EEC77B09
:105F5C0037EE067BC2E7204B234A1B782049CBB98E
:105F6C00204B0C24127807EE905A09781878B8EE6A
:105F7C00E77BFFF74BFD04FB080006EE900AB8EE3A
:105F8C00E66B36EE077BFCEEC77BCDED037A9DF816
:105F9C000C50C2E7134B0C24127807EE905A097878
:105FAC001878B8EEE77BFFF731FD04FB080006EE2E
:105FBC00900AB8EEE66B36EE477BFCEEC77BCDED78
:105FCC00037A9DF80C50A8E7B77C01201C5D0020DB
:105FDC00CDCCCCCCCB7C0120BF7C0120C07C012063
:105FEC00B47C0120C57C0120D77C0120F8B5184D6C
:105FFC000024184F184EE0B201343A783178FFF78C
:10600C0031FF072C05F8010FF5D11421134816F0B8
:10601C00C5FC134812F0DCFE124B1B787BB9124BFB
:10602C001B7863B9114B1C784CB9114DE0B201349B
:10603C0015F8011BFEF7D6FD042CF7D1F8BD0C4A60
:10604C000C4B92E803000A0C186099809A71F8BD09
:10605C00FB900020D57C0120D67C01203C24002024
:10606C0098520020D27C0120DE7C0120A47A0020F2
:10607C00FC900020F49000200023104A30B5194603
:10608C000F4DB2F800E01C464EFA03F25FFA83FCA7
:10609C00481C013312F0010F03D005F801C0012494
:1060AC00C1B20C2BF0D1074B14B1197001B130BD3A
:1060BC0003490020012208701A7030BD847A002038
:1060CC00A05F0020937A00202D4B984237D02D4BA7
:1060DC00984236D02C4B984235D02C4B984234D029
:1060EC002B4B984229D02B4B984230D02A4B9842BC
:1060FC0031D02A4B984230D0294B98422FD0294B83
:10610C0098422ED0284B98422DD0284B98422CD018
:10611C00274B98421DD0274B984228D0264B9842AB
:10612C0027D0264B984226D0254B984225D0254B7C
:10613C00984214BF12201120704704207047002091
:10614C0070470120704702207047032070470520DC
:10615C0070470C20704706207047072070470820B6
:10616C007047092070470A2070470B2070470D209C
:10617C0070470E2070470F2070471020704700BFEB
:10618C00487800206C780020E078002038780020D7
:10619C005C780020C07700202C5C00204078002028
:1061AC0064780020C8770020D0770020287A00205F
:1061BC00307A0020E8780020507800207478002095
:1061CC00245C0020F4780020431E102B39D8DFE823
:1061DC0003F02E330D120C0C0C0C0C252916090D8A
:1061EC0020381B00002918BF1020704700290CBF55
:1061FC000C2001207047002908BF0B207047002994
:10620C000CBF0A200F20704700290CBF0C20002067
:10621C00704700290CBF0B2002207047C1F11201FE
:10622C00C8B2704700290CBF0D200F207047002901
:10623C0014BF02200E20704700290CBF0D20032034
:10624C00704700290CBF0A2000207047A74BF0B5FF
:10625C001E7883B00546731EDCB2062C26D8A44BE0
:10626C00053EA4491B5D022EB0FBF3F203FB1200AA
:10627C00A14BD2B21B78C0B2CB5C0CD99F49013276
:10628C0001EBC40102EB4202095C01EB820298189B
:10629C00C0B203B0F0BD09339949A1FB0351C90841
:1062AC0001EB4101A3EB8101CBB2E7E70A2E00F031
:1062BC0081800B2E174600F09780A6F10803012B66
:1062CC0047D9904B904A93F9003003EB430302EB10
:1062DC0083031D5C002900F0AE808C4E8C4BA6FB1A
:1062EC0005261B78F60806EB8604A5EB4404E4B2FD
:1062FC00A34200F0D880874B874A1B78002B40F0D4
:10630C00A880864B0C26127807EE907A19787A4B77
:10631C00B8EEE75B1878FFF779FB814B1B681B5DC8
:10632C0006EE103A794BA3FB0553B8EEC66BDB08AF
:10633C0006FB030307EE103AB8EEC77B37EE057B7E
:10634C0037EE067BFCEEC77BCDED017A9DF80400A1
:10635C009FE7002940F0A5806F4A704B127819789E
:10636C00654B1878FFF752FBC4B237B1694B1B78F9
:10637C00002B00F0B880013CE4B2A6F10901684B97
:10638C00B1FA81F11868FFF79FFE4909FFF71CFF6E
:10639C00644B1B5CB5FBF3F203FB125302EB4202A2
:1063AC0004EB8204604ADBB202EBC002D35CE0185F
:1063BC00C0B26EE75D49504B09784E4A1B785C4879
:1063CC00D35CB5FBF1F201FB1251032A03F10C0370
:1063DC00C9B228BF0322415C02EB4202581800EB01
:1063EC008200C0B203B0F0BD002930D0514A424BFC
:1063FC004A49127809781878FFF708FBC0B227B31E
:10640C00444B1B78002B14BFFF220122474B484CF6
:10641C001978B5FBF1F301FB1351032BC9B228BF5B
:10642C000323615C03EB430301EB83030344D018A8
:10643C00C0B203B0F0BD354CA4FB0534E40804EB4A
:10644C008404A5EB4404E4B255E73A46DEE7324A4D
:10645C00CDE7324B0C26127807EE907A1978264B42
:10646C00B8EEE77B1878FFF7D1FA2D4B1B681B5D54
:10647C0005EE103A254BA3FB0535B8EEC55BED08D0
:10648C0006FB050006EE900AB8EEE66B36EE477B8F
:10649C0037EE057BFCEEC77BCDED017A9DF8040051
:1064AC00F7E6244A59E71B4B224A1B781B49002B61
:1064BC0042D1114B0C24127807EE907A1878097897
:1064CC00B8EEE76BFFF7A2FA04FB060307EE103AEF
:1064DC00B8EEC77B37EE067BFCEEC77BCDED017AC1
:1064EC009DF80400D5E60134E4B246E7D47C0120E3
:1064FC00602500201C2B0020C57C0120D425002009
:10650C00ABAAAAAAC17C0120D8770020CDCCCCCCD8
:10651C00CB7C0120BF7C0120C07C0120B47C0120FD
:10652C009C5D0020342B0020482B0020937A002007
:10653C00A05F0020D77C01200C4B0C24127807EEB6
:10654C00907A18780978B8EEE76BFFF75FFA04FBDE
:10655C00060307EE103AB8EEC77B37EE467BFCEE2F
:10656C00C77BCDED017A9DF8040092E6C57C012035
:10657C002DE9F04F514D83B0514F0024DFF870914D
:10658C00DFF870A1DFF870B14E4E0EE04046FFF719
:10659C005DFE9BF8002028700AB13A789AB9013454
:1065AC00013501370C2C00F08680474B5FFA84F8DC
:1065BC009AF8000099F800101A780028E6D008F133
:1065CC001800C0B2E5E7414B19780F2916D8120410
:1065DC0048F2080002F4FE0242EA01123C49097832
:1065EC00090601F0FE410A433A49097801390902CA
:1065FC0001F470610A43104315F082FB15F088FB1F
:10660C00354A73681068354A3549A2FB00200A6880
:10661C00800C02FB00F07268D21A9042FBD82B4B14
:10662C0093F800C02F4BBCF10F0F01931AD82A78A6
:10663C0093F800E02C48724400781204000602F42F
:10664C00FE0200F0FE4042EA0C12024321480078A0
:10665C000138000200F47060024349F20900104353
:10666C0015F04EFB15F054FB1D491B4B0A68706866
:10667C0019681A4BA3FB01C1890C02FB01F1736869
:10668C001B1A9942FBD8019B2A7819780A443A7054
:10669C00164A52F8240009F031FC00283FF47FAF71
:1066AC000134297840460135FFF7AEF80C2C07F180
:1066BC0001077FF47AAF03B0BDE8F08F049100209E
:1066CC00E8C90020001000E0D57C0120977A00205A
:1066DC009B7A0020957A00209452002083DE1B4385
:1066EC0058780020C87C0120947A0020FC78002087
:1066FC00D67C0120B97C0120B37C01200000000075
:10670C0002382DE9F0470C46FD2800F23981DFE80C
:10671C0010F0C30F4E0FB00EA80E310CF50B370155
:10672C003701F00BE70B440F3B0F490FE00C360F12
:10673C002D0F37013701A10A9A0A63105F106A10F6
:10674C004B0D29100310C00B080B55104E10880C64
:10675C00810C9D10290FE309C309830D7F0DD41102
:10676C00AB11691242121B12F4111918F217C71748
:10677C007B0D6C0DF616D612AF128E1965193E19DB
:10678C00B3138612C00DA30DFE00E30B430E210EB6
:10679C00BE0CA00CFF0D7C0A5D0A390A0A0F290DEC
:1067AC000B0DE90CE60E6118B80EDB0AB30A840E69
:1067BC00600E5D0C390C9F09FB08BA08A9080E077E
:1067CC00E60677061506C206AB06F805DA05B80527
:1067DC0094058D05271394136B1397147014FD12E5
:1067EC00890582057B0575053701370137013701AE
:1067FC0037013701370137013701370137015A1497
:10680C006D15551566053114C215B20715195716B5
:10681C00A30796157F075B076D084908A3069B061F
:10682C0007162D150515BE142F16DA15A00891089C
:10683C0092186F169F1777174E172617EA185807D6
:10684C003B07D007B5199E1AC1070B08B716BB1A20
:10685C00D40457053505C218761A501A271AFF1991
:10686C00D810B6042B1103110914DE13A1108904DE
:10687C000905E2043B041804F503D203AF03B81A6C
:10688C006F035E0339033603330308030503480221
:10689C002102E202BF02FE01DB015311D8013701D4
:1068AC00370137013701370137013701370137011C
:1068BC00370137013701370137013701370137010C
:1068CC00370137013701D501D201CF01CC01C90104
:1068DC00C601C301C001BD01BA01B701B401B101C8
:1068EC00AE01AB01A8018B0137013701370137012C
:1068FC0037013701370137013701370137013701CC
:10690C00370137013701370137013701390107EEFC
:10691C00901A9FEDBB5BB8EEE74B9FEDBB7B84EE13
:10692C00056B36EE077BB7EEC77BB5EEC07AF1EEA2
:10693C0010FA03F1F883F7EE007AB4EEE77AF1EE91
:10694C0010FA43F310854FF48033B7EE007BB84A4E
:10695C00FFEE005A536237EE467BB7EEC77BB4EEC0
:10696C00E57AF1EE10FA03F1DB83F7EE007AB4EE80
:10697C00E77AF1EE10FA43F3EB8447F6FF73938654
:10698C00BDE8F08707EE901AB2EE045BB8EEE74B69
:10699C009FED9F6B84EE057BB4EEC67BF1EE10FA97
:1069AC0003F182829FED9C6BB4EEC67BF1EE10FA84
:1069BC0003F3F784B7EEC77B9FED994BB7EEC73A5D
:1069CC009FED995B83EE046B26EE056BB7EEC66B01
:1069DC00984B0120984C994A83ED007A984912689B
:1069EC00984B84ED006A0024974D984E08701A60FD
:1069FC0055F8040B09F07CFA002843F09E81013411
:106A0C00042CF5D1924D0024924E02E001340C2C52
:106A1C00B6D055F8040B09F06BFA0028F6D0315DAE
:106A2C00E0B2FEF7F1FEF1E78B4B0025894E1980A1
:106A3C00FFF722FB89498A4A8A4B91F80080177824
:106A4C001C7807E04146FFF701FC013506F8010B05
:106A5C000C2D95D03A46E8B2002CF3D01830C0B2C9
:106A6C00F3E7814BD9738BE77F4B997388E77E4BA8
:106A7C00597385E77C4B197382E77B4BD9727FE79F
:106A8C00794B99727CE7784B597279E7764B19728E
:106A9C0076E7754BD97173E7734B997170E7724B4D
:106AAC0059716DE7704B19716AE76F4BD97067E7D5
:106ABC006D4B997064E76C4B597061E76A4B1970B8
:106ACC005EE76A4B19605BE707EE901ADFED6F5AD1
:106ADC00B8EEE77B9FED4A4B87EE046BB7EEC66BC7
:106AEC00B4EEE56AF1EE10FA03F32582DFED607A7D
:106AFC00B4EEE76AF1EE10FA03F1B084F0EE467AE8
:106B0C00FEEEC87A17EE903A5A4A936138E707EED0
:106B1C00901ADFED5E6AB8EEE74B9FED395B84EEC1
:106B2C00057BB7EEC77BB4EEE67AF1EE10FA03F311
:106B3C000982DFED4F7AB4EEE77AF1EE10FA03F149
:106B4C009484F0EE477AFEEEC87A17EE903A4A4AF1
:106B5C00136215E707EE901ADFED486AB8EEE74BC3
:106B6C009FED275B84EE057BB7EEC77BB4EEE67A30
:106B7C00F1EE10FA03F1EC81F1EE047AB4EEE77A5F
:106B8C00F1EE10FA03F35E84F7EE006AC6EE877A34
:106B9C00B0EE677ABEEEC17A17EE103A384A5362FD
:106BAC00EEE607EE901AB3EE047AF8EEE77AF4EE1E
:106BBC00C77AF1EE10FA03F1C1819FED327AF4EE4F
:106BCC00C77AF1EE10FA03F34C849FED2F7A67EE3F
:106BDC00877AB0EE677AB0EE670ABEEEE07A17EE0F
:106BEC00104A1EF065FCF0EE407AFEEEE07A17EEED
:106BFC00902A234BC3E90642C2E600BFAFF30080E4
:106C0C0000000000000059407B14AE47E17A843F3D
:106C1C000000000000007B400000000000E07B4012
:106C2C000000000000807B4052B81E85EB5960408C
:106C3C0078E40020205C00202488002090E80020CC
:106C4C00C77C0120F4CA0020AC5C0020FC90002022
:106C5C00FC78002004910020847A0020D67C01204E
:106C6C00D57C0120B97C0120D8DF002094C80020FD
:106C7C0000FEFFC6788A00200C8D00203333333F92
:106C8C00D08C002000D089469365153800FEFF4655
:106C9C0007EE901A5FED036AB8EEE74B9FEDCC5B05
:106CAC0084EE057BB7EEC77BB4EEE67AF1EE10FA14
:106CBC0003F35181DFEDC87AB4EEE77AF1EE10FA06
:106CCC0003F1C383F0EE477AFEEEC87A17EE903AE2
:106CDC00C24AD36154E607EE901ADFEDC16AB8EEF2
:106CEC00E74B9FEDBB5B84EE057BB7EEC77BB4EE49
:106CFC00E67AF1EE10FA03F32881DFEDB77AB4EE01
:106D0C00E77AF1EE10FA03F19A83F0EE477AFEEE91
:106D1C00C87A17EE903AB14A936131E6B14B1980BB
:106D2C002EE607EE901AB04BDFEDB05AB8EEE74BFB
:106D3C009FEDAF5AAF49B04A9FEDA57B84EE076B30
:106D4C0093ED007AAD4B37EE077AC5EE077AB7EEC6
:106D5C00C66B66EE255A81ED006AC5EE876ABCEEFD
:106D6C00E67AF8EE476A82ED007A77EEE67AFCEE88
:106D7C00E77AC3ED007A03E6A14B197000E6A14B4C
:106D8C001970FDE507EE901A9A4BDFED985AF8EE64
:106D9C00E77AD3ED006A9FED967A66EEA56A924982
:106DAC0037EEA76A944AC1ED007A944BC7EE067A87
:106DBC0086EE867ABCEEC77AF8EE476A82ED007AE8
:106DCC0077EEE67AFCEEE77AC3ED007AD8E507EECB
:106DDC00901A8D4BF8EEE77AC3ED007AFDF7ACFE16
:106DEC0040F2011289498A48BDE8F04709F01AB906
:106DFC0007EE901ADFED7A5AB8EEE73BB7EE007B60
:106E0C009FED734B83EE046B37EE467BB7EEC77B7F
:106E1C00B4EEE57AF1EE10FA03F3A380DFED6E7AAF
:106E2C00B4EEE77AF1EE10FA03F1DF82F0EE477A76
:106E3C00FEEEC87A17EE903AB7EEC66BDFED687AC5
:106E4C00744AB4EEE76A9361F1EE10FA03F38680AC
:106E5C00DFED617AB4EEE76AF1EE10FA03F1F88235
:106E6C00F0EE467AFEEEC87A17EE903AD36187E5DB
:106E7C0007EE901ADFED5A6AB8EEE74B9FED545BC4
:106E8C0084EE057BB7EEC77BB4EEE67AF1EE10FA32
:106E9C0003F34B80DFED507AB4EEE77AF1EE10FAA3
:106EAC0003F1BD82F0EE477AFEEEC87A17EE903A07
:106EBC00594AD36164E507EE901ADFED496AB8EEE2
:106ECC00E74B9FED435B84EE057BB7EEC77BB4EEDF
:106EDC00E67AF1EE10FA03F32B80DFED3F7AB4EE95
:106EEC00E77AF1EE10FA03F1B682F0EE477AFEEE95
:106EFC00C87A17EE903A484A936141E507EE901A2A
:106F0C00DFED376AB8EEE74B9FED315B84EE057B26
:106F1C00B7EEC77BB4EEE67AF1EE10FA03F32780F6
:106F2C00DFED2D7AB4EEE77AF1EE10FA03F163821D
:106F3C00F0EE477AFEEEC87A17EE903A374A536273
:106F4C001EE507EE901ADFED266AB8EEE74B9FEDD3
:106F5C00205B84EE057BB7EEC77BB4EEE67AF1EEF0
:106F6C0010FA03F30180DFED1C7AB4EEE77AF1EE50
:106F7C0010FA03F13D82F0EE477AFEEEC87A17EE76
:106F8C00903A264A1362FBE407EE901ADFED146A7E
:106F9C00B8EEE74B9FED0E5B84EE057BB7EEC77B3F
:106FAC00B4EEE67AF1EE10FA02F3E487DFED0A7A3A
:106FBC00B4EEE77AF1EE10FA03F12082F0EE477AA4
:106FCC00FEEEC87A17EE903A144AD361D8E400BFAB
:106FDC00000000000000594000FEFFC60C8D002090
:106FEC0000FEFF46867A0020D4780020C0E1644C75
:106FFC00C0E1E44CF07800202CCA0020FCDF00201B
:10700C00A57A0020A67A0020807A0020C03A0120C0
:10701C001C8A0020408A0020988A002028880020A2
:10702C006666304207EE901AB8EEE77AB5EEC07A93
:10703C00F1EE10FA02F16887F6EE007A5FED086A5D
:10704C00D54BD648E7EE267A017EFCEEE77A17EEB2
:10705C00902A9A4228BF1A46CC0702F17F034FEAC6
:10706C00D31303F1010342F15687046A944283F06F
:10707C005382C18B0262994238BFC38380E407EE0E
:10708C00901AB7EE005BF7EE006AB8EEE73B9FEDA7
:10709C00BE4B83EE047B37EE457BB7EEC77BB4EE7D
:1070AC00E67AF1EE10FA43F30E80BD4B72B6BD4A90
:1070BC000021D361117662B662E407EE901ABA4BE6
:1070CC00B8EEE75B9FEDB06B85EE067BB7EEC77B4A
:1070DC0083ED007A54E407EE901ADFEDB46AB8EE53
:1070EC00E74B9FEDA95B84EE057BB7EEC77BB4EE57
:1070FC00E67AF1EE10FA02F14787F1EE047AB4EE7B
:10710C00E77AF1EE10FA03F3E780F7EE006AC6EEC9
:10711C00877AB0EE677ABEEEC17A17EE103AA44ABF
:10712C0053622DE407EE901AB3EE047AF8EEE77A88
:10713C00F4EEC77AF1EE10FA02F11F879FED9D7AFB
:10714C00F4EEC77AF1EE10FA03F36C819FED9A7AA4
:10715C0067EE877AB0EE677AB0EE670ABEEEE07A39
:10716C0017EE104A1EF0A4F9F0EE407AFEEEE07A2B
:10717C0017EE902A8E4BC3E9064201E407EE901AF3
:10718C009FED815BB8EEE74B9FED816B84EE057B49
:10719C0037EE067BB7EEC77BB5EEC07AF1EE10FA90
:1071AC0002F11B87F7EE007AB4EEE77AF1EE10FAF3
:1071BC0043F3E7804FF48033804A5362FFF7E0BB20
:1071CC0007EE901A7E4BB8EEE75B9FED6F6B85EE8A
:1071DC00067BB7EEC77B83ED007AFFF7D1BB07EEDA
:1071EC00901A784BB8EEE75B9FED676B85EE067BEC
:1071FC00B7EEC77B83ED007AFFF7C2BB724BC1F1D0
:10720C0001041C70FFF7BCBB0129704BB8BF0124F3
:10721C001C70FFF7B5BB01296D4BB8BF01241C7066
:10722C00FFF7AEBB6B4B1970FFF7AABB0C1E6A4B7A
:10723C0018BF01241C70FFF7A3BB07EE901ADFEDFB
:10724C006F6AB8EEE74B9FED505B84EE057BB7EEB3
:10725C00C77BB4EEE67AF1EE10FA02F39286DFED1C
:10726C005F7AB4EEE77AF1EE10FA03F1DF80F0EE1C
:10727C00477AFEEEC87A17EE903A594A9361FFF7B7
:10728C007FBB07EE901A9FED406BB8EEE75B85EE87
:10729C00067BB7EEC77BB5EEC07AF1EE10FA02F1C1
:1072AC00A486DFED507AB4EEE77AF1EE10FA02F331
:1072BC009087F0EE477AFEEECA7A17EE903A4A4A79
:1072CC001362FFF75DBB07EE901A9FED2F6BB8EEC4
:1072DC00E75B85EE067BB7EEC77BB5EEC07AF1EEC9
:1072EC0010FA02F18586F7EE007AB4EEE77AF1EE49
:1072FC0010FA42F3F7874FF480333C4A5362FFF79E
:10730C003FBB07EE901A9FED206BB8EEE75B85EE66
:10731C00067BB7EEC77BB5EEC07AF1EE10FA02F140
:10732C005F86DFED337AB4EEE77AF1EE10FA42F3D2
:10733C002E872E4A2F4BD361FFF722BB07EE901AF4
:10734C00DFED2E6AB8EEE74B9FED0F5B84EE057B0D
:10735C00B7EEC77BB4EEE67AF1EE10FA02F31786BD
:10736C00DFED1E7AB4EEE77AF1EE10FA02F1B78790
:10737C00F0EE477AFEEEC87A17EE903A1E4AD361C9
:10738C00FFF7FEBAAFF30080000000000000594088
:10739C007B14AE47E17A843F00B1020010910020CB
:1073AC000000FF7F3C8F0020D88900203333333F0F
:1073BC004CC5002000D0894693651538648F002099
:1073CC00DC890020BC780020977A0020957A002078
:1073DC008A7A0020DA7C0120B97C012000FEFFC6ED
:1073EC0074E000202EFFDF40CCE0002010E10020F4
:1073FC000044AC460000FE7FA0E2002000FEFF46E9
:10740C0007EE901A5FED036AB8EEE74B9FEDCE5B8B
:10741C0084EE057BB7EEC77BB4EEE67AF1EE10FA9C
:10742C0002F3BE85DFEDCC7AB4EEE77AF1EE10FA1A
:10743C0002F17887F0EE477AFEEEC87A17EE903AB2
:10744C00C64A9361FFF79CBA4FF47A73C44A01FBA6
:10745C0003F31360FFF794BA4FF47A73C14A01FB3C
:10746C0003F31360FFF78CBABF4AC04813570021CF
:10747C000B2B0162438602F0A2840C2B02F0B58424
:10748C00A3F10902012A3FF67BAAC1693830BDE895
:10749C00F0470AF0CDB907EE901ADFEDC16AB8EEED
:1074AC00E74B9FEDA95B84EE057BB7EEC77BB4EE93
:1074BC00E67AF1EE10FA02F36D85DFEDA77AB4EE01
:1074CC00E77AF1EE10FA02F12087F0EE477AFEEE41
:1074DC00C87A17EE903AA14A1362FFF751BA07EE39
:1074EC00901ADFEDA36AB8EEE74B9FED975B84EE45
:1074FC00057BB7EEC77BB4EEE67AF1EE10FA02F13B
:10750C00D084F1EE047AB4EEE77AF1EE10FA02F3DD
:10751C007B87F7EE006AC6EE877AB0EE677ABEEE2E
:10752C00C17A17EE103A934A5362FFF729BA07EE65
:10753C00901AB3EE047AF8EEE77AF4EEC77AF1EE2D
:10754C0010FA02F133859FED8C7AF4EEC77AF1EEE6
:10755C0010FA02F3E0869FED897A67EE877AB0EE37
:10756C00677AB0EE670ABEEEE07A17EE104A1DF0AD
:10757C009FFFF0EE407AFEEEE07A17EE902A7D4BFC
:10758C00C3E90642FFF7FCB907EE901A9FED6E6B4C
:10759C00B8EEE75B85EE067BB7EEC77BB5EEC07A3F
:1075AC00F1EE10FA02F10985DFED757AB4EEE77AA7
:1075BC00F1EE10FA42F33E86724A734BD361FFF739
:1075CC00DFB9694A6F4851E707EE901ADFED746A2C
:1075DC00B8EEE74B9FED5C5B84EE057BB7EEC77BAB
:1075EC00B4EEE67AF1EE10FA02F35584DFED5A7A36
:1075FC00B4EEE77AF1EE10FA02F1F486F0EE477A87
:10760C00FEEEC87A17EE903A604AD361FFF7B8B92C
:10761C0007EE901ADFED626AB8EEE74B9FED4A5B1E
:10762C0084EE057BB7EEC77BB4EEE67AF1EE10FA8A
:10763C0002F3B384DFED487AB4EEE77AF1EE10FA98
:10764C0002F16686F0EE477AFEEEC87A17EE903AB3
:10765C004E4A9361FFF794B907EE901A4C4BB8EE73
:10766C00E75B9FED396B85EE067BB7EEC77B83ED51
:10767C00007AFFF785B907EE901A464BB8EEE75B38
:10768C009FED316B85EE067BB7EEC77B83ED007A01
:10769C00FFF776B907EE901A3F4BB8EEE75B9FED1C
:1076AC002A6B85EE067BB7EEC77B83ED007AFFF77E
:1076BC0067B907EE901A9FED245BB8EEE74B9FED90
:1076CC00247B84EE056B36EE077BB7EEC77BB5EEFD
:1076DC00C07AF1EE10FA02F17884F7EE007AB4EE8B
:1076EC00E77AF1EE10FA42F392864FF48033B7EE5C
:1076FC00007B244AFFEE005A536237EE467BB7EE0E
:10770C00C77BB4EEE57AF1EE10FA02F15B84F7EE8A
:10771C00007AB4EEE77AF1EE10FA42F3EB8547F615
:10772C00FF739386FFF72CB907EE901A1B4BB8EE3C
:10773C00E75B9FED056B85EE067BB7EEC77B83EDB4
:10774C00007AFFF71DB900BF00000000000059408F
:10775C007B14AE47E17A843F00FEFFC6A0E2002016
:10776C00CC7800202C780020747A002010E10020C6
:10777C003333333FCCE0002000D089469365153875
:10778C000044AC46D08A00200000FE7FE089002037
:10779C00C4780020C0780020D0890020D489002033
:1077AC0000FEFF4607EE901A5FED036AB8EEE74B5A
:1077BC009FEDCF5B84EE057BB7EEC77BB4EEE67A2C
:1077CC00F1EE10FA02F3EF83DFEDCB7AB4EEE77A49
:1077DC00F1EE10FA02F1A985F0EE477AFEEEC87AC6
:1077EC0017EE903AC54A5362FFF7CAB807EE901AE3
:1077FC00DFEDC36AB8EEE74B9FEDBD5B84EE057B16
:10780C00B7EEC77BB4EEE67AF1EE10FA02F3D28350
:10781C00DFEDB97AB4EEE77AF1EE10FA02F17F857A
:10782C00F0EE477AFEEEC87A17EE903AB34A13623E
:10783C00FFF7A6B807EE901AB24BB8EEE75B9FEDD8
:10784C00AC6B85EE067BB7EEC77B83ED007AFFF75A
:10785C0097B807EE901AAC4BF8EEE77AC3ED007AC6
:10786C00FFF78EB807EE901AA84BF8EEE77AC3ED47
:10787C00007AFDF761F940F20112A549A548BDE86F
:10788C00F04708F0CFBB07EE901ADFED9D5AB8EE2B
:10789C00E73BB7EE007B9FED964B83EE046B37EE28
:1078AC00467BB7EEC77BB4EEE57AF1EE10FA02F345
:1078BC001183DFED917AB4EEE77AF1EE10FA02F172
:1078CC00B885F0EE477AFEEEC87A17EE903AB7EE2E
:1078DC00C66BDFED8B7A904AB4EEE76A9361F1EEFA
:1078EC0010FA02F3F482DFED847AB4EEE76AF1EE7B
:1078FC0010FA02F16385F0EE467AFEEEC87A17EEC6
:10790C00903AD361FFF73CB807EE901ADFED7C6A32
:10791C00B8EEE74B9FED765B84EE057BB7EEC77B4D
:10792C00B4EEE67AF1EE10FA02F3B282DFED727A7F
:10793C00B4EEE77AF1EE10FA02F15185F0EE477AE7
:10794C00FEEEC87A17EE903A07EE904A734A7449E5
:10795C00B7EE006AF8EEE76A92ED005AB7EE007BDC
:10796C0091ED004A6F4926EE855AB7EEC44A8B61F9
:10797C009FED5F2BB7EEC55A85EE023B37EE437B8E
:10798C0027EE047BB7EEC77BB4EEC67AF1EE10FAA5
:10799C0042F37D83644B72B66449C8690B628342BF
:1079AC0002F0DF8580FAA3F4EFF300852F0142F19A
:1079BC007D855F4EDC17C51786FB03C7C4EBE72438
:1079CC0086FB0076C5EBE625641B002C02F05C847C
:1079DC004C6201230B7662B692ED006AB7EE007B27
:1079EC00F7EE005A66EE866A9FED413BB7EEE66A0B
:1079FC0086EE034B37EE447BB7EEC77BB4EEE57AED
:107A0C00F1EE10FA42F31F83474B72B6494AD16923
:107A1C0013628B4202F0A08581FAA3F0EFF300848D
:107A2C00260142F13785424880FB034580FB010467
:107A3C00D817C0EBE520CD17C5EBE424001B0028BC
:107A4C0002F0428450620123137662B6FEF798BFAF
:107A5C0007EE901ADFED2A6AB8EEE74B9FED245B38
:107A6C0084EE057BB7EEC77BB4EEE67AF1EE10FA46
:107A7C0002F32382DFED207AB4EEE77AF1EE10FA0E
:107A8C0002F17984F0EE477AFEEEC87A17EE903A5E
:107A9C00294AD361FEF774BF284B0025DFF8B88064
:107AAC00274F284E1970E8B201353A783178FEF735
:107ABC00D9F9072D08F8010FF5D1234D0024234ED9
:107ACC0055F8040B08F014FA002842F042810134F6
:107ADC00042CF5D1FEF754BF1A4819491C4A1D4B0A
:107AEC0007781C7000240E781578DFF8708042E05F
:107AFC00000000000000594000FEFFC6E089002095
:107B0C0000FEFF466488002060880020807A0020F8
:107B1C00C03A0120F8E700201CE80020D0780020B3
:107B2C00C878002044DF00200000FF7F30E40020F4
:107B3C00E5DBE27600E3002054E80020B57C012070
:107B4C00D57C0120D67C0120AC5C0020FC90002070
:107B5C00B97C0120D47C0120FB90002004910020F2
:107B6C00666630423946FEF771FB013408F8010BAA
:107B7C000C2C3EF405AF3246E0B2002DF2D018309A
:107B8C00C0B2F2E707EE901AF8EEE77AF5EEC07A9B
:107B9C00F1EE10FA02F1BB821FED0F7A4FF6FF7275
:107BAC0067EE877AFCEEE77A17EE903A0733DB083C
:107BBC00934228BF13469BB2D54A918ED386002997
:107BCC007EF4DEAE01239386FEF7DABE07EE901A42
:107BDC00F8EEE77AF5EEC07AF1EE10FA02F11B82BC
:107BEC009FEDCC7A4FF6FF71C94A67EE877AFCEEAF
:107BFC00E77A17EE903A0733DB08994228BF19460B
:107C0C009186002B7EF4BCAEDCE707EE901A9FED5C
:107C1C00BE6BB8EEE75B85EE067BB7EEC77BB5EEC9
:107C2C00C07AF1EE10FA02F17882F7EE007AB4EE37
:107C3C00E77AF1EE10FA42F383834FF08043B44AB3
:107C4C001363FEF79DBE0C1EB34B18BF01241C70B2
:107C5C00FEF796BEB14A07EE901AF7EE000AB04B4B
:107C6C00B8EEE70A92ED001ABDE8F04730EEC11A03
:107C7C0083ED000AFCF70CBC07EE901ADFEDA96A45
:107C8C00B8EEE74B9FEDA05B84EE057BB7EEC77BB0
:107C9C00B4EEE67AF1EE10FA02F13381F1EE047AE9
:107CAC00B4EEE77AF1EE10FA02F38B83F7EE006A8A
:107CBC00C6EE877AB0EE677ABEEEC17A17EE103A4E
:107CCC00994A5362FEF75CBE07EE901AB3EE047A43
:107CDC00F8EEE77AF4EEC77AF1EE10FA02F1F380DF
:107CEC009FED927AF4EEC77AF1EE10FA02F362830A
:107CFC009FED8F7A67EE877AB0EE677AB0EE670AFF
:107D0C00BEEEE07A17EE104A1DF0D2FBF0EE407A90
:107D1C00FEEEE07A17EE902A834BC3E90642FEF79B
:107D2C002FBE07EE901A834C834D5520B8EEE75BBF
:107D3C00B4F9AA109FED746B85EE067BB7EEC77B8A
:107D4C0085ED007AFEF7DCFCB4F9704107EE904A41
:107D5C00DFED7A6AB8EEE74B9FED6B5B84EE057B4B
:107D6C00B7EEC77BB4EEE67AF1EE10FA02F38D8033
:107D7C00DFED737AB4EEE77AF1EE10FA02F12C83B0
:107D8C00F0EE477AFEEEC87A17EE903A07EE904A7C
:107D9C006C4AB7EE006A6C49F8EEE76A92ED005A4D
:107DAC00B7EE007BCB6126EE855A9FED573BB7EEC5
:107DBC00C55A85EE034B37EE447BB7EEC77BB4EE6A
:107DCC00C67AF1EE10FA42F35081604B72B66049FC
:107DDC00C8690B62834202F0B58380FAA3F4EFF317
:107DEC000086360142F15C835A4FDC17C61787FBBD
:107DFC0003ECC4EBEC2487FB00C7C6EBE726A41B03
:107E0C00002C02F059824C6201230B7662B692ED83
:107E1C00006AB7EE007B95ED005AF7EE004A66EE6D
:107E2C00866AB7EEC55A9FED382BB7EEE66A86EE3A
:107E3C00023B37EE437B27EE057BB7EEC77BB4EEF8
:107E4C00E47AF1EE10FA42F38A81404B72B6424A60
:107E5C00D16913628B4202F0A98381FAA3F0EFF38C
:107E6C000084240142F104833A4880FB034580FBE3
:107E7C000104D817C0EBE520CD17C5EBE424001B9B
:107E8C00002802F0F98150620123137662B6FEF7E6
:107E9C0077BD07EE901A9FED1C6BB8EEE75B85EE95
:107EAC00067BB7EEC77BB5EEC07AF1EE10FA02F1A5
:107EBC00A580F7EE007AB4EEE77AF1EE10FA42F311
:107ECC008382DFED267A72B6254BC3ED0A7AC3EDB9
:107EDC00137A62B6FEF754BD224A2348FFF7C6BA9E
:107EEC0007EE901A2148B8EEE70ABDE8F0470FF00C
:107EFC00DDB81E48BDE8F0470FF0D6B81C4A0D4B54
:107F0C001268DA81FEF73CBD000000000000594009
:107F1C0044C2002066663042A47A002028CA0020A1
:107F2C00208800203333333F88C5002000D0894699
:107F3C0093651538A05D0020C878002000FEFF4630
:107F4C0000FEFFC6D078002044DF00200000FF7F39
:107F5C00648D0020E5DBE276888C00206666263F87
:107F6C0030CA0020747A002030E600207C89002082
:107F7C00707A0020CC480FF09DF8CB48BDE8F04754
:107F8C000FF046BA07EE901ADFEDC86AB8EEE74B71
:107F9C009FEDC35B84EE057BB7EEC77BB4EEE67A50
:107FAC00F1EE10FA01F39987DFEDC17AB4EEE77ABE
:107FBC00F1EE10FA02F14082F0EE477AFEEEC87A4A
:107FCC0017EE903ABB4A9361FEF7DABC07EE901AB3
:107FDC00DFEDB66AB8EEE74B9FEDB15B84EE057B47
:107FEC00B7EEC77BB4EEE67AF1EE10FA01F36287D6
:107FFC00DFEDAF7AB4EEE77AF1EE10FA02F1D78149
:10800C00F0EE477AFEEEC87A17EE903AAA4A53621F
:10801C00FEF7B6BC0C1EA94B18BF01241C70FEF752
:10802C00AFBC07EE901AF7EE000AA54AB8EEE75B74
:10803C00A44B92ED000A9FED9A6BBDE8F04785EEDC
:10804C00067BB7EEC77B30EEC71A83ED007AFCF7E0
:10805C001FBA07EE901AF8EEE77AF5EEC07AF1EE59
:10806C0010FA02F191809FEDA97A4FF6FF7267EE3C
:10807C00877AFCEEE77A17EE903A0733DB089342E7
:10808C0028BF13469BB2904A9385FEF779BC07EE46
:10809C00901AF8EEE77AF5EEC07AF1EE10FA02F1EA
:1080AC0039809FED9A7A4FF6FF71874A67EE877A8F
:1080BC00FCEEE77A17EE903A0733DB08994228BFBB
:1080CC0019465185002B7EF45BAC01235385FEF7DA
:1080DC0057BC07EE901A7448B8EEE70ABDE8F047B3
:1080EC000EF0DEBF07EE901AF8EEE77AF5EEC07AE6
:1080FC00F1EE10FA01F1DD879FED847A4FF6FF71F6
:10810C00724A67EE877AFCEEE77A17EE903A0733FD
:10811C00DB08994228BF1946D185002B7EF430AC80
:10812C000123D385FEF72CBC07EE901AF8EEE77A04
:10813C00F5EEC07AF1EE10FA01F15D879FED737ADE
:10814C004FF6FF7267EE877AFCEEE77A17EE903AFD
:10815C000733DB08934228BF13469BB25B4A9385D7
:10816C00FEF70EBC07EE901AF8EEE77AF5EEC07A41
:10817C00F1EE10FA01F1A4879FED647A4FF6FF71CE
:10818C00524A67EE877AFCEEE77A17EE903A07339D
:10819C00DB08994228BF19465185002B7EF4F0ABC1
:1081AC0001235385FEF7ECBB07EE901A9FED3C6B59
:1081BC00B8EEE75B85EE067BB7EEC77BF7EE007A91
:1081CC00B5EEC07AF1EE10FA08D4B4EEE77AF1EE1F
:1081DC0010FAD4BF77EEC77ADFED3D7A72B63D4B1D
:1081EC00C3ED1B7A62B6FEF7CBBB07EE901A3A4B87
:1081FC00B8EEE75B9FED2A6B85EE067BB7EEC77B8F
:10820C0083ED007AFEF7BCBB344B1960FEF7B8BBAC
:10821C00334B1970FEF7B4BB324B0025DFF8E88006
:10822C00314F324E1970E8B201353A783178FDF79A
:10823C0019FE072D08F8010FF5D12D4D00242D4EF8
:10824C0055F8040B07F054FE002841F07C850134EE
:10825C00042CF5D1FEF794BB07EE901A9FED106B32
:10826C00B8EEE75B85EE067BB7EEC77BB5EEC07A62
:10827C00F1EE10FA01F1C686DFED1F7AB4EEE77A63
:10828C00F1EE10FA41F394871C4A1D4BD361FEF7B3
:10829C0077BB1C4A1948FFF7E9B800BFAFF3008061
:1082AC000000000000005940FCCA002000FEFF4600
:1082BC0000FEFFC654E8002094E00020B07C0120B2
:1082CC002088002028CA002044C200200CC20020B4
:1082DC000000000030CA00200CE1002008E1002062
:1082EC00AF7C0120B87C0120D57C0120D67C0120FC
:1082FC00AC5C0020FC9000200044AC4678E40020EC
:10830C000000FE7F747A0020FB90002066663042ED
:10831C0007EE901AF8EEE77AF5EEC07AF1EE10FA65
:10832C0001F17C861FED077A4FF6FF71C64A67EEA6
:10833C00877AFCEEE77A17EE903A0733DB0899421E
:10834C0028BF1946D185002B7EF41AAB0123D385A7
:10835C00FEF716BB07EE901A9FEDB55BB8EEE74B38
:10836C009FEDB56B84EE057B37EE067BB7EEC77BD6
:10837C00B5EEC07AF1EE10FA01F10387F7EE007A50
:10838C00B4EEE77AF1EE10FA41F3D2874FF4803372
:10839C00AE4A5362FEF7F4BA07EE901A9FEDA46B47
:1083AC00B8EEE75B85EE067BB7EEC77BB5EEC07A21
:1083BC00F1EE10FA01F10C86DFEDA57AB4EEE77A56
:1083CC00F1EE10FA41F34787A04AA24BD361FEF7B6
:1083DC00D7BA07EE901ADFEDA06AB8EEE74B9FED27
:1083EC00945B84EE057BB7EEC77BB4EEE67AF1EED8
:1083FC0010FA01F35385DFED997AB4EEE77AF1EEDA
:10840C0010FA01F1FE87F0EE477AFEEEC87A17EE0D
:10841C00903A934A1362FEF7B3BA07EE901ADFED67
:10842C008E6AB8EEE74B9FED825B84EE057BB7EE70
:10843C00C77BB4EEE67AF1EE10FA01F34185DFED7D
:10844C00877AB4EEE77AF1EE10FA01F19787F0EE45
:10845C00477AFEEEC87A17EE903A814AD361FEF75E
:10846C008FBA80480EF026FE7E48BDE8F0470EF02D
:10847C00CFBF7D480EF01EFE7B48BDE8F0470EF0E6
:10848C00C7BF07EE901AB8EEE77AB5EEC07AF1EEF8
:10849C0010FA01F12585F6EE007ADFED746A744B63
:1084AC007448E7EE267A017EFCEEE77A17EE902A06
:1084BC009A4228BF1A46CC0702F17F034FEAD31326
:1084CC0003F1010341F11385046AA24241F2FB87D7
:1084DC00C18B02628B4288BFC383FEF751BA07EE91
:1084EC00901AF8EEE77AF5EEC07AF1EE10FA01F197
:1084FC0033869FED5E7A4FF6FF7267EE877AFCEE5D
:10850C00E77A17EE903A0733DB08934228BF1346FD
:10851C009BB2594A918ED38600297EF431AA01234D
:10852C009386FEF72DBA07EE901AB7EE005BF7EEC6
:10853C00006AB8EEE73B9FED3E4B83EE047B37EED3
:10854C00457BB7EEC77BB4EEE67AF1EE10FA41F359
:10855C00CC854A4B72B64A4A0021D361117662B679
:10856C00FEF70EBA474B1970FEF70ABA07EE901ACF
:10857C004548B8EEE70ABDE8F0470EF097BD424813
:10858C00BDE8F0470EF090BD07EE901A3548B8EEF6
:10859C00E70ABDE8F0470EF089BD3248BDE8F04768
:1085AC000EF082BD3848BDE8F0470EF077BD07EEFF
:1085BC00901AB7EE006AB8EEE74B9FED1D5B84EEA8
:1085CC00057BF7EEC76BF4EEC66AF1EE10FA41F3D9
:1085DC00AD852A4B72B62D4AD1691362994201F0CE
:1085EC00B68781FAA3F0EFF30084250141F14C87A3
:1085FC00274880FB034580FB0104D817C0EBE5201E
:10860C00CD17C5EBE424001B002801F04586506211
:10861C000123137662B69FED0A6B1E4A27EE067B8A
:10862C00FCEEC77B17EE903A1370FEF7A9B900BFAA
:10863C0000000000000059407B14AE47E17A843FF3
:10864C000000000000C05F4044C2002030E6002063
:10865C000044AC460000FE7F00FEFF4600FEFFC655
:10866C0094E0002028C900207C89002066663042F6
:10867C0000B10200E0A600200CC200200000FF7F29
:10868C0008E60020C57C0120FCCA0020608C00207C
:10869C00E5DBE276897A002007EE901AB7EE006AE5
:1086AC00B8EEE74B9FEDD05B84EE057BF7EEC76B26
:1086BC00F4EEC66AF1EE10FA41F3B384CE4B72B607
:1086CC00CE49CA690B629A4201F0758782FAA3F00F
:1086DC00EFF30084250141F1D186C94880FB0345A5
:1086EC0080FB0204D817C0EBE520D517C5EBE424BA
:1086FC00001B002801F0D885486201230B7662B676
:10870C009FEDBB6BBF4A27EE067BFCEEC77B17EEDB
:10871C00903A1370FEF734B907EE901A9FEDB26BD6
:10872C00B8EEE75B85EE067BB7EEC77BB5EEC07A9D
:10873C00F1EE10FA01F1C084F7EE007AB4EEE77AAC
:10874C00F1EE10FA09DC67EE076A9FEDAF6ADFED18
:10875C00AF7A26EE877AE7EE067AAD4BC3ED277A31
:10876C00FEF70EB907EE901A9FED9F6BB8EEE75B24
:10877C0085EE067BB7EEC77BF7EE007AB5EEC07AD6
:10878C00F1EE10FA01F14384B4EEE77AF1EE10FA4F
:10879C0041F3FF85FFEE006ADFED9E7A72B69C4BCB
:1087AC00C3ED1C6AC3ED2C7A62B6FEF7E9B80C1E59
:1087BC00994B18BF01241C70FEF7E2B8974ACCB253
:1087CC0097491278974B0C7014441C70FEF7D8B86C
:1087DC00954B1970FEF7D4B80C1E944B18BF01249E
:1087EC001C70FEF7CDB807EE901A9FED7F6BB8EEBC
:1087FC00E75B85EE067BB7EEC77BB5EEC07AF1EE94
:10880C0010FA01F1A584F7EE007AB4EE677AF1EE76
:10881C0010FA37FE877A7E4BDFED857AD3ED2A6A24
:10882C0036EEE76AE6EE077A72B6BDEE007AC3ED75
:10883C002B7AB6EE006A67EE877A87EEA67A77EE29
:10884C00067AC3ED097A62B6FEF79AB8794B1970BD
:10885C00FEF796B807EE901AB5EE005B764BB8EEC5
:10886C00E73BDFED766A644C03F110069FED746A0A
:10887C00744D9FED5D4B83EE047B27EE057BB7EECD
:10888C00C77BB4EEE67A53F8042B21462046F1EE72
:10889C0010FA10DCB4EEC67A29462846F1EE10FA2E
:1088AC0009D4F0EE477A48BF2846FEEEC87A17EE98
:1088BC00901A58BF0846B342C2E90610E1D1FEF740
:1088CC005FB807EE901ADFED606A4FF6FF725F49F2
:1088DC00B8EEE77ADFED5E7A012501F11004B4EE13
:1088EC00E77AF1EE10FA58BFF0EE477A67EEA67A07
:1088FC00FCEEE77A17EE903A0733DB08934228BF79
:10890C0013469BB251F8042B908ED38600B99586F2
:10891C008C42F7D1FEF734B807EE901ADFED4A6AB5
:10892C004C4B4FF6FF75B8EEE77ADFED497AD3E999
:10893C000040B4EEE77AD3E90212F1EE10FA58BF18
:10894C00F0EE477A67EEA67AFCEEE77A17EE903AED
:10895C000733DB08AB4228BF2B469BB2A38583852C
:10896C008B859385FEF70CB807EE901A394ADFED2C
:10897C00366A4FF6FF75B8EEE77A02F11000012661
:10898C00B5EEC07A52F8041BF1EE10FA01F1AE818B
:10899C0067EE267AFCEEE77A17EE903A0733DB089F
:1089AC00AB421C4628BF2C464C85002B01F09E8107
:1089BC009042E5D1FDF7E4BF5FFA81F9264C002522
:1089CC00264F274EDFF89C80E8B201353A78317893
:1089DC0088F80090FDF746FA042D04F8010BF3D14A
:1089EC00FDF7CEBFAFF3008000000000000059403F
:1089FC000000000000C05F400000FF7FD8E20020B4
:108A0C00E5DBE276947A00203333733FCDCC4C3DDA
:108A1C0030CA0020AE47613FBF7C01209E7A002007
:108A2C00DD7C0120C87C0120CB7C0120B37C0120A3
:108A3C00CDCC4C3EB47C0120685D002000FEFF468E
:108A4C0000FEFFC60000018066663042585D0020C3
:108A5C0000000000485D0020FC900020D57C012027
:108A6C00D67C01208B7A002007EE901AC64BF7EECD
:108A7C00006AB8EEE74B03F130009FEDC15B84EE6A
:108A8C00057BB7EEC77BB5EEC07A53F8041B00220A
:108A9C00F1EE10FA0CD4B4EEE67A4FF48032F1EE2B
:108AAC0010FA05DCF0EE477AFEEEC87A17EE902A43
:108ABC008342CA62E7D1FDF763BFB44964B2B44ADA
:108ACC000025B44B91F800A092F8009093F8008028
:108ADC00B14EB24F09E04A465146FDF7B7FB01359E
:108AEC0006F8010B0C2D3DF44BAFE8B23C70B8F11D
:108AFC00000FF0D01830C0B2F1E7A94A07EE901A77
:108B0C00DFEDA86A4FF6FF75B8EEE77A02F1300494
:108B1C00012610E067EE267AFCEEE77A17EE903A23
:108B2C000733DB08AB42184628BF2846C8854BB133
:108B3C0094423DF425AFB5EEC07A52F8041BF1EE29
:108B4C0010FAE7D5CE85F3E707EE901ADFED956ABC
:108B5C004FF6FF71924BB8EEE77ADFED937A03F1A3
:108B6C003000B4EEE77AF1EE10FA58BFF0EE477A27
:108B7C0067EEA67AFCEEE77A17EE902A0732D20857
:108B8C008A4228BF0A4692B253F8041B98428A853F
:108B9C00FAD1FDF7F5BE824A07EE901ADFED816A35
:108BAC004FF6FF75B8EEE77A02F13004012610E0BB
:108BBC0067EE267AFCEEE77A17EE903A0733DB087D
:108BCC00AB42184628BF284648854BB194423DF429
:108BDC00D7AEB5EEC07A52F8041BF1EE10FAE7D519
:108BEC004E85F3E7684E714D06F1300708E00C2B0B
:108BFC0001F08680012A41F27C80BE423DF4C0AE79
:108C0C002B5756F8040B0B2BA3F1090280F83832C2
:108C1C00EDD1416A00F50F7008F0B2FEEDE707EEFA
:108C2C00901A634BDFED636AB8EEE74B03F130004B
:108C3C009FED535B84EE057BB7EEC77BB5EEC07A38
:108C4C0053F8041B0022F1EE10FA0CD4B4EEE67AC1
:108C5C0046F6FF72F1EE10FA05DCF0EE477AFEEE06
:108C6C00CA7A17EE902A98420A62E7D1FDF788BEBD
:108C7C0007EE901ADFED4B6A4FF6FF714E4BB8EED4
:108C8C00E77ADFED497A03F13000B4EEE77AF1EEE2
:108C9C0010FA58BFF0EE477A67EEA67AFCEEE77A48
:108CAC0017EE902A0732D2088A4228BF0A4692B29F
:108CBC0053F8041B98428A85FAD1FDF761BE3E4AEF
:108CCC0007EE901ADFED376A4FF6FF75B8EEE77ACC
:108CDC0002F13004012610E067EE267AFCEEE77A0A
:108CEC0017EE903A0733DB08AB42184628BF2846EC
:108CFC0048854BB194423DF443AEB5EEC07A52F880
:108D0C00041BF1EE10FAE7D54E85F3E707EE904A17
:108D1C002A49DFED246A4FF6FF75B8EEE77A01F1C8
:108D2C003004012612E067EE267AFCEEE77A17EEA5
:108D3C00903A0733DB08AB421A4628BF2A4692B258
:108D4C00C28553B18C4282863DF41AAEB5EEC07A20
:108D5C0051F8040BF1EE10FAE5D50122C685F1E7C6
:108D6C000A49E4B20A4A00250A4B91F800A092F88D
:108D7C00009093F80080084E114F2DE0AFF3008067
:108D8C000000000000005940F8790020D67C01203A
:108D9C00D57C0120B97C012004910020C17C0120EC
:108DAC00FC7800206666304200000000747A0020D7
:108DBC005C7900202EFFDF402C7900209879002070
:108DCC00967A00204A465146FDF740FA013506F8DE
:108DDC00010B0C2D3DF4D4ADE8B23C70B8F1000F92
:108DEC00F0D01830C0B2F1E707EE901ABE4BF7EE98
:108DFC00006AB8EEE74B03F130009FEDB95B84EEEF
:108E0C00057BB7EEC77BB5EEC07A53F8041B002286
:108E1C00F1EE10FA0CD4B4EEE67A4FF48032F1EEA7
:108E2C0010FA05DCF0EE477AFEEEC87A17EE902ABF
:108E3C0098424A62E7D1FDF7A3BDAB4E4FF0000854
:108E4C00AA4D06F1300708E00C2B00F06887012AC8
:108E5C0040F25F87B7423DF493AD2B5756F8040BA5
:108E6C000B2BA3F10902C0F820804386ECD1C16919
:108E7C00383008F085FDEDE707EE901ADFED9C6ABF
:108E8C004FF6FF739B4AB8EEE77ADFED9B7A01252C
:108E9C0002F13004B4EEE77AF1EE10FA58BFF0EEBE
:108EAC00477A67EEA67AFCEEE77A17EE901A07314E
:108EBC00C908994228BF194689B252F8043B988ECA
:108ECC00D98600B99D869442F7D1FDF759BD07EEBE
:108EDC00901ADFED876A4FF6FF728849B8EEE77A91
:108EEC00DFED857A012501F11004B4EEE77AF1EE9D
:108EFC0010FA58BFF0EE477A67EEA67AFCEEE77AE6
:108F0C0017EE903A0733DB08934228BF13469BB207
:108F1C0051F8042B908ED38600B995868C42F7D1EC
:108F2C00FDF72EBD07EE901A744ADFED716A4FF60D
:108F3C00FF75B8EEE77A02F110000126B5EEC07AA3
:108F4C0052F8041BF1EE10FA00F1BF8667EE267A98
:108F5C00FCEEE77A17EE903A0733DB08AB421C467F
:108F6C0028BF2C46CC85002B00F0AF869042E5D173
:108F7C00FDF706BD07EE901A614BF7EE006AB8EEEE
:108F8C00E74B03F110009FED565B84EE057BB7EECB
:108F9C00C77BB5EEC07A53F8041B0022F1EE10FA31
:108FAC000CD4B4EEE67A4FF48032F1EE10FA05DC14
:108FBC00F0EE477AFEEEC87A17EE902A9842CA6213
:108FCC00E7D1FDF7DDBC4FFA81F94E4C00254E4F31
:108FDC004E4EDFF84481E8B201353A78317888F8A2
:108FEC000090FCF73FFF072D04F8010FF3D1FDF7BC
:108FFC00C7BC07EE901ADFED3E6A4FF6FF71444B8B
:10900C00B8EEE77ADFED3C7A03F13000B4EEE77AA4
:10901C00F1EE10FA58BFF0EE477A67EEA67AFCEE46
:10902C00E77A17EE902A0732D2088A4228BF0A46FE
:10903C0092B253F8041B98428A85FAD1FDF7A0BC72
:10904C00334A07EE901ADFED2A6A4FF6FF75B8EE39
:10905C00E77A02F13004012610E067EE267AFCEE86
:10906C00E77A17EE903A0733DB08AB42184628BF75
:10907C00284648854BB194423DF482ACB5EEC07A9B
:10908C0052F8041BF1EE10FAE7D54E85F3E707EE24
:10909C00901A204BF7EE006AB8EEE74B03F1100084
:1090AC009FED0F5B84EE057BB7EEC77BB5EEC07A08
:1090BC0053F8041B0022F1EE10FA0CD4B4EEE67A4D
:1090CC004FF08042F1EE10FA05DCF0EE477AFEEE3E
:1090DC00C17A17EE902A98420A63E7D1FDF750BC8B
:1090EC000000000000005940C8790020747A00206C
:1090FC00666630422C79002000000000485D00209C
:10910C00FC5C0020FB900020D57C0120D67C01204B
:10911C0098790020AC5C0020B77C012007EE901AF7
:10912C00C94ADFEDCA6A4FF6FF75B8EEE77A02F16D
:10913C0010000126B5EEC07A52F8041BF1EE10FABD
:10914C0000F1CC8567EE267AFCEEE77A17EE903AC2
:10915C000733DB08AB421C4628BF2C46CC85002BC2
:10916C0000F0BC859042E5D1FDF70ABC07EE901AE1
:10917C00DFEDB66AB44B4FF6FF75B8EEE77ADFED6C
:10918C00B47AD3E90040B4EEE77AD3E90212F1EEF7
:10919C0010FA58BFF0EE477A67EEA67AFCEEE77A43
:1091AC0017EE903A0733DB08AB4228BF2B469BB235
:1091BC00A38583858B859385FDF7E2BBA54EA64DD4
:1091CC0006F110072B5756F8040B0B2BA3F10902D1
:1091DC0080F8383200F0D4850C2B00F01F86012A61
:1091EC0040F24086B742EDD1FDF7CABB07EE901AAC
:1091FC00984BF7EE006AB8EEE74B03F110009FEDC9
:10920C00905B84EE057BB7EEC77BB5EEC07A53F866
:10921C00041B0022F1EE10FA0CD4B4EEE67A4FF4F3
:10922C008032F1EE10FA05DCF0EE477AFEEEC87AE9
:10923C0017EE902A8342CA62E7D1FDF7A1BB07EE75
:10924C00901A864BDFED866AB8EEE74B854C9FEDA6
:10925C00866A03F11000854D9FED795B84EE057BEA
:10926C00B7EEC77BB4EEE67A53F8041B2246F1EE58
:10927C0010FA0BDCB4EEC67A2A46F1EE10FA05D4DD
:10928C00F0EE477AFEEEC87A17EE902A98424A62C0
:10929C00E8D1FDF775BB764E6F4D06F110072B57D5
:1092AC0056F8040B0B2BA3F1090280F8383200F0AE
:1092BC006E850C2B00F0BB85012A40F2DA85B74293
:1092CC00EDD1FDF75DBB07EE104ADFED617ADFED06
:1092DC005F6A4FF6FF72B8EEC77A5B49012601F15F
:1092EC001005B4EEE77AF1EE10FA58BFF0EE477ABB
:1092FC0067EEA67AFCEEE77A17EE903A0733DB08B6
:10930C00934228BF13469BB251F8042B908ED38600
:10931C0000B996868D42F7D1564B1C60FDF730BBD9
:10932C0007EE901A484ADFED496A4FF6FF75B8EE22
:10933C00E77A02F110000126B5EEC07A52F8041B50
:10934C00F1EE10FA00F1C48467EE267AFCEEE77AAF
:10935C0017EE903A0733DB08AB421C4628BF2C466D
:10936C004C85002B00F0B4848242E5D1FDF708BB9C
:10937C0007EE901A344ADFED356A4FF6FF75B8EEFA
:10938C00E77A02F110000126B5EEC07A52F8041B00
:10939C00F1EE10FA00F1A58467EE267AFCEEE77A7E
:1093AC0017EE903A0733DB08AB421C4628BF2C461D
:1093BC008C86002B00F095849042E5D1FDF7E0BA45
:1093CC002D4E254D06F110072B5756F8040B0B2B81
:1093DC00A3F1090280F8383200F0EA840C2B00F07B
:1093EC00FB84012A40F2F184BE42EDD1FDF7C8BAEC
:1093FC0007EE901A214ADFED156A4FF6FF75B8EEAD
:10940C00E77A02F110000126B5EEC07A52F8041B7F
:10941C00F1EE10FA00F15F8467EE267AFCEEE77A43
:10942C0017EE903A0733DB08AB421C4628BF2C469C
:10943C004C85002B00F04F849042E5D1FDF7A0BA8B
:10944C000000000000005940AC5C00206666304211
:10945C0000000000EC5C0020747A0020885D002085
:10946C0000FEFF460000FF7F00FEFFC600000180EB
:10947C00FC5C0020C88900200C5D0020BC5C002036
:10948C0007EE901AF7EE005ABFEE005A0423B8EE1E
:10949C00E72BC548B7EE007B9FEDBF3B9FEDC06B44
:1094AC0082EE034BDFEDC13A34EE066B37EE447BB4
:1094BC00B7EEC66BB7EEC77BB5EEC06AF1EE10FA2D
:1094CC0000F13584B4EEE56AF1EE10FA40F3508405
:1094DC004FF48031B4EEC57AF1EE10FA00F12A8423
:1094EC00B4EEE57AF1EE10FA40F3398447F6FF72E8
:1094FC00013BE1D1AE4B59629A86FDF741BA07EEBA
:10950C00901AAC4AB1EE046ADFEDAB6AB8EEE73BF9
:10951C0002F13004F7EE005AA848A94D9FED9E4B7E
:10952C0083EE047BB7EEC77BB4EEE67A52F8041BED
:10953C000346F1EE10FA0DD4B4EEC67A2B46F1EEDA
:10954C0010FA07DCC5EE877AB0EE675ABEEEC15A48
:10955C0015EE103A94424B62E6D1FDF711BA07EEC4
:10956C00901A984ADFED986A4FF6FF75B8EEE77AD5
:10957C0002F110000126B5EEC07A52F8041BF1EE90
:10958C0010FA00F19E8367EE267AFCEEE77A17EE6E
:10959C00903A0733DB08AB421C4628BF2C468C861E
:1095AC00002B00F08E838242E5D1FDF7E9B907EE7E
:1095BC00901A844BF7EE006AB8EEE74B03F11000FB
:1095CC009FED755B84EE057BB7EEC77BB5EEC07A7D
:1095DC0053F8041B0022F1EE10FA0CD4B4EEE67A28
:1095EC004FF08042F1EE10FA05DCF0EE477AFEEE19
:1095FC00C17A17EE902A98420A63E7D1FDF7C0B9F9
:10960C0007EE901A6F4ADFED706A4FF6FF75B8EEF1
:10961C00E77A02F110000126B5EEC07A52F8041B6D
:10962C00F1EE10FA00F14F8367EE267AFCEEE77A42
:10963C0017EE903A0733DB08AB421C4628BF2C468A
:10964C00CC85002B00F03F838242E5D1FDF798B921
:10965C0007EE901ADFED5C6A5A4B4FF6FF75B8EEC9
:10966C00E77ADFED5A7AD3E90040B4EEE77AD3E932
:10967C000212F1EE10FA58BFF0EE477A67EEA67AB6
:10968C00FCEEE77A17EE903A0733DB08AB4228BFC3
:10969C002B469BB2A38583858B859385FDF770B98B
:1096AC0007EE901ADFED486A4FF6FF73484AB8EEA2
:1096BC00E77ADFED467A012502F13004B4EEE77A61
:1096CC00F1EE10FA58BFF0EE477A67EEA67AFCEE90
:1096DC00E77A17EE901A0731C908994228BF194644
:1096EC0089B252F8043B988ED98600B99D86944273
:1096FC00F7D1FDF745B9364A07EE901ADFED326A1D
:10970C004FF6FF75B8EEE77A02F13004012610E04F
:10971C0067EE267AFCEEE77A17EE903A0733DB0811
:10972C00AB42184628BF284688864BB194423DF47C
:10973C0027A9B5EEC07A52F8041BF1EE10FAE7D562
:10974C008E86F3E707EE901A214BF7EE006AB8EE1F
:10975C00E74B03F130009FED105B84EE057BB7EE19
:10976C00C77BB5EEC07A53F8041B0022F1EE10FA59
:10977C000CD4B4EEE67A4FF08042F1EE10FA05DC30
:10978C00F0EE477AFEEEC17A17EE902A98420A6301
:10979C00E7D1FDF7F5B800BF00000000000059400C
:1097AC007B14AE47E17A843F0180FFFF00FEFF4649
:1097BC00AC8D00205C7900203333333F00B76D5BF8
:1097CC00D0CCCC0CBC5C00206666304200000000A3
:1097DC00FC78002007EE901ABF4AF2EE086A9FED63
:1097EC00BF6AB8EEE73BDFEDBE5A02F13004002051
:1097FC009FEDB74B83EE047BB7EEC77BB4EEE67AF6
:10980C0052F8041B4FF44043F1EE10FA0CDCB4EEAA
:10981C00C67A40F29913F1EE10FA05D467EE257A68
:10982C00FCEEE77A17EE903A94428B6281F839029B
:10983C00E4D1FDF7A5B807EE901AAA4BB1EE046A75
:10984C00DFEDA96AB8EEE73B03F11004F7EE005A1E
:10985C00A648A74D9FED9E4B83EE047BB7EEC77BCE
:10986C00B4EEE67A53F8041B0246F1EE10FA0DD46E
:10987C00B4EEC67A2A46F1EE10FA07DCC5EE877A0A
:10988C00B0EE675ABEEEC15A15EE102A9C424A62DF
:10989C00E6D1FDF775B807EE901A964ADFED966A99
:1098AC004FF6FF75B8EEE77A02F110000126B5EE1F
:1098BC00C07A52F8041BF1EE10FA00F1008267EE48
:1098CC00267AFCEEE77A17EE903A0733DB08AB42C8
:1098DC001C4628BF2C464C85002B00F0F081904292
:1098EC00E5D1FDF74DB807EE901ADFED836A4FF620
:1098FC00FF728249B8EEE77ADFED817A012501F13A
:10990C001004B4EEE77AF1EE10FA58BFF0EE477A95
:10991C0067EEA67AFCEEE77A17EE903A0733DB088F
:10992C00934228BF13469BB251F8042B908ED386DA
:10993C0000B995868C42F7D1FDF722B807EE901A44
:10994C00704BF7EE006AB8EEE74B03F110009FED99
:10995C00605B84EE057BB7EEC77BB5EEC07A53F83F
:10996C00041B0022F1EE10FA0CD4B4EEE67A4FF49C
:10997C008032F1EE10FA05DCF0EE477AFEEEC87A92
:10998C0017EE902A9842CA62E7D1FCF7F9BF5E4AFB
:10999C0007EE901ADFED586A4FF6FF75B8EEE77ACE
:1099AC0002F13004012610E067EE267AFCEEE77A2D
:1099BC0017EE903A0733DB08AB42184628BF28460F
:1099CC0088864BB194423CF4DBAFB5EEC07A52F8CA
:1099DC00041BF1EE10FAE7D58E86F3E707EE901A2A
:1099EC00494BF7EE006AB8EEE74B03F130009FED00
:1099FC00385B84EE057BB7EEC77BB5EEC07A53F8C7
:109A0C00041B0022F1EE10FA0CD4B4EEE67A4FF0FF
:109A1C008042F1EE10FA05DCF0EE477AFEEEC17AE8
:109A2C0017EE902A98420A63E7D1FCF7A9BF364A91
:109A3C0007EE901ADFED306A4FF6FF75B8EEE77A55
:109A4C0002F13004012610E067EE267AFCEEE77A8C
:109A5C0017EE903A0733DB08AB42184628BF28466E
:109A6C00C8854BB194423CF48BAFB5EEC07A52F83A
:109A7C00041BF1EE10FAE7D5CE85F3E707EE901A4A
:109A8C00184BDFED226AB8EEE74B03F110009FEDA7
:109A9C00105B84EE057BB7EEC77BB5EEC07A53F84E
:109AAC00041B0022F1EE10FA0CD4B4EEE67A46F662
:109ABC00FF72F1EE10FA05DCF0EE477AFEEECA7A90
:109ACC0017EE902A98420A62E7D1FCF759BF00BF03
:109ADC000000000000005940F8790020CDCCCC3DAE
:109AEC0000008045785D00203333333F00B76D5B59
:109AFC00D0CCCC0C585D002066663042BC5C00209B
:109B0C00000000000C5D00202C7900202EFFDF40AF
:109B1C0007EE901ACC4ADFEDCD6A4FF6FF75B8EE22
:109B2C00E77A02F110000126B5EEC07A52F8041B58
:109B3C00F1EE10FA00F1D88067EE267AFCEEE77AA7
:109B4C0017EE903A0733DB08AB421C4628BF2C4675
:109B5C008C86002B00F0C8808242E5D1FCF710BF48
:109B6C0007EE901AB84BF7EE006AB8EEE74B03F12C
:109B7C0010009FEDB35B84EE057BB7EEC77BB5EEB3
:109B8C00C07A53F8041B0022F1EE10FA0CD4B4EE98
:109B9C00E67A4FF08042F1EE10FA05DCF0EE477AEF
:109BAC00FEEEC17A17EE902A98420A63E7D1FCF7D1
:109BBC00E7BE07EE901AA44ADFEDA46A4FF6FF75D4
:109BCC00B8EEE77A02F110000126B5EEC07A52F831
:109BDC00041BF1EE10FA70D467EE267AFCEEE77AED
:109BEC0017EE903A0733DB08AB421C4628BF2C46D5
:109BFC00CC85002B61D09042E7D1FCF7C1BE07EEBB
:109C0C00901ADFED926A904B4FF6FF75B8EEE77A3B
:109C1C00DFED8F7AD3E90040B4EEE77AD3E9021294
:109C2C00F1EE10FA58BFF0EE477A67EEA67AFCEE2A
:109C3C00E77A17EE903A0733DB08AB4228BF2B4686
:109C4C009BB2A38583858B859385FCF799BE814F49
:109C5C000426814D4FF0000807F138092B57C7F83F
:109C6C0020800B2BA3F109027B8600F097800C2B34
:109C7C0000F0C380012A40F20381013EEED1FCF7D3
:109C8C007FBE764DFEF762B8754F0426724D4FF0CD
:109C9C00000807F138092B57C7F820800B2BA3F1CC
:109CAC0009027B867FD00C2B00F0AD80012A40F29C
:109CBC00B080013EEFD1FCF763BECE859BE74E85AD
:109CCC000DE68E866FE4CE85BEE4CE85FFF74EB9E9
:109CDC004E85FFF749BB4E85FFF7AEBBCE85FFF730
:109CEC0041BA8E86FFF768BB8E8635E74E85FEF748
:109CFC005FBE416A00F50F7007F09AFDFEF77DBF5D
:109D0C00416A4FF0004200F50F7007F0F5FDFEF7C9
:109D1C0074BFC169383007F08BFDFFF79BB8826ABE
:109D2C00383050F81C1C07F0E7FDFFF793B8002102
:109D3C00FFF7D0BB0246FFF7DBBB315DE0B2FAF7B1
:109D4C0051FFFCF75CBE315DE0B2FAF74BFFFEF75A
:109D5C007EBA315DE0B2FAF745FFFDF7B8BE67EEAB
:109D6C00237AFDEEE77A17EE902A12B2FFF7C0BB0A
:109D7C00F0EE467AFEEEC87A17EE901AFFF7AABB01
:109D8C00416A00F50F7007F0FBFDFFF72BBA416A33
:109D9C0000F50F7007F0F4FDFFF791BAF96948462A
:109DAC0007F0EEFD69E7F969484607F0E9FD80E741
:109DBC00416A00F50F7007F0E3FDFFF715BBC169B1
:109DCC003830BDE8F04707F0DBBD416A00F50F7095
:109DDC0007F02EFDFFF708BB416A4FF0004200F57B
:109DEC000F7007F089FDFFF7FFBA826A383050F820
:109DFC001C1CBDE8F04707F07FBDBA6A4846F969FC
:109E0C0007F07AFD39E7BA6A4846F96907F074FD3C
:109E1C004FE7F969484607F00BFD4AE7416A4FF0F6
:109E2C00004200F50F7007F067FDFFF7DBB9416AE0
:109E3C004FF0004200F50F7007F05EFDFFF73FBAE0
:109E4C000000000000005940585D0020666630425A
:109E5C0000000000AC8D0020747A0020C87800202F
:109E6C00648F0020416A00F50F7007F0E1FCFFF7EA
:109E7C00B9B9416A00F50F7007F0DAFCFFF71FBAA9
:109E8C00F969484607F0D4FCF7E6D44BFDF77EBFE2
:109E9C00D24BFDF759BDD14BFDF7B6BBCF4BFEF7FF
:109EAC00B8BACF4BFDF73FBB9FEDCE6A9FEDCE7A94
:109EBC00FCF78EBDC94BFEF7A9B8C84BFDF7E8BD42
:109ECC00C64BFEF7CABAC94AC94CFDF725BFC34BEE
:109EDC00FDF717BDC14BFDF7FABCC04BFEF772B8CE
:109EEC00C448017E11F0010240F0EC820123C48BC6
:109EFC0041F0010102629C42017638BFC383FCF73A
:109F0C003FBDB74BFDF7DCBEBB48017E11F0010233
:109F1C0040F001830123C48B41F001010262A34292
:109F2C00017688BFC383FCF72BBDAC4BFCF7C0BFDD
:109F3C00AA4BFCF7E0BFA94BFCF7E6BDAB4AAC4C17
:109F4C00FCF757BEA54BFCF702BEA44BFCF7E3BED7
:109F5C00A34BFCF723BEA14BFCF7BABE9F4BFCF7FF
:109F6C0085BF9E4BFCF768BF9C4BFDF70AB89B4B1B
:109F7C00FCF7E4BF994BFDF727B89C4A9C4CFDF7C6
:109F8C00F9B8964BFDF779B9954BFDF7C8B8934BDB
:109F9C00FDF7F4B9914BFDF79EBA904BFDF758BB0A
:109FAC008E4BFDF74DBA8D4BFDF71CBC8F4A904C78
:109FBC00FDF7E5BA894BFDF739BC904B0022DA610D
:109FCC00FCF7DEBC8E4BFDF7ACBB0023FDF78FBB63
:109FDC008C4B0022DA61FCF7D3BC0023FDF7ECB804
:109FEC00894B0022DA61FCF7CBBC0023FDF767B983
:109FFC000023FDF782B90023FEF7B0B8DFED837ABA
:10A00C00FDF761BF824B0022DA61FCF7B9BCDFEDD2
:10A01C00816AFEF7C3BB804AFDF7D4BD7E4AFEF7CA
:10A02C0095B9BFEE006AF4EEC66AF1EE10FA00F1D3
:10A03C0063829FED7A6A66EE866AFDEEE66A16EE3C
:10A04C00903AFEF73CBBFFEE007AB4EEE77AF1EE05
:10A05C0010FA00F15782DFED717A27EE277AFDEEC8
:10A06C00C77A17EE903AFDF7D0BCFFEE007AB4EE4B
:10A07C00E77AF1EE10FA00F14282DFED687A27EE12
:10A08C00277AFDEEC77A17EE903AFDF79FBEFFEEEA
:10A09C00007AB4EEE77AF1EE10FA00F12A82DFEDE5
:10A0AC005F7A27EE277AFDEEC77A17EE903AFDF726
:10A0BC0072BC5B4AFEF734B8DFED5A7AFEF74DBB43
:10A0CC00574AFEF76DB8FFEE007AB4EEE77AF1EE80
:10A0DC0010FA00F11A82DFED517A27EE277AFDEEA5
:10A0EC00C77A17EE903AFCF7E1BFFFEE007AB4EEB8
:10A0FC00E77AF1EE10FA00F1DF81DFED487A27EE16
:10A10C00277AFDEEC77A17EE903AFEF723BA0023B2
:10A11C00FDF752BD404AFDF7D8BF0023FDF78FBDB8
:10A12C00374BFCF72CBC0023FCF70FBCBFEE006ACE
:10A13C00F4EEC66AF1EE10FA00F1EA819FED376A8F
:10A14C0066EE866AFDEEE66A16EE903AFEF742BAC5
:10A15C009FED357AFEF75FBB0023FEF7DAB9FFEE11
:10A16C00007AB4EEE77AF1EE10FA00F1A881DFED97
:10A17C002B7A27EE277AFDEEC77A17EE903AFDF789
:10A18C0065BE0023FEF704B90023FDF77CBFDFEDAD
:10A19C00287A264927EE277A1B4AFCEEC77A17EE57
:10A1AC00903AC2ED077A8B423DF6C4A8FCF7E8BBA7
:10A1BC00DFED1F7A1D4927EE277A154AFCEEC77A88
:10A1CC0017EE903AC2ED077A8B423EF65EA8FCF78A
:10A1DC00D7BB46F6FF73FDF772B800BF0000FF7FD8
:10A1EC0000B76D5B806E00430000D843DE5717004C
:10A1FC00DF571700E0A6002010910020D08A002025
:10A20C000180FFFF30E6002010E100200AD7A33BBD
:10A21C0078E400200000008044C2002000FEFF4EC5
:10A22C000CC20020CDCC4C3D000000000000FE7F95
:10A23C00C637BE475FED027ACC4927EE277ACC4A67
:10A24C00FCEEC77A17EE903AC2ED077A8B423DF6D8
:10A25C00B4A9FCF795BBDFEDC77AC44927EE277A82
:10A26C00C54AFCEEC77A17EE903AC2ED077A8B42DC
:10A27C003EF6ABA8FCF784BB8B42CCBF01234FF05E
:10A28C00FF335362FDF700BE8342CCBF01234FF076
:10A29C00FF334B62FDF79DBB9942B4BF01234FF0D6
:10A2AC00FF335362FEF7B4B99A42B4BF01224FF0A8
:10A2BC00FF324A62FEF721BA8342CCBF01234FF032
:10A2CC00FF334B62FDF7A0BD8B42CCBF01234FF097
:10A2DC00FF335362FDF7B7BBA84BFCF720BFA84B6D
:10A2EC00FDF74CB8F0EE477AFEEEC87A17EE903ACE
:10A2FC00FDF703B8DFEDA37A27EE277AFDEEC77AD8
:10A30C0017EE903A1BB2FDF70CBA9D4BFDF7E3B874
:10A31C009B4BFDF79DB99C4A9C4CFDF730B9984B73
:10A32C00FDF784BA964BFDF78BB8954BFDF75ABAEF
:10A33C00F0EE477AFEEEC87A17EE903AFEF728B8A0
:10A34C00F0EE477AFEEEC17A17EE903AFDF777BC45
:10A35C00DFED8C7A27EE277AFDEEC77A17EE903A6E
:10A36C001BB2FCF70CBBF0EE477AFEEEC87A17EE88
:10A37C00903AFCF7EABA824BFDF78ABB804BFEF7AA
:10A38C006CB8F0EE477AFEEEC87A17EE903AFCF70E
:10A39C0013BF9FED7F6AF1EE476AE7EE467AFEF750
:10A3AC00FDB99FED7C6A9FED7C7AFCF711BB744B79
:10A3BC00FDF72CBE744A754CFDF7AEBC704BFDF727
:10A3CC00A0BA6E4BFDF77CBCDFED746ADFED747ADE
:10A3DC00E7EE267AFDF777BD694BFDF7D7BC684BE6
:10A3EC00FDF7B2BA664BFDF70FB9654BFCF724BD10
:10A3FC00634BFCF7C6BD624BFCF7A0BD604BFCF792
:10A40C00E3BD5F4BFEF705B85C4BFDF78CB8F0EE87
:10A41C00477AFEEEC87A17EE903AFDF768B9584BBA
:10A42C00FCF746BD584A594CFCF7A4BE544BFCF7FC
:10A43C0024BF534BFDF74BBA514BFDF7C3BD504BEB
:10A44C00FCF769BC4D4BFCF7A9BB4D4BFCF740BC72
:10A45C004B4BFCF70BBD4A4BFCF74DBD484BFCF787
:10A46C0053BB494A494CFCF7C4BB454BFCF76FBB8B
:10A47C0041F23A1490FBF4F0FDF702BD41F23A14AC
:10A48C0090FBF4F0FEF735B941F23A1490FBF4F07E
:10A49C00FEF7BAB841F23A1490FBF4F0FDF7CFBADC
:10A4AC0041F23A1694FBF6F4FDF7AABC41F23A15C8
:10A4BC0094FBF5F4FDF789BA314BFEF74BB8304BF2
:10A4CC00FDF7C4BC00220023364D02621C4641FA43
:10A4DC0003F2D20707D555F823207F32D209013277
:10A4EC00944238BF14460133082BF0D1C483FCF7D7
:10A4FC0047BA234BFDF74FBA214BFEF7E0B8204B80
:10A50C00FDF764BC1E4BFDF780BA1D4BFCF7CEBDAE
:10A51C001B4BFEF75FB800220023234D02621C4642
:10A52C0041FA03F2D70707D555F823207F32D20919
:10A53C000132944238BF14460133082BF0D1C48346
:10A54C00FCF71EBA00230B7662B6FDF760BC002345
:10A55C00137662B6FEF75FB80023137662B6FCF78B
:10A56C000FBA00230B7662B6FDF736BA0000FE7FF9
:10A57C00D08A0020C637BE4730E60020D0CCCC0CA9
:10A58C000000018000FEFF46008C3C4B00BE6C506E
:10A59C008FC2F53D019804430000DF43B81E253FF0
:10A5AC000AD7A33B00A7002030910020002313768C
:10A5BC0062B6FCF7E5B900230B7662B6FEF7A0B8DD
:10A5CC008268F8B50D4602F1080100AF002321F0B6
:10A5DC0007010132ADEB010D69460EF067FF0D4925
:10A5EC0068461FF009F898B1023D0024094E22F08C
:10A5FC005FFC03463146002025F8023F01341EF073
:10A60C00FBFF28B1FF2CF2D1024900201EF0F4FF11
:10A61C00BD46F8BDE82400202DE9F043264C91B04E
:10A62C00264F8146264E04F11008264D54F8040B93
:10A63C0005F04EFC57F8040B05F04AFC56F8040BD9
:10A64C0005F046FC55F8040B05F042FCA045EDD195
:10A65C001D4901201D4A002308700BA852F829201F
:10A66C001B49F9F7F9FD0F98C0B103681B6B9847AC
:10A67C00002831D10F9888B10368DB6A98470F988E
:10A68C004368013B43603BB90368DB6A98470F980A
:10A69C0010B103685B68984700230F9322210D4883
:10A6AC0012F07CF9B9F10B0F00F23D810121484603
:10A6BC0007AC00F08FF967E0585D0020485D002082
:10A6CC00AC5C0020BC5C0020DE7C0120345C0020F3
:10A6DC0048CB0020042200209E4904A80EF0C6FDA1
:10A6EC000F9807ACC0B103681B699847012221463B
:10A6FC0090B10F9B1846002B00F029811B689B68BA
:10A70C009847002800F023819DF81C1004A80EF037
:10A71C00A7FE0F980028E6D104A920460EF0C4FD30
:10A72C008D492046FFF74CFF20460EF0D9FD0F2136
:10A73C008A4812F033F90F98002800F0F180036872
:10A74C005B6B9847054628B123F0C2FD01462846AD
:10A75C0012F024F982480EF03BFB0F9888B1036885
:10A76C00DB6A98470F984368013B43603BB9036829
:10A77C00DB6A98470F9810B103685B689847002311
:10A78C000F9304A80EF0ACFD7649734D91F90000BF
:10A79C00754B764A35F9100093F9003092F9002088
:10A7AC0000EE900A7249002035F91220F8EEE00A0A
:10A7BC0091F90010029335F91330DFF814826D4FC4
:10A7CC006D4E00932B4608909FED6C0A6C480194DB
:10A7DC00CDF81C800A9709960CF026FC099B1BB13E
:10A7EC000322214620469847664B019493F900308A
:10A7FC009FED620A35F91330634800EE903A634BD3
:10A80C00CDF81C8093F90030F8EEE00A029335F98C
:10A81C00133000935E4B93F9003035F913205D4BE8
:10A82C0093F90010002308934B4BCDE909670CF00A
:10A83C00FBFB099B1BB10322214620469847564936
:10A84C00019491F90010554A35F9111092F9002034
:10A85C0000EE101A524935F9122091F90010B8EE99
:10A86C00C00A3D4B35F911104E4800EE901A4E4976
:10A87C00CDF81C8091F90010F8EEE00A029135F940
:10A88C0011100091494991F9001035F9111000256A
:10A89C00CDE9096708950CF0C7FB099B1BB1032296
:10A8AC002146204698470E21414812F077F82C4853
:10A8BC00294D01240EF08CFA2046013435F9021F83
:10A8CC00FBF71EFFB4F5807FF6D10021084600F09F
:10A8DC00E9F92B480CF09CFD2B480CF099FD314804
:10A8EC000CF096FD334B1A7822B1334A00211278C2
:10A8FC001970FAB1314A0021314B0F9811700B933A
:10A90C0058B14368013B43603BB90368DB6A984725
:10A91C000F9810B103685B68984711B0BDE8F083DD
:10A92C0001460C4D13E74A4626490D4807AC0EF07C
:10A93C006BFA29E7244AF7EE000A244B92ED001A31
:10A94C0093ED000A30EEC11AF9F7A2FDD2E7FF2110
:10A95C00DCE600BF342D0020A05D0020F421002097
:10A96C00985200208D7A00208E7A00208C7A00205C
:10A97C00907A002059010000CD0400000000C8426C
:10A98C007C890020997A002028C900209A7A00201E
:10A99C00987A00209C7A0020A37A00209F7A0020CD
:10A9AC00A07A0020FCCA0020A17A0020A27A002004
:10A9BC0058220020BC7C0120C47C0120BE7C0120DC
:10A9CC004C3100202822002028CA0020208800209A
:10A9DC00B12E00002DE9F04F04468FB003200D4638
:10A9EC0000219E4E0EF0D6FF4FF0E02340229C48F3
:10A9FC009C4F3470C3F88821437957F824202BB12D
:10AA0C00114608300BF034FB57F8242001239449ED
:10AA1C0009A8F9F721FC002D00F098801821924824
:10AA2C0011F0BCFF91480EF0D3F957F8245035B112
:10AA3C00284623F04DFC0146284611F0AFFF8B4809
:10AA4C0003AD0EF0C5F98A4B8A49284603EB44281E
:10AA5C0006AC0EF00BFC0A2296F9001020460EF004
:10AA6C007BFCDFF82892214628460EF0E7FC2046B6
:10AA7C000EF036FC4946284608F1020708F5FE7828
:10AA8C000EF0E0FC0A2237F9021F20460EF064FC9F
:10AA9C00214628460EF0D2FC20460EF021FC4946F9
:10AAAC0028460EF0CFFCB845ECD1294609A80EF08B
:10AABC005DF909A80EF08CF928460EF011FC0E2158
:10AACC006D4811F06BFF0D98002800F0BA800368F8
:10AADC005B6B9847044628B123F0FAFB01462046ED
:10AAEC0011F05CFF61480EF073F90D9858B10368D2
:10AAFC00DB6A98470D984368013B4360002B00F0DC
:10AB0C00888000230D9396F900000B2800F29C809E
:10AB1C00FFF782FD4FF0E023402203200121C3F810
:10AB2C0008210EF037FF554B0D98099358B1436827
:10AB3C00013B43603BB90368DB6A98470D9810B141
:10AB4C0003685B6898470FB0BDE8F08F17214C483D
:10AB5C0011F024FF45480EF03BF9DFF840A1494BBA
:10AB6C00BAF9902193F800900092B9F1000F5BD1E3
:10AB7C000195454C3D4D04F5007734F9021F2846EC
:10AB8C000EF01AF928460EF023F9A742F5D103ADC1
:10AB9C0006AC384928463D4F0EF068FB0A2296F960
:10ABAC00001020460EF0D8FB21462846DFF8F0B006
:10ABBC000EF044FC20460EF093FB394628460BF56C
:10ABCC00FD780EF03FFC0A223BF9021F20460EF0E6
:10ABDC00C3FB214628460EF031FC20460EF080FBCC
:10ABEC00394628460EF02EFCD845ECD1294609A84A
:10ABFC000EF0BCF809A80EF0EBF828460EF070FB2E
:10AC0C00B9F1000F3FF45BAFDDE900322AF81320F5
:10AC1C0055E70368DB6A98470D9800283FF471AF3D
:10AC2C0003685B6898476CE7A2F115039BB2C62BCF
:10AC3C0010D8174B3AF912101B8801912AF81230D0
:10AC4C0097E70146134C4AE70246134907480EF0B2
:10AC5C00DBF85FE7A94601958BE700BFBB7C0120C1
:10AC6C0048CB0020345C0020A82200209852002001
:10AC7C00AC5F0020E4240020DC2200204C310020BA
:10AC8C00C4220020BC7C01209E5D0020E824002012
:10AC9C008C7C0120342D002028220020A05D002077
:10ACAC00A25D002010B50C46ADF5007D042845D8FA
:10ACBC00DFE800F0036B869D470012215D4811F020
:10ACCC006DFE5D480EF084F85C4C012234F9023FB5
:10ACDC000DEB420C0132584203F07F0100F07F0073
:10ACEC0058BF4142002BB8BF7F33B2F5807F0CF8C0
:10ACFC00021C4FEAE3130CF8013CE7D1504BF2EE87
:10AD0C00047A93ED000A20EE270A1AF09BFB4FF40D
:10AD1C00007100B2424200F07F0302F07F0258BF84
:10AD2C00534200284FF00002B8BF7F308DF8FE313F
:10AD3C00C31168468DF8FF3111F03CF80DF5007D1C
:10AD4C0010BD0B29FAD80E213E4811F027FE0A221D
:10AD5C002146002338480EF065F837480EF038F8D5
:10AD6C00394B20461C70FFF757FC384AF7EE000AA7
:10AD7C00374B92ED001A93ED000A30EEC11A0DF527
:10AD8C00007DBDE81040F9F783BB0D21314811F06F
:10AD9C0005FE29480EF01CF8002103200EF0FAFDE8
:10ADAC002D4825F0E9FB0020274B1870FFF734FCE9
:10ADBC00012103200DF5007DBDE810400EF0EABD29
:10ADCC001021264811F0EAFD00230A2221461A48D8
:10ADDC000EF028F818480DF0FBFF0B2C20D80021A2
:10ADEC0020460DF5007DBDE81040FFF7F3BD1021A6
:10ADFC001A4811F0D3FD00230A2221460E480EF00A
:10AE0C0011F80D480DF0E4FF0F4B0B2C1C7007D8FC
:10AE1C00012120460DF5007DBDE81040FFF7DABD9D
:10AE2C0022460F4904480DF5007DBDE810400DF099
:10AE3C00EBBF00BFEC220020985200209E5D00204A
:10AE4C00205C002024230020BB7C012028CA002089
:10AE5C00208800200023002048CB00201023002055
:10AE6C0028220020854B70B52DED028B1B788CB001
:10AE7C00F02B27D0FA2B08D1814B1B78002B40F0FC
:10AE8C00A3800CB0BDEC028B70BDFC2B36D17C4B7F
:10AE9C001B78002BF5D07B4B7B491B687B4A7C488D
:10AEAC008B420092029005D803EB4303DC00013C7B
:10AEBC00102C77D8774B02AE304698470CB0BDECCF
:10AECC00028B70BD744A754B12781B7843EA0223CF
:10AEDC00062BD6D1724D0122724B8026AC781A709B
:10AEEC006B7816FB0434002C7DD12979E8780CB0F2
:10AEFC00BDEC028BBDE87040FFF7D4BEF82BC0D17F
:10AF0C005F4B1B78002BBCD0674C684E94ED008ACD
:10AF1C000EF016FD3368B2EE047AF2EE066A644D5A
:10AF2C00C01A644BB3FBF0F307EE903AF8EEE77AF5
:10AF3C00E8EE077A87EEA67A84ED007A0EF000FD33
:10AF4C005D4BDFED5E7A93ED006A94ED007A26EEB0
:10AF5C00276ADFED5B6A37EE077A2A68594B0132B4
:10AF6C004849C6EE877A3060182A2A60C6EE076A0E
:10AF7C00BCEEE67AF8EE476A83ED007A77EEE67A75
:10AF8C00FCEEE77A17EE903AC1ED007A4ED0122A19
:10AF9C007FF777AF4C480CB0BDEC028BBDE870402E
:10AFAC000DF052BE02AE08A806923146F8F7DCFC52
:10AFBC00224606A944480DF0C5FD069B08A8DB688F
:10AFCC009847009BDB6877E70023394A3F491360B9
:10AFDC000B70FAF737FB0E213D4811F0DFFC3D48B2
:10AFEC000DF0F6FED6E71F213B4811F0D7FC2146A9
:10AFFC0038480DF0E1FEEB782A790C21374816FB26
:10B00C00023611F0CBFC334831460DF0D5FE3148F9
:10B01C000DF0DEFE324B3146204623F814600CB0A6
:10B02C00BDEC028BBDE87040FBF76ABB1649174AB2
:10B03C0017488B42009202901DD803EB4303DC00AF
:10B04C00013C102C17D902AE08A806923146F8F72D
:10B05C008BFC224606A91C480DF074FD069B08A823
:10B06C00DB689847009BDB6830469847FAF7EAFAAA
:10B07C0000232B6005E7074B02AEF5E7EE7C0120C1
:10B08C00D27C0120FCDF0020AAAAAA0A2C320020C4
:10B09C00F51D000029010000ED7C0120EC7C012055
:10B0AC00E8E90020D97C0120D478002020CA0020B7
:10B0BC00F8CA0020A0252600F0780020C0E1644CDE
:10B0CC00C0E1E44C2CCA0020D8780020D17C0120AF
:10B0DC00982200209852002068220020882200200C
:10B0EC00A05D00202DE9F84F9F4D40F2EE289F4CBB
:10B0FC009F4FDFF814932E6811F0CEFC2378002BB1
:10B10C0000F0CE803B78DB0740F1CA802B68D9F881
:10B11C0000209B1A0E2B40F2C3801D21954811F084
:10B12C003DFC95480DF054FE4FF49661934825F084
:10B13C002FFAF9F701FD40F201129149914804F000
:10B14C0071FF40F201128E498F4804F06BFF72B60A
:10B15C008E4B00228E491A76D96162B68D494FF416
:10B16C0000404FF480338C4C8861A361C8618B4CD8
:10B17C008B488C49A36100F10C058B4C0A6350F889
:10B18C00041B54F8042B8542C1E90633C1E908338A
:10B19C00C2E90633C2E90833F1D184484FF4803355
:10B1AC00DFF868B24FF40045DFF864A24FF40054A6
:10B1BC00DFF860920022DFF86082DFF860E2DFF8EF
:10B1CC0060C27B4F7B4E50F8041BC1E906330B6207
:10B1DC005BF8041B8D615AF8041B81F839228C62D0
:10B1EC0059F8041B81F839228C6258F8041B81F839
:10B1FC0039228C625EF8041BCD615CF8041B0A6377
:10B20C006D4947F8043F814246F8043FDBD16B4B54
:10B21C00002003F1300153F8042B99421063FAD14A
:10B22C00674B40F21E5267485A620BF039FD664874
:10B23C000BF016FE64480BF033FE00210A200EF0D2
:10B24C00E5FB002108200EF0E1FB002109200EF0A7
:10B25C00DDFB00210B200EF0D9FB5C4B1B78002B87
:10B26C0077D117215A4811F099FB43480DF0B0FDE6
:10B27C004FF48011574825F07BF9F8B9564A5749D5
:10B28C003D480DF0C1FDC82100200EF0D7FF002174
:10B29C0001200EF0D3FF002102200EF0CFFFF2E7C9
:10B2AC002B6822789B1B32B1B3F5FA6F3FF635AFA2
:10B2BC0011F0F2FB20E74345FAD92EE7F9F7E0FA53
:10B2CC001221474811F06AFB2B480DF081FD454BCC
:10B2DC0093F900000B2841D8FFF79EF9424900244E
:10B2EC00424A434B434D91F8008017781E7806E094
:10B2FC000134FAF7ABFF05F8010B0C2C0BD03A46D6
:10B30C004146E0B2002EF3D018300134C0B20C2C00
:10B31C0005F8010BF3D10A200EF066FB0146364806
:10B32C00003918BF01210BF085FC33480BF0A6FC4B
:10B33C0010B9324B01221A701721314811F02EFB33
:10B34C000D480DF045FD01210320BDE8F84F0EF02E
:10B35C0021BBFF210C200EF071FF82E70246294928
:10B36C0005480DF051FDB9E790E80020E87C01207C
:10B37C00E77C012038460020985200200000202055
:10B38C00C03A01201C8A0020F8E7002024C50020C8
:10B39C000000FF7FC0E7002094E0002028880020F8
:10B3AC008C7900200CC20020387A0020885D0020A7
:10B3BC00ACE80020FC870020985D002098790020E4
:10B3CC00E88700206888002074C90020BA7C01201E
:10B3DC005846002048CB00207046002084460020B0
:10B3EC0098460020BB7C0120D67C0120D57C012016
:10B3FC00B97C01200491002060830020C67C0120D0
:10B40C00AC4600202822002094E90020DC5C0020BF
:10B41C00EC5C0020FC5C00200C5D0020685D0020D2
:10B42C00485D00202F482DE9F0470BF011FC012856
:10B43C0007D92D4B93F90030013302D02B4B01224D
:10B44C001A7028480BF01AFC40B1294B1B78002BC2
:10B45C0045D1284B1878B0FA80F04009264C0125CC
:10B46C00264B274F04F1FC06DFF88090DFF8A48010
:10B47C00187003E0B44205F101052ED020460C34BF
:10B48C000BF0E6FB0128F5D93B78002BF2D14FF0FD
:10B49C00010A0F21404689F800A011F07FFA2946D5
:10B4AC0018480DF089FC17480DF092FC0E4B93F9DF
:10B4BC0000200132DED16A1E13491448A1FB02128E
:10B4CC0022FA0AF21A70124B1B78002BD2D1B4421A
:10B4DC0005F1010580F800A0D0D1BDE8F08700206F
:10B4EC00BCE700BF74880020917A0020B17C012059
:10B4FC00CA7C0120AF7C012080880020D57C0120F3
:10B50C00C27C012098520020ABAAAAAADE7C0120A2
:10B51C00BA7C01206C2400202DE9F04FDFF85CA2EE
:10B52C0085B0884800245146DFF854920BF0FEFC9D
:10B53C005346854DA246DFF84C821C46834F844E01
:10B54C00DFF844B20FE00AF1010A0C3409F10109E9
:10B55C000135BAF10C0F08F1040807F1040706F1E4
:10B56C00040600F0B68020460BF072FB022849D08E
:10B57C000128E8D14FF0E0234022D8F80000C3F8AE
:10B58C00882104F0A5FC386804F0A2FC306804F0B3
:10B59C009FFC4FF0E0234022C3F8082129780029B2
:10B5AC00D1D06C4B18780F2816D8090401F4FE0181
:10B5BC0041EA001168480078000600F0FE400143A3
:10B5CC00664800780138000200F47060014348F2CC
:10B5DC000800084310F094FB10F09AFB604BDBF86A
:10B5EC00042018685F4BA3FB00105F4B800C19689C
:10B5FC0001FB00F0DBF804309B1A9842FAD80021CA
:10B60C002970A0E799F800105FFA8AF0FAF7FCF8B5
:10B61C004FF0E02240235548C2F8883104F030FC4A
:10B62C00534804F02DFC306804F02AFCD8F80000D4
:10B63C0004F026FC386804F023FC4FF0E022402391
:10B64C00C2F808312978002949D1454B0393464B60
:10B65C00404A92F800C0BCF10F0F3DD80193454B06
:10B66C0099F8001093F800E0434871440293007875
:10B67C000904000601F4FE0100F0FE4041EA0C1141
:10B68C000143364800780138000200F47060014331
:10B69C0049F20900084310F033FB019B019310F0B1
:10B6AC0037FB019B039A1968DBF8043010682D4AAC
:10B6BC00A2FB00C0800C01FB00F0DBF80420D21AC6
:10B6CC009042FAD8029B99F800101878014429701E
:10B6DC0039E705B0BDE8F08F264A0292DEE71D4B34
:10B6EC0018780F2816D8090401F4FE0141EA00115C
:10B6FC0019480078000600F0FE4001431748007816
:10B70C000138000200F47060014348F2080008435D
:10B71C0010F0F6FA10F0FCFA114BDBF804001A46A4
:10B72C000393114B11680F4AA2FB011C19684FEAD5
:10B73C009C4C01FB0CFCDBF80420121A9445FAD843
:10B74C0086E700BF74C90020E8C900209879002062
:10B75C002C790020977A00209B7A0020957A002083
:10B76C009452002083DE1B435878002044C20020F2
:10B77C000CC20020C87C0120947A002098C80020BC
:10B78C0004910020FC780020001000E0724B70B493
:10B79C001C68E40705D4714C2568714C25600124A4
:10B7AC001C608B18034413F0FF0337D06D4C2578C5
:10B7BC009D426A4D11D823706B4B2E681B78684DD7
:10B7CC002E60BBB9012930D000282ED0002A52D0CF
:10B7DC00664B674A1A6070BC7047614E2D683668BC
:10B7EC00A5EB060CBCF1130FF5D923705E4B1B783F
:10B7FC00002BE7D001292BD0002829D05D4B5E49C6
:10B80C00002A60D1B3F89431584A013B9BB2122BF9
:10B81C0028BF0B2351F823301360DCE75148FF217C
:10B82C00564A0370117070BC7047012806D029B1BC
:10B83C00002A2AD04D4B524A1A60CCE700285AD124
:10B84C000029C8D1002AC6D0484B4E4A1A60C2E71C
:10B85C00012824D019B3474B4749002A3FD1B3F8EC
:10B86C009631424A013B9BB2122B28BF0C2351F854
:10B87C0023301360AFE74448444B454900783B4ABA
:10B88C00002808BF0B461360A5E73F48414B4249CF
:10B89C000078364A002808BF0B4613609BE7002847
:10B8AC0031D1002997D1002A95D0324B3249B3F8C7
:10B8BC0098312E4A013B9BB2122B28BF0D2351F815
:10B8CC002330136087E7B3F89A31284A013B9BB2C7
:10B8DC00122B28BF0E2351F8233013607BE7B3F8EB
:10B8EC009C31224A013B9BB2122B28BF0F2351F8EB
:10B8FC00233013606FE700293FF46DAFAAB11B4BE7
:10B90C00264A1A6067E700293FF465AF194B1A49BC
:10B91C00AAB1B3F8A031154A013B9BB2112B28BF39
:10B92C00112351F82330136055E717481C4B1D4960
:10B93C0000780E4A002808BF0B4613604BE7B3F89B
:10B94C009E310A4A013B9BB2122B28BF102351F89F
:10B95C00233013603FE700BF8C83002090E8002069
:10B96C00B8840020A37C0120AF7C01209C5D0020CA
:10B97C0038780020A05D0020645C0020917A0020C3
:10B98C005C780020E0780020B07C0120407800201A
:10B99C0048780020647800206C7800202C5C002013
:10B9AC00C8770020C07700202DE9F0470023124C07
:10B9BC00DFF84C9004F1FC071D46104EDFF8448074
:10B9CC00DFF844A089F8003020460C340BF056F90F
:10B9DC00A6FB0523013550B198F900205908012028
:10B9EC00B2EB530F03D089F800008AF80010BC4268
:10B9FC00EAD1BDE8F08700BF80880020ABAAAAAAD4
:10BA0C00D67C0120917A0020D77C01202DE9F84FBB
:10BA1C003A480DF019F93A480DF016F9394C3A48F4
:10BA2C000DF012F939480DF00FF9394D4FF0E023B4
:10BA3C004022DFF8FC8004F11009364F364EDFF857
:10BA4C00F4B0DFF8F4A0C3F8882154F8040B04F028
:10BA5C0055FA90B94C4505F1010508F1040807F1B8
:10BA6C00040706F10406F0D14FF0E0234022C3F89E
:10BA7C000821BDE8F84F10F04BB9D8F8000004F0DD
:10BA8C0027FA386804F024FA54F8040C04F020FA6D
:10BA9C00306804F01DFA2B78002BDBD09BF80020CB
:10BAAC000F2A16D81B0448F2080003F4FE0343EADD
:10BABC0002131A4A1278120602F0FE421343184A75
:10BACC001278013A120202F470621343184310F018
:10BADC0017F9144BDAF804101A68134BA3FB023253
:10BAEC00124B920C1B6803FB02F2DAF804305B1A5F
:10BAFC009A42FAD800232B70ACE700BF9C78002048
:10BB0C00A4780020AC5C0020AC780020B478002035
:10BB1C00CC890020485D0020BC5C00208F7A00207E
:10BB2C008A7A00209452002083DE1B435878002030
:10BB3C00585D0020B67C0120001000E02DE9F04F8C
:10BB4C003F4C83B000233F4EDFF8249104F11001E9
:10BB5C00DFF820813C4D3D4FDFF81CA1DFF81CB114
:10BB6C00009354F8042BDAF800309B1ABBF8002031
:10BB7C009A4211D38C4206F1010609F1040908F12D
:10BB8C00040805F1040507F10407EAD1009B002B1A
:10BB9C0051D103B0BDE8F08F286804F0AFF92C49FF
:10BBAC000028E7D00190D9F8000004F091F9D8F8FA
:10BBBC00000004F08DF9286804F08AF9386804F064
:10BBCC0087F93278019B2249002AD3D0214800788A
:10BBDC000F2819D81204009302F4FE0242EA001254
:10BBEC001D480078000600F0FE4002431B48007818
:10BBFC000138000200F47060024348F20800104360
:10BC0C0010F07EF81249009B154A1648D0F804C073
:10BC1C001068154AA2FB0020144A800C126802FB23
:10BC2C0000F0104A5268A2EB0C029042F9D8009333
:10BC3C00002333709EE703B0BDE8F04F10F068B8F6
:10BC4C0014CC0020CC890020AC5C0020BC5C002013
:10BC5C0024CC0020B67C01208F7A00208A7A002028
:10BC6C0094520020001000E083DE1B435878002023
:10BC7C00585D0020485D002090E80020867A002066
:10BC8C002DE9F041204F84B000264FF001081F4DE4
:10BC9C0007F1FC040396CDE9016638460C370AF02F
:10BCAC00EDFFA5FB0832064322F00103F6B203EBCD
:10BCBC00520348B104AAA8EB030302EB830353F825
:10BCCC000C2C013243F80C2CA74208F10108E4D1EA
:10BCDC00019B022B02DC029B022B09DD0C49FF208D
:10BCEC000C4B012208701A7036B104B0BDE8F0811B
:10BCFC00039B022BF8DDF1E7064B1E7004B0BDE888
:10BD0C00F041FFF783BE00BF80880020ABAAAAAA2F
:10BD1C00917A0020C27C0120F0B594488DB00AF0D5
:10BD2C0097FF022804467ED0012801D00DB0F0BD4B
:10BD3C008F4B904A1B6812689B1AB3F5487FF5D954
:10BD4C0020218D4C8D48002610F028FE8C480DF0DB
:10BD5C003FF823788B4A314683F001030C20167090
:10BD6C0023700EF06BFA2478002C00F0E980864BDF
:10BD7C001621864D86481E7010F010FE80480DF07E
:10BD8C0027F8FE2128682971A0B1824B824A03440E
:10BD9C0082481B11D154137851788B4228BF0B4623
:10BDAC009178D2788B4228BF0B46934228BF13461A
:10BDBC0080F87A307A4B7B491B687B4A7B488B42F4
:10BDCC000092029000F2CF8003EB4303DC00013CB5
:10BDDC00102C40F2C88002AE08A806923146F7F744
:10BDEC00C3FD224606A969480CF0ACFE069B08A8C8
:10BDFC00DB689847009BDB68304698476C4B694A78
:10BE0C0001201B686B499342087008D803EB43036D
:10BE1C00DB00013B102B02D92A6802B11360664B80
:10BE2C0001221A7082E7544B1B787BB1504D514E56
:10BE3C002B6832689B1A642B04D92B689B1AB3F5B8
:10BE4C00FA6F1CD32B6833600DB0F0BD0E215B482C
:10BE5C0010F0A4FD4A480CF0BBFF4A4A0C201378A2
:10BE6C0083F00103C3EB032113700EF0E7F9544B7D
:10BE7C0093F90030013370D03D4D3E4EE2E72B6814
:10BE8C00B1EE044B4F4FB1EE085B9A1A4EF660239D
:10BE9C0097ED006A15214C48B7EEC66AB3FBF2F376
:10BEAC0007EE103AB8EEC77BA6EE047B87EE056B67
:10BEBC00B7EEC66B87ED006A10F070FD97ED000AC7
:10BECC0021462F48B7EEC00A0CF0C2FF2C480CF0EC
:10BEDC007FFF3E4B9FED3E7A93ED006AD7ED006AF3
:10BEEC0026EE076ADFED3B7A76EEA66A324B304AD5
:10BEFC001C7887EEA67A2B492948C6EE267AFCEEEA
:10BF0C00E77A17EE903AC2ED007AF8EE677A77EEA0
:10BF1C00677AFCEEE77A17EE902AC0ED007A002CD7
:10BF2C0008BF13468B428DD803EB4303DB00013B68
:10BF3C00102B87D9154A1268002A83D0136081E729
:10BF4C001621254810F02AFD0D480CF041FF0F4832
:10BF5C000CF07AFE174B1C70E8E6204B0122044DC6
:10BF6C00044E1A706EE71E4B02AE45E7F4C9002072
:10BF7C0090E8002000E00020D27C01205C2300200F
:10BF8C0098520020BA7C0120D17C0120D878002066
:10BF9C008023002000BFF7BF7C56002000E400E0A7
:10BFAC00FCDF0020AAAAAA0A2C320020F51D0000F2
:10BFBC002CCA0020D37C0120927A0020342300204C
:10BFCC00917A0020D478002044230020F0780020BF
:10BFDC00C0E1644CC0E1E44C98230020DE7C0120DD
:10BFEC00290100002DE9F04F894C85B0CDE90123E2
:10BFFC002368DD0705D4874B1A68874B1A60012329
:10C00C002360864B1A68D40705D4824A1468844A84
:10C01C00146001221A60022800F0BA80022900F094
:10C02C008180012802D17F4B00221A70012902D194
:10C03C007D4B00221A707D4B1B78002B00F0818009
:10C04C007B4B7C4E0093019B002B00F0B180029B3C
:10C05C00002B00F0AD80784B0393009B1B781BB931
:10C06C006C4B1A68754B1A60754C0123009A4FF093
:10C07C00000ADFF8D89104F1FC05DFF8F481A3463F
:10C08C00704F137058460BF10C0B0AF0E1FD0228AF
:10C09C0016D16D4987FB0A320123A1FB0A01C2EBC1
:10C0AC00EA72337021F0010303EB5103AAEB030393
:10C0BC00C3EBC3034344134493F90630C9F800306F
:10C0CC005D450AF1010ADDD13378C3B15F4B1B68C2
:10C0DC00591C14D05E4A11788B4210D013705D4EEF
:10C0EC005D4AA2F8463033784BB1FAF741FA33780F
:10C0FC002BB1F9F77BFF02E0A54200F085802046CA
:10C10C000C340AF0BBFD0028F6D0504B1B685A1CAF
:10C11C0000D05BB2039A1370444B1B780BB305B081
:10C12C00BDE8F08F404B01243A4A1C70A0421268C3
:10C13C003B4B1A603FF477AF3C4B1B78002B7FF4E2
:10C14C007FAF384A127822B1374A1278002A40F071
:10C15C009180374B0093019B1BB1029B002B40F04D
:10C16C00BC80009B1B78002BD9D02A4B334A1B6810
:10C17C0012689B1AB3F5C87FD1D9019B13B1029BEE
:10C18C00002BCCD10023354A009913700B70C6E7F5
:10C19C00244A01232048022913701E4A14680460A3
:10C1AC007FF444AF204912680B701D4B1A6042E7B4
:10C1BC002B4BF7EE000A00241C4D93ED001A294B73
:10C1CC0030EEC11A2C7093ED000AF8F761F9114B9F
:10C1DC001A4A196834700124009B116016211B4AFD
:10C1EC001C704FF0FF3320481360134A13700392F6
:10C1FC0010F0D4FB1D480CF0EBFD184B1C702B7889
:10C20C00002B7FF42AAFACE74FF0FF3382E700BF7F
:10C21C009483002090E80020C084002098830020A4
:10C22C00C4840020A67C0120A87C0120C47C0120B1
:10C23C00CC7C0120A97C01209D7A002038DF0020D5
:10C24C008088002056555555ABAAAAAA80560020C6
:10C25C00C57C0120B17C0120A05D0020A77C0120C1
:10C26C0028CA002020880020CC24002098520020CE
:10C27C0014320020234A244910680A68121AB2F5B5
:10C28C00C87FBFF466AF214A10680A68121AB2F56B
:10C29C00C87FBFF45EAF01241D4A096814701D4AA3
:10C2AC001D4E147000921D4A1D4D11604FF0FF324F
:10C2BC0033701C4B1A602B78002B7FF4C4AE172103
:10C2CC00194810F06BFB19480CF082FD104B2C70C8
:10C2DC001B78002B3FF43FAFB5E60098037853B1C1
:10C2EC000123009A13700A4B1B78002B7FF417AFB5
:10C2FC00054B1B6813E7044A0121084B12680170B7
:10C30C001A60F0E7C084002090E80020C48400206C
:10C31C00C47C0120CC7C0120A97C012038DF0020CA
:10C32C00A77C012080560020B424002098520020C5
:10C33C00F8B5684D2C68E40705D4674C2668674C43
:10C34C00266001242C60664C247824B9654C247832
:10C35C000CB922B11BB1644B00221A70F8BD624CAF
:10C36C000228257844D1012B42D0002D54D1012133
:10C37C00594B5E4E2170317019681B6857485B1A17
:10C38C000160B3F5C87FE9D3002AE7D058480023F1
:10C39C001821237010F002FB56480CF019FD564B77
:10C3AC001978002952D0554C337894F90000544A2E
:10C3BC00002B49D0013082FB0032C317C3EB620360
:10C3CC0003EB4303A0EB830040B20B28207072D820
:10C3DC00FEF722F94B4AF7EE000A4B4B92ED001A8E
:10C3EC0093ED000A30EEC11ABDE8F840F8F750B8EA
:10C3FC00022915D1012A13D0EDB9374A01213B4E40
:10C40C002170116812683548521A35700160B2F506
:10C41C00C87FA3D36BB9F8BD022901D1012A0AD177
:10C42C00324E377857BB012951D12B4B1B68002D4D
:10C43C0094D03648ABE72D4E35789DB1012824D1E8
:10C44C00254B2B481B68A2E70B30B4E7304B2B4C29
:10C45C001B78002BA8D094F900000B2831D8FEF7DC
:10C46C00B9FAA1E71C491D4809680068091AB1F519
:10C47C00C87FFFF473AF9A42DBD1F8BD012804D119
:10C48C00154B1B68002D81D1F8BD14490127086894
:10C49C0011490968002D3FF461AF091AB1F5C87F45
:10C4AC00FFF45CAF9A423FF459AF1148174B002F81
:10C4BC0008BF18466BE7024616490E480CF0A4FC60
:10C4CC0088E7024613490B480CF09EFC6CE70349C5
:10C4DC000868DDE79083002090E80020BC840020F1
:10C4EC00C47C0120CC7C0120A57C0120A47C0120F3
:10C4FC009824002098520020D97C0120BB7C01207C
:10C50C00ABAAAA2A28CA0020208800207C2400205C
:10C51C00BE7C01202822002010B52B482DED028B6B
:10C52C000AF096FB012807D002282ED0274C23783E
:10C53C0023B9BDEC028B10BD244B1870244C254B39
:10C54C0094ED000A93ED008A18F0B2FFB7EEC07AB2
:10C55C00F7EE000AB0EE480A9FED156B9FED161B27
:10C56C00A7EE061BB7EEC11BF7F792FF94ED007A0E
:10C57C009FED136BB7EEC77ABDEC028B37EE067BE3
:10C58C00B7EEC77B84ED007A10BD134BF7EE000AB3
:10C59C00104A93ED001A00230C4C30EEC11A92EDA8
:10C5AC00000A2370F7F774FFC1E700BFAFF30080F8
:10C5BC009A9999999999D93F333333333333E33F6C
:10C5CC007B14AE47E17A743F60830020C67C012067
:10C5DC00985D00202088002028CA00202DE9F04713
:10C5EC00794D8CB0794C2B7823B923782BB1784BBF
:10C5FC001B7813B1774B1B7823B1002323700CB03D
:10C60C00BDE8F0871621744810F0C8F973480CF097
:10C61C00DFFB734AFD20734902F1200C724F734EFD
:10C62C001368083202F8040CA3B13B441B11C85424
:10C63C000B7891F801E0734528BF734691F802E03E
:10C64C00734528BF734691F803E0734528BF7346C2
:10C65C0086F87A309445E3D1654F4FF47A72654988
:10C66C003B68009102FB03F3634A0A33934200F2E6
:10C67C00A98003EB4302D200013A102A40F2A280B7
:10C68C00069106A956480CF05DFA069B08A8DB68D3
:10C69C009847009BDB68DFF8809102A898473868C0
:10C6AC00D9F80030DFF8748103F10A0A4FF47A7379
:10C6BC0003FB00F6514BD8F80000564400930CF0E5
:10C6CC009FFD4D4B3044984214D800EB4000C600FF
:10C6DC00013E102E0ED9009B02A908A806935B6898
:10C6EC009847324606A946480CF02CFA069B08A837
:10C6FC00DB689847009B02A8DB689847D9F80030A4
:10C70C0038685B0003F10A0A4FF47A7303FB00F6F6
:10C71C003C4BD8F80000564400930CF071FD364B9E
:10C72C003044984214D800EB4000C600013E102E55
:10C73C000ED9009B02A908A806935B68984732465D
:10C74C0006A931480CF0FEF9069B08A8DB6898474F
:10C75C00009B02A8DB689847D9F800303E6803EBD1
:10C76C004303D8F8000003F10A074FF47A7303FB74
:10C77C0006F6264B3E4400930CF042FD1E4B304413
:10C78C00984214D800EB4000C600013E102E0ED982
:10C79C00009B02A908A806935B689847324606A935
:10C7AC001B480CF0CFF9069B08A8DB689847009B48
:10C7BC0002A8DB68984700232B70002323700CB071
:10C7CC00BDE8F087134B66E7DE7C0120B17C0120CD
:10C7DC00A47A0020D27C01205424002098520020FE
:10C7EC009C7800207C56002000BFF7BF00E400E0DE
:10C7FC00C88900207C320020AAAAAA0A4C32002048
:10C80C00A47800205C320020AC7800206C32002030
:10C81C00B47800203D0100002C780020CC7800205A
:10C82C001A4AB2F9900183B2A3F11501C6292BD88B
:10C83C00C83B012B28D910B5154C2378B3B1154B37
:10C84C00B3F9001022F81010F9F75AFF124BF7EE5B
:10C85C00000A124A93ED001A002392ED000A23708D
:10C86C0030EEC11ABDE81040F7F712BEB2F99211C2
:10C87C0032F810C0074B22F81010A3F800C0F9F7DB
:10C88C003FFF0123237010BD704700BFA05D002047
:10C89C00BC7C01208C7C012028CA00202088002030
:10C8AC002DE9F041002084B00FF060FB002840F02F
:10C8BC002781AA4C2378002B40F01D81A84B1A78B5
:10C8CC0022B1A8490022D1F884111A70A64C237801
:10C8DC004BB1A64B40F2DC52A5491B6809685B1AA8
:10C8EC00934200F225810B20DFF8DC820DF07CF8FE
:10C8FC000146A048003918BF01210AF09BF9092014
:10C90C000DF072F801469C48003918BF01210AF05D
:10C91C0091F908200DF068F801469848003918BFC5
:10C92C0001210AF087F90A200DF05EF801469448BF
:10C93C00003918BF01210AF07DF9924992480AF09A
:10C94C00F1F9FFF7E9FDFFF7E7F98B480AF080F9F9
:10C95C0004468A480AF07CF90146874803910AF09C
:10C96C008DF90246854800920AF088F9009A034630
:10C97C0003990290204601920091FFF733FB009936
:10C98C002046DDE90123FFF7D3FC98F80030002B9B
:10C99C0040F0AE807B480AF071F905467B48294689
:10C9AC000AF0DEFB0446294679480AF0D9FB044319
:10C9BC0029467848E4B20AF0D3FB774944EA0003ED
:10C9CC000A78DBB21A430A70002D40D1734B744CB9
:10C9DC001D70744A1368D90705D4644B72491B68DF
:10C9EC000B6001231360714A1368DB0705D45F4B9E
:10C9FC006F491B680B60012313606E4D61480AF090
:10CA0C003DF92B78E0B9002B40F089806A4F3B78D8
:10CA1C00012B78D02870F8F703F8684B1B7823B9F2
:10CA2C0098F80030002B00F0888094F90030002B2F
:10CA3C001EDAFEF7F7FC04B0BDE8F041FEF76CBD62
:10CA4C00002BE3D1494B1A68574B1A60DEE76BB1E8
:10CA5C00524B534C1A78002ABBD194F90010012286
:10CA6C0001311A70B5D0564B1A70B2E74C4CB0E786
:10CA7C00544A0326434D1370FEF796FF012394F995
:10CA8C00000016FB003000EB400005EB80000AF0C4
:10CA9C00F5F894F900200223074616FB0233484EA2
:10CAAC0003EB430305EB83000AF0E8F894F900303C
:10CABC000090013303EB430303EB430305EB8300CB
:10CACC000AF0DCF8009902463846FEF75FFE337830
:10CADC002BB1F9F78BFA33780BB1F9F749FDFFF766
:10CAEC007DFDFEF79FFC04B0BDE8F041FEF714BDE0
:10CAFC00FFF724F84EE70FF00BF900232370DDE667
:10CB0C00FEF7B0F9D5E62A4B1A68184B1B689B1A2E
:10CB1C00B3F5C87F7FF67EAF00233B707AE7224ADD
:10CB2C00124B11681A68521AF92A09D9224FF3E7E5
:10CB3C00F7F71AFE00232370D5E6FFF7A1F874E788
:10CB4C0094F900201C4F0132E6D13A781849012A99
:10CB5C003CD001223A701A680A60D7E7C97C0120E0
:10CB6C00D97C012000002E40C77C012090E80020D9
:10CB7C00F4CA0020F4C9002078E90020B0BC0020E1
:10CB8C006083002074880020688800207C89002045
:10CB9C0028C90020FCCA0020BE7C0120CA7C0120D0
:10CBAC00917A00209C830020C8840020A083002060
:10CBBC00CC840020AA7C0120AB7C0120BA7C012013
:10CBCC00B17C0120C07C0120D27C01201A680E6847
:10CBDC00921BB2F5C87FBCD238700090FFF720FED4
:10CBEC00009814E7000000002DE9F04FBD4885B017
:10CBFC00F7F7E8FABC48F7F781FABC48F7F7B0F951
:10CC0C00BB48F7F7ADF9BB48F7F7DCFABA48F7F7CA
:10CC1C0075FABA48F7F742FAB948F7F7A1F9B948E3
:10CC2C00F7F79EF9B848F7F79BF9B848F7F7CAFA3F
:10CC3C00B748F7F795F9B748F7F7C4FAB648F7F7D6
:10CC4C008FF9B648F7F78CF9B548F7F7BBFAB54842
:10CC5C00F7F786F9B448F7F783F9B448F7F7B2FA5F
:10CC6C00B348F7F779FAB348F7F776FAB248F7F71B
:10CC7C0073FAB248F7F770FAB148F7F76DFAB148A2
:10CC8C00F7F76AFAB048F7F767FAB048F7F764FABB
:10CC9C00AF48F7F761FAAF48F7F75EFAAE48F7F727
:10CCAC005BFAAE48F7F758FAAD48F7F78BFAAD4890
:10CCBC00F7F724FAAC48F7F721FAAC48F7F71EFA65
:10CCCC00AB48F7F71BFAAB48F7F718FAAA48F7F78F
:10CCDC0015FAAA48F7F712FAA948F7F70FFAA94874
:10CCEC00F7F70CFAA848F7F709FAA848F7F706FA85
:10CCFC00A748F7F703FAA748F7F7D0F9A648F7F7CC
:10CD0C00CDF9A648F7F7CAF9A548F7F7C7F9A5482A
:10CD1C00F7F726F9A448F7F723F9A448F7F720F911
:10CD2C00A348F7F71DF9A348F7F71AF9A248F7F744
:10CD3C0017F9A248F7F714F9A148F7F711F9A14828
:10CD4C00F7F70EF9A048F7F70BF9A048F7F708F931
:10CD5C009F48F7F705F99F48F7F702F99E48F7F750
:10CD6C00FFF89E48F7F7FCF89D48F7F7F9F89D484F
:10CD7C00F7F7F6F89C48F7F7F3F89C48F7F7F0F854
:10CD8C009B48F7F7EDF89B48F7F7EAF89A48F7F75E
:10CD9C00E7F89A48F7F7E4F89948F7F7E1F8994873
:10CDAC00F7F7DEF89848F7F7DBF89848F7F7D8F874
:10CDBC009748F7F7D5F89748F7F7D2F89648F7F76A
:10CDCC00CFF89648F7F7CCF89548F7F7C9F8954897
:10CDDC00F7F7C6F89448F7F7C3F89448F7F7C0F894
:10CDEC009348F7F7BDF89348F7F70EFA9248F7F720
:10CDFC00B3F99248F7F708FA9148F7F7ADF991486B
:10CE0C00F7F7AAF99048F7F7A7F99048F7F7A4F9BC
:10CE1C008F48F7F7A1F98F48F7F770F98E48F7F7B5
:10CE2C00F3F98E48F7F798F98D48F7F795F98D488F
:10CE3C00F7F792F98C48F7F7E7F98C48F7F78CF984
:10CE4C008B48F7F789F98B48F7F786F98A48F7F793
:10CE5C00EDF88A48F7F7EAF88948F7F7E7F88948D0
:10CE6C00F7F7E4F88848F7F7E1F88848F7F7DEF8C1
:10CE7C008748F7F7DBF88748F7F7D8F88648F7F7CD
:10CE8C00D5F88648F7F7D2F88548F7F7CFF88548F4
:10CE9C00F7F7CCF88448F7F701F98448F7F7FEF870
:10CEAC008348F7F7FBF88348F7F75AF88248F7F707
:10CEBC00F5F88248F7F7F2F88148F7F7EFF8814870
:10CECC00F7F74EF88048F7F74BF88048F7F748F833
:10CEDC007F48F7F7E3F87F48F7F7E0F87E48F7F775
:10CEEC00DDF8FBE008E6002030E600200CC2002054
:10CEFC0044C200203C8F0020648F0020C0E700203B
:10CF0C00183A0120A02D0120682D01200C220120AF
:10CF1C00503A0120BC2E0120B8200120F020012025
:10CF2C005C1501204014012008140120AC080120DC
:10CF3C003C540120144D0120D0570120F85E0120F3
:10CF4C0058420120A850012080490120645B012037
:10CF5C008C620120C43E012020660120EC4501209A
:10CF6C0024C50020E47A0120A47401203476012029
:10CF7C00B4690120F46F0120847101201473012025
:10CF8C00C477012054790120D46C0120446B01201A
:10CF9C00646E0120D82D0120883A0120282101201F
:10CFAC0078140120ACBD0020E4BD002054BE00204C
:10CFBC008CBE0020C4BE0020CCBC00201CBE0020B7
:10CFCC0074BD002034BF00203CBD002004BD0020F7
:10CFDC00FCBE00202CC100209CC10020A4BF00205E
:10CFEC0014C00020F4C0002064C10020D4C1002073
:10CFFC0084C00020BCC00020DCBF00206CBF00201F
:10D00C004CC0002074C40020B4C20020ACC400206A
:10D01C00E4C4002004C400203CC40020ECC2002066
:10D02C00CCC3002024C300207CC200205CC30020A1
:10D03C0094C300206C220120B42901201C2F012054
:10D04C0020260120643601208C220120D0320120C0
:10D05C003C2F0120D08A0020BC150120041D01208A
:10D06C0070190120DC1501200C090120541001203D
:10D07C002C090120C00C01202CC7002068C70020FF
:10D08C00C4C50020E0C70020B4C600201CC8002086
:10D09C00F0C60020A4C7002058C800203CC60020C1
:10D0AC0078C6002000C6002008E90020D0E8002047
:10D0BC0040E90020482E012034220120E42E0120DA
:10D0CC008415012098210120E81401203808012042
:10D0DC00D408012098E80020B8E30020B048F6F707
:10D0EC00DDFFB048F6F7DAFFAF48F7F707F8AF48BF
:10D0FC00F6F79CFFAE48F6F799FFAE48F6F796FFA9
:10D10C00AD48F6F793FFAD48F6F7C8FFAC48F6F715
:10D11C0027FFAC48F6F724FFAB4CAC48DFF8A8A3CC
:10D12C00F6F71EFFAA4DAB48F6F71AFFAA4E04F10C
:10D13C00180202212046A94FF6F7EEFE05F118025F
:10D14C0002212846C4F800A0A54CF6F7E5FE06F12E
:10D15C00180202213046C5F800A0F6F7DDFEA14DFD
:10D16C0004F1180202212046C6F800A0F6F7D4FEFE
:10D17C009D4EC4F800A0002405F118020121284698
:10D18C00DFF84883F6F7C8FE984A994928462E607E
:10D19C00EC610FF071FD9748974DF6F77FFF9748BC
:10D1AC00F6F77CFF9648F6F741FF05F118020121CE
:10D1BC002846F6F7B1FE8D4A8D4928462E60EC6163
:10D1CC000FF05AFD8F48F6F769FF8F48F6F766FFA8
:10D1DC008E48F6F793FF8E48F6F760FF8D48F6F70A
:10D1EC0025FF8D48F6F7F0FE8C4D8D48F6F786FF3F
:10D1FC008C48F6F753FF05F1180202212846F6F782
:10D20C008BFE8948C5F800A0F6F748FF8748F6F76B
:10D21C000DFF8748F6F7D8FE864A3B68C2F80080B7
:10D22C0014611481D460002B02F0B68319465B693B
:10D23C00002BFBD14A6100247F4B7E4801251360F3
:10D24C00022654614FF003095460947203F008F9FC
:10D25C007A48F6F723FF7A48F6F7E8FE7948F6F7AE
:10D26C001DFF794A79497A48F6F744FE5F4A7949B5
:10D27C0077480FF001FD784A78497948F6F73AFE7D
:10D28C005A4A744976480FF0F7FC76480BF082FA4C
:10D29C00754B22466C49009572480BF0EFFA534AD5
:10D2AC006C4970480FF0E8FC70480BF073FA6E4B49
:10D2BC00224669496D4800940BF0E0FA4B4A6549E7
:10D2CC006A480FF0D9FC6A4A6A496B48F6F712FEB5
:10D2DC00464A604968480FF0CFFC684A654968487F
:10D2EC00F6F708FE414A5B4965480FF0C5FC654AF4
:10D2FC0060496548F6F7FEFD3C4A564962480FF016
:10D30C00BBFC624A5B496248F6F7F4FD374A514967
:10D31C005F480FF0B1FC5F4A5F496048F6F7EAFDE1
:10D32C00324A4C495D480FF0A7FC5D4A5A495D48AA
:10D33C00F6F7E0FD2D4A47495A480FF09DFC5A4A32
:10D34C0055495A48F6F7D6FD284A424957480FF036
:10D35C0093FC574A50495748F6F7CCFD234A3D49B0
:10D36C0054480FF089FC54480BF014FA534B2246E6
:10D37C003D49514800940BF081FA1C4A35494E48FE
:10D38C000FF07AFC4E480BF005FA4E4B224636490C
:10D39C004B4800940BF072FA144A2E4998E000BFE7
:10D3AC0048E3002080E30020AC8D0020802E01207B
:10D3BC0020150120D021012070080120E8870020D1
:10D3CC00000801206021012098200120B0140120C8
:10D3DC00482D0120102E0120F8390120B88300209F
:10D3EC00E8130120F8E700201C31002090560020A3
:10D3FC00BDC700001CE800201C8A0020E08900202A
:10D40C0088C5002094E00020408A002078E40020A9
:10D41C0054E800204CC50020E0A6002010E40020B9
:10D42C0010E1002028880020988A0020CCE0002001
:10D43C001091002000CA002048300020A0E20020FB
:10D44C00D08C00200C8D00200CC2002008E600209F
:10D45C003CCC0020E150010044C2002030E600200A
:10D46C00E8D4002034D90020C0E7002010DA0020D6
:10D47C00081401203C8F0020ECDA0020B820012099
:10D48C00C8DB0020682D0120A4DC0020183A012004
:10D49C0080DD002040140120648F00205CDE002021
:10D4AC00F020012050CC0020A02D01202CCD0020FC
:10D4BC00503A012008CE0020E4CE0020C43E0120CA
:10D4CC00C0CF0020144D0120F8300020E02F0020A8
:10D4DC00A4480FF0D1FBA4480BF05CF9A34B2246F7
:10D4EC00A349A14800940BF0C9F9A24AA2499E484D
:10D4FC000FF0C2FBA1480BF04DF9A14B22469C4901
:10D50C009E4800940BF0BAF99A4A9B499B480FF03D
:10D51C00B3FB9C480BF03EF99B4B2246944999482F
:10D52C0000940BF0ABF9934A934996480FF0A4FB87
:10D53C0096480BF02FF9964B22468D499348009450
:10D54C000BF09CF98B4A8C4990480FF095FB914855
:10D55C000BF020F9904B224685498E4800940BF035
:10D56C008DF9844A84498B480FF086FB8B480BF06D
:10D57C0011F98B4B22467E49884800940BF07EF9BA
:10D58C007C4A7D4985480FF077FB86480BF002F901
:10D59C00854B22467649834800940BF06FF9754A07
:10D5AC00754980480FF068FB80480BF0F3F8804B0E
:10D5BC0022466F497D4800940BF060F96D4A6E4924
:10D5CC007A480FF059FB7B480BF0E4F87A4B224673
:10D5DC006749784800940BF051F9664A66497548DA
:10D5EC000FF04AFB75480BF0D5F8754B2246604995
:10D5FC00724800940BF042F95E4A5F496F480FF095
:10D60C003BFB70480BF0C6F86F4B22466F490095F8
:10D61C006C480BF033F9574A57496A480FF02CFB0A
:10D62C006B480BF0B7F86B4B22466B49684800947B
:10D63C000BF024F94F4A504965480FF01DFB674821
:10D64C000BF0A8F8634B22466549009563480BF034
:10D65C0015F9484A484961480FF00EFB61480BF038
:10D66C0099F85C4B2246604900965E480BF006F92F
:10D67C00404A41495B480FF0FFFA5C480BF08AF8CE
:10D68C00514B22465A49594800940BF0F7F8394A45
:10D69C00394956480FF0F0FA56480BF07BF84A4BD4
:10D6AC0022465549009653480BF0E8F8314A324966
:10D6BC0050480FF0E1FA51480BF06CF8504B2246F1
:10D6CC00504900954D480BF0D9F82A4A2A494B4845
:10D6DC000FF0D2FA4C480BF05DF8494B22464B49FF
:10D6EC00494800940BF0CAF8224A234946480FF0E7
:10D6FC00C3FA47480BF04EF8414B22464549009679
:10D70C0043480BF0BBF81B4A1B4941480FF0B4FAD5
:10D71C0041480BF03FF8414B224641493E480094AA
:10D72C000BF0ACF8134A14493B480FF0A5FA3D48EE
:10D73C000BF030F8394B22463B49009539480BF039
:10D74C009DF80C4A0C4937480FF096FA37480BF005
:10D75C0021F8324B22463649009634480BF08EF8AD
:10D76C00044A67E0C0CF00209CD00020A8500120C4
:10D77C00C0E7002090560020E150010078D1002035
:10D78C003C54012054D20020D057012030D300202B
:10D79C00645B01200CD40020F85E0120FCD4002036
:10D7AC008C620120F4D700202066012094D8002040
:10D7BC0058420120A8D80020EC450120BCD80020FC
:10D7CC0080490120D0D80020883A0120183A012045
:10D7DC00E4D80020D82D0120A02D0120F8D800205D
:10D7EC00682D01200CD900200C22012020D900200A
:10D7FC00503A012048D90020BC2E01205CD90020D1
:10D80C0028210120B820012070D90020F02001200F
:10D81C0084D900205C15012098D9002078140120AF
:10D82C0040140120ACD9002008140120C0D90020DC
:10D83C00AC0801209D499E480FF01EFA9D4A9E4956
:10D84C009E48F6F757FB9E4A98499C480FF014FAED
:10D85C009C4A9D499D48F6F74DFB994A93499B4834
:10D86C000FF00AFA9A4A9B499B48F6F743FB944AF5
:10D87C008E4999480FF000FA984A99499948F6F759
:10D88C0039FB8F4A894997480FF0F6F9964A974920
:10D89C009748F6F72FFB8A4A844995480FF0ECF924
:10D8AC00944A95499548F6F725FB854A7F49934854
:10D8BC000FF0E2F9924A93499348F6F71BFB804A22
:10D8CC007A4991480FF0D8F9904A91499148F6F766
:10D8DC0011FB7B4A75498F480FF0CEF98E4A8F4960
:10D8EC008F48F6F707FB764A70498D480FF0C4F95C
:10D8FC008C4A8D498D48F6F7FDFA714A6B498B4875
:10D90C000FF0BAF98A4A8B498B48F6F7F3FA6C4A4E
:10D91C00664989480FF0B0F9884A89498948F6F771
:10D92C00E9FA674A614987480FF0A6F9864A8749A0
:10D93C008748F6F7DFFA624A5C4985480FF09CF994
:10D94C00844A82498448F6F7D5FA5D4A5749824899
:10D95C000FF092F9814A7D498148F6F7CBFA584A83
:10D96C0052497F480FF088F97E4A78497E48F6F78D
:10D97C00C1FA534A4D497C480FF07EF97B4A7349F2
:10D98C007B48F6F7B7FA4E4A484979480FF074F9D4
:10D99C00784A6E497848F6F7ADFA494A43497648D1
:10D9AC000FF06AF9754A69497548F6F7A3FA444AC3
:10D9BC003E4973480FF060F9724A64497248F6F7B1
:10D9CC0099FA3F4A394970480FF056F96F4A5F4946
:10D9DC006F48F6F78FFA3A4A34496D480FF04CF914
:10D9EC006C4A5A496C48F6F785FA354A2F496A4809
:10D9FC000FF042F9694A55496948F6F77BFA304A03
:10DA0C002A4967480FF038F9664A50496648F6F7D4
:10DA1C0071FA2B4A254964480FF02EF9634A644980
:10DA2C006448F6F767FA264A204962480FF024F951
:10DA3C00614A62496248F6F75DFA214A1B4960481F
:10DA4C000FF01AF95F4A60496048F6F753FA1C4A1E
:10DA5C0016495E480FF010F95D4A5E495E48F6F7CC
:10DA6C0049FA174A11495C480FF006F95B4A5C49C0
:10DA7C005C48F6F73FFA124A0C495A480FF0FCF88A
:10DA8C00594A5A495A48F6F735FA0D4A074958483F
:10DA9C000FF0F2F8574A58495848F6F72BFA084A4B
:10DAAC00024956480FF0E8F8554AABE0E150010046
:10DABC00C0D90020BCC000203C540120D4D9002087
:10DACC00905600204CC00020144D0120E8D90020B5
:10DADC00F4C00020D0570120FCD9002064C10020E4
:10DAEC00F85E012024DA0020A4BF00205842012057
:10DAFC0038DA002084C00020A85001204CDA002025
:10DB0C0014C000208049012060DA00202CC10020C4
:10DB1C00645B012074DA00209CC100208C6201201F
:10DB2C0088DA00206CBF0020C43E01209CDA002063
:10DB3C00D4C1002020660120B0DA0020DCBF002018
:10DB4C00EC450120C4DA0020CCBC002024C5002008
:10DB5C00D8DA0020ACBD002000DB0020E4BD0020A2
:10DB6C0014DB00201CBE002028DB002054BE00204B
:10DB7C003CDB00208CBE002050DB0020C4BE00200B
:10DB8C0064DB0020FCBE002078DB002034BF0020CA
:10DB9C008CDB002004BD0020A0DB00203CBD00205D
:10DBAC00B4DB002074BD0020DCDB0020E4C40020CA
:10DBBC00E47A0120F0DB002004C40020A4740120CE
:10DBCC0004DC00203CC400203476012018DC00204A
:10DBDC007CC20020B46901202CDC00205CC3002036
:10DBEC00F46F012040DC002094C3002084710120DC
:10DBFC0054DC0020CCC300201473012068DC00200E
:10DC0C0074C40020A349A448F6F774F9A34AA449A4
:10DC1C00A1480FF031F8A34AA349A448F6F76AF9D2
:10DC2C009E4A9F49A1480FF027F8A14AA149A24852
:10DC3C00F6F760F9994A9A499F480FF01DF89F4AE8
:10DC4C009F49A048F6F756F9944A95499D480FF01C
:10DC5C0013F89D4A9D499E48F6F74CF98F4A904916
:10DC6C009B480FF009F89B480AF094FD9A4B22460A
:10DC7C009A49984800940AF001FE884A88499548C8
:10DC8C000EF0FAFF96480AF085FD964B2246934912
:10DC9C00934800940AF0F2FD804A814990480EF0B6
:10DCAC00EBFF91480AF076FD904B22468B498E484B
:10DCBC0000940AF0E3FD794A79498B480EF0DCFFB9
:10DCCC008B480AF067FD8B4B22468B4988480094A1
:10DCDC000AF0D4FD714A724985480EF0CDFF874891
:10DCEC000AF058FD864B22468349844800940AF07A
:10DCFC00C5FD6A4A6A4981480EF0BEFF81480AF0A8
:10DD0C0049FD814B22467C497E4800940AF0B6FDC1
:10DD1C00624A63497B480EF0AFFF7C480AF03AFD3B
:10DD2C007B4B22467B49794800940AF0A7FD5B4A5D
:10DD3C005B4976480EF0A0FF77480AF02BFD774B35
:10DD4C0022467449744800940AF098FD534A544989
:10DD5C0071480EF091FF72480AF01CFD714B22467F
:10DD6C006C496F4800940AF089FD4C4A4C496C4848
:10DD7C000EF082FF6C480AF00DFD6C4B22466C498C
:10DD8C00694800940AF07AFD444A454966480EF009
:10DD9C0073FF68480AF0FEFC674B224664496548ED
:10DDAC0000940AF06BFD3D4A3D4962480EF064FF59
:10DDBC0062480AF0EFFC624B22465D495F480094D2
:10DDCC000AF05CFD354A36495C480EF055FF5D485B
:10DDDC000AF0E0FC5C4B22465C49009559480AF07D
:10DDEC004DFD2E4A2E4957480EF046FF58480AF072
:10DDFC00D1FC584B22465849009555480AF03EFD37
:10DE0C00264A274952480EF037FF54480AF0C2FC04
:10DE1C00534B22465349009550480AF02FFD1F4A98
:10DE2C001F494E480EF028FF4F480AF0B3FC4F4BE9
:10DE3C0022464F4900954C480AF020FD174A1849D4
:10DE4C0049480EF019FF4B480AF0A4FC4A4B2246F5
:10DE5C004A49009547480AF011FD104A10494548B7
:10DE6C000EF00AFF46480AF095FC464B22464649FE
:10DE7C00009543480AF002FD084A094940480EF053
:10DE8C00FBFE42480AF086FC414B22464149009574
:10DE9C0082E000BFC47701207CDC0020905600207B
:10DEAC00E1500100ACC400205479012090DC00202A
:10DEBC00ECC20020D46C0120B8DC0020B4C20020DD
:10DECC00446B0120CCDC002024C30020646E0120B4
:10DEDC00E0DC0020F4DC00208C220120D82D012075
:10DEEC0008DD0020202601201CDD0020B4290120A3
:10DEFC0030DD00203C2F0120883A012044DD002039
:10DF0C00D032012058DD0020643601206CDD002069
:10DF1C00DC1501202821012094DD0020701901203E
:10DF2C00A8DD0020041D0120BCDD00202C090120EF
:10DF3C0078140120D0DD0020C00C0120E4DD00208D
:10DF4C0054100120F8DD0020B4C60020ACBD002028
:10DF5C000CDE0020F0C60020E4BD002020DE0020F6
:10DF6C0068C7002054BE002034DE0020A4C7002067
:10DF7C008CBE002048DE0020E0C70020C4BE00207C
:10DF8C0070DE0020C4C50020CCBC002084DE002044
:10DF9C002CC700201CBE0020A5480AF06FFCA54A27
:10DFAC00A549A3480EF068FEA4480AF0F3FBA44B65
:10DFBC002246A4490095A1480AF060FC9D4A9E495E
:10DFCC009E480EF059FEA0480AF0E4FB9F4B2246F7
:10DFDC009F4900959C480AF051FC964A96499A48EC
:10DFEC000EF04AFE9B480AF0D5FB9B4B22469B4900
:10DFFC00009598480AF042FC8E4A8F4995480EF0DD
:10E00C003BFE97480AF0C6FB964B22469649009574
:10E01C0093480AF033FC874A874991480EF02CFE4E
:10E02C0092480AF0B7FB924B2246924900958F48D2
:10E03C000AF024FC7F4A80498C480EF01DFE8E4865
:10E04C000AF0A8FB8D4B22468D498B4800940AF0B0
:10E05C0015FC784A784988480EF00EFE89480AF07B
:10E06C0099FB834B22468849864800940AF006FCAB
:10E07C00704A714983480EF0FFFD84480AF08AFB10
:10E08C00784B22468249814800940AF0F7FB694A92
:10E09C0069497E480EF0F0FD7E480AF07BFB684B28
:10E0AC0022467D497B4800940AF0E8FB614A6249AC
:10E0BC0078480EF0E1FD79480AF06CFB784B22466B
:10E0CC007849764800940AF0D9FB5A4A5A49734861
:10E0DC000EF0D2FD74480AF05DFB744B2246744975
:10E0EC00714800940AF0CAFB524A53496E480EF02C
:10E0FC00C3FD70480AF04EFB544B22466E496D48E6
:10E10C0000940AF0BBFB4B4A4B496A480EF0B4FD35
:10E11C006A480AF03FFB6A4B22466A4967480094FA
:10E12C000AF0ACFB434A444964480EF0A5FD66482E
:10E13C000AF030FB654B22466549634800940AF0AF
:10E14C009DFB3C4A3C4960480EF096FD61480AF044
:10E15C0021FB414B224660495E4800940AF08EFB3D
:10E16C00344A35495B480EF087FD5C480AF012FBD7
:10E17C005B4B22465B49594800940AF07FFB2D4AC1
:10E18C002D4956480EF078FD57480AF003FB574BC3
:10E19C0022465749544800940AF070FB254A2649F8
:10E1AC0051480EF069FD53480AF0F4FA524B2246DE
:10E1BC00524900964F480AF061FB1E4A1E494D48D1
:10E1CC000EF05AFD4E480AF0E5FA4E4B22464E49E7
:10E1DC0000954B480AF052FB164A174948480EF076
:10E1EC004BFD4A480AF0D6FA434B22464849CDF833
:10E1FC00009046480AF042FB0E4A0F4943480EF085
:10E20C003BFD44480AF0C6FA3E4B2246424941487F
:10E21C0000940AF033FB074A07493E480EF02CFDE8
:10E22C003E480AF0B7FA344B22463D497AE000BF2B
:10E23C0084DE002090560020E150010098DE002082
:10E24C0078C6002074BD0020ACDE002058C8002029
:10E25C0034BF0020C0DE00203CC600203CBD0020A6
:10E26C00D4DE002000C6002004BD0020E8DE002023
:10E27C001CC80020FCBE0020FCDE0020A4C700202F
:10E28C002CC1002010DF00209CC1002024DF0020C6
:10E29C00A4BF002064CC002014C0002078CC002047
:10E2AC0068C70020F4C000208CCC0020E0C7002000
:10E2BC0064C10020A0CC0020D4C10020B4CC00202C
:10E2CC00F0C6002084C00020C8CC00202CC7002041
:10E2DC00BCC00020DCCC0020DCBF0020F0CC002037
:10E2EC00C4C500206CBF002004CD0020B4C60020A3
:10E2FC004CC0002018CD002008E9002074C4002078
:10E30C0040CD002040E90020B4C2002054CD0020B4
:10E31C00ACC4002068CD0020E4C400207CCD0020DB
:10E32C0004C40020A64800940AF0A8FAA54AA649FD
:10E33C00A3480EF0A1FCA5480AF02CFAA44B2246E7
:10E34C00A4490095A1480AF099FA9E4A9E499F4813
:10E35C000EF092FCA0480AF01DFAA04B2246A049F0
:10E36C0000969D480AF08AFA964A97499A480EF008
:10E37C0083FC9C480AF00EFA9B4B22469B49CDF835
:10E38C00009098480AF07AFA8E4A8F4995480EF018
:10E39C0073FC97480AF0FEF9904B22469549CDF84C
:10E3AC00009093480AF06AFA864A874990480EF022
:10E3BC0063FC91480AF0EEF98B4B22468F498E484C
:10E3CC0000940AF05BFA7F4A7F498B480EF054FCAC
:10E3DC008B480AF0DFF9844B22468A49009588481D
:10E3EC000AF04CFA774A784985480EF045FC864885
:10E3FC000AF0D0F97C4B22468449009682480AF0F8
:10E40C003DFA704A704980480EF036FC80480AF09C
:10E41C00C1F9804B22468049CDF800907C480AF027
:10E42C002DFA684A68497A480EF026FC7B480AF0B7
:10E43C00B1F9784B22467A49009678480AF01EFAD0
:10E44C00604A614975480EF017FC76480AF0A2F94B
:10E45C00754B22467549CDF8009072480AF00EFAB9
:10E46C00584A59496F480EF007FC71480AF092F966
:10E47C00684B22466F4900956D480AF0FFF9514AE6
:10E48C0051496B480EF0F8FB6B480AF083F9664B68
:10E49C0022466A49009668480AF0F0F9494A4A4906
:10E4AC0065480EF0E9FB66480AF074F9594B2246B0
:10E4BC006449634800940AF0E1F9424A42496048D1
:10E4CC000EF0DAFB60480AF065F9574B22465F49BB
:10E4DC0000955D480AF0D2F93A4A3B495A480EF089
:10E4EC00CBFB5B480AF056F94F4B2246594958482A
:10E4FC0000940AF0C3F9334A334955480EF0BCFB7B
:10E50C00554A56495648F5F7F5FC2E4A2E495448BB
:10E51C000EF0B2FB534A51495348F5F7EBFC294A2C
:10E52C00294951480EF0A8FB504A4C495048F5F780
:10E53C00E1FC244A24494E480EF09EFB4D4A4749C3
:10E54C004D48F5F7D7FC1F4A1F494B480EF094FB7A
:10E55C004A480AF01FF94A4B22464A49CDF8009026
:10E56C0046480AF08BF9174A174944480EF084FBC9
:10E57C0045480AF00FF9424B22464449009642485E
:10E58C000AF07CF90F4A10493F480EF075FB4048E1
:10E59C000AF000F93A4B22463E4900953C480AF0F5
:10E5AC006DF9084A08493A480EF066FB3A480AF0F9
:10E5BC00F1F8334B224639493748009470E000BFDC
:10E5CC007CCD002090560020E150010090CD002021
:10E5DC0008E900203CC40020A4CD002040E9002024
:10E5EC00ECC20020B8CD0020D0E80020CCC3002025
:10E5FC00CCCD002024C30020E0CD00207CC2002024
:10E60C00F4CD00205CC300201CCE002094C300205D
:10E61C0030CE0020342201206C22012044CE002078
:10E62C00B429012058CE0020E42E01201C2F0120FB
:10E63C006CCE00202026012080CE002064360120E4
:10E64C0094CE00208C220120A8CE0020D0320120B4
:10E65C00BCCE00203C2F012038080120D08A00209D
:10E66C00D0CE0020E8140120F8CE00209821012003
:10E67C000CCF0020482E012020CF002034CF0020CA
:10E68C0084150120BC15012048CF0020041D012059
:10E69C005CCF00207019012070CF0020DC15012008
:10E6AC000AF0ECF8A74AA849A8480EF0E5FAA848E1
:10E6BC000AF070F8A74B2246A749CDF80090A44861
:10E6CC000AF0DCF89F4AA049A1480EF0D5FAA348FD
:10E6DC000AF060F89F4B2246A14900969F480AF029
:10E6EC00CDF8984A98499D480EF0C6FA9D480AF014
:10E6FC0051F8984B22469C499A4800940AF0BEF86F
:10E70C00904A914997480EF0B7FA98480AF042F8A7
:10E71C00904B22469649009594480AF0AFF8894AE6
:10E72C00894992480EF0A8FA92480AF033F8924BB5
:10E73C0022469249CDF800908E480AF09FF8814A03
:10E74C0081498C480EF098FA8D480AF023F88D4BCD
:10E75C0022468D498A4800940AF090F8794A7A4901
:10E76C0087480EF089FA89480AF014F8824B224641
:10E77C008749864800940AF081F8724A72498348A6
:10E78C000EF07AFA83480AF005F87E4B224682494D
:10E79C00009680480AF072F86A4A6B497D480EF080
:10E7AC006BFA7E4809F0F6FF734B22467C490095C4
:10E7BC007A480AF063F8634A634978480EF05CFAC9
:10E7CC00784809F0E7FF6F4B22467749CDF8009067
:10E7DC0074480AF053F85B4A5B4972480EF04CFAE5
:10E7EC00724809F0D7FF644B2246714900966F4876
:10E7FC000AF044F8534A54496C480EF03DFA6D48FF
:10E80C0009F0C8FF5F4B22466B49009569480AF036
:10E81C0035F84C4A4C4967480EF02EFA674809F017
:10E82C00B9FF674B22466749644800940AF026F802
:10E83C00444A454961480EF01FFA634809F0AAFFA3
:10E84C005F4B2246614900965F480AF017F83D4A33
:10E85C003D495D480EF010FA5D4809F09BFF584B9E
:10E86C0022465C49CDF8009059480AF007F8354A21
:10E87C00354957480EF000FA574809F08BFF504BBA
:10E88C00224656490095544809F0F8FF2D4A2E4966
:10E89C0051480EF0F1F9524809F07CFF514B2246D9
:10E8AC00514900954E4809F0E9FF264A26494C4843
:10E8BC000EF0E2F94D4809F06DFF4A4B22464C49E7
:10E8CC004A48009409F0DAFF1E4A1F4947480EF0E7
:10E8DC00D3F9484809F05EFF424B22464649009660
:10E8EC00444809F0CBFF174A174942480EF0C4F9C7
:10E8FC00424809F04FFF424B2246424900953F489F
:10E90C0009F0BCFF0F4A10493C480EF0B5F93E48DF
:10E91C0009F040FF3D4B22463D493B48009409F02D
:10E92C00ADFF084A084938480EF0A6F9394809F0F5
:10E93C0031FF334B224638493648009409F09EFF8C
:10E94C006CE000BF90560020E150010070CF002019
:10E95C0084CF0020D40801200C09012098CF00207E
:10E96C0054100120ACCF00202C090120D4CF002062
:10E97C00C00C0120E8CF002048E300202CC7002069
:10E98C00FCCF002080E3002068C7002010D00020BE
:10E99C00C4C5002024D00020E0C7002038D00020BF
:10E9AC00B4C600204CD000201CC8002060D0002031
:10E9BC00F0C6002074D00020A4C7002088D000200E
:10E9CC00B8E3002058C80020B0D000203CC600207E
:10E9DC00C4D0002078C60020D8D0002000C600206B
:10E9EC00ECD0002098E8002008E9002000D100209D
:10E9FC00D0E8002014D1002040E9002028D10020CC
:10EA0C00802E0120482E01203CD10020D021012055
:10EA1C003422012050D10020E42E0120A44AA54923
:10EA2C00A5480EF029F9A54809F0B4FEA44B2246DE
:10EA3C00A449A248009409F021FF9D4A9D499F4892
:10EA4C000EF01AF9A04809F0A5FEA04B2246A049E9
:10EA5C0000959D4809F012FF954A96499A480EF088
:10EA6C000BF99C4809F096FE954B22469A49009565
:10EA7C00984809F003FF8E4A8E4996480EF0FCF830
:10EA8C00964809F087FE964B224696490095934886
:10EA9C0009F0F4FE864A874990480EF0EDF892484A
:10EAAC0009F078FE8E4B224690498F48009409F06D
:10EABC00E5FE7F4A7F498C480EF0DEF88C4809F061
:10EACC0069FE8C4B22468C49CDF80090884809F0A1
:10EADC00D5FE774A774986480EF0CEF8874809F07C
:10EAEC0059FE844B224686490096844809F0C6FE9E
:10EAFC006F4A704981480EF0BFF8824809F04AFE0F
:10EB0C007C4B224680497F48009409F0B7FE684A46
:10EB1C0068497C480EF0B0F87C4809F03BFE754B18
:10EB2C0022467B490095794809F0A8FE604A614964
:10EB3C0076480EF0A1F8774A77497848F5F7DAF974
:10EB4C005B4A5C4975480EF097F8754A72497548EE
:10EB5C00F5F7D0F9564A574972480EF08DF8724ABB
:10EB6C006D497248F5F7C6F9514A52496F480EF093
:10EB7C0083F86F4A68496F48F5F7BCF94C4A4D4920
:10EB8C006C480EF079F86C4809F004FE6B4B224689
:10EB9C006B496948009409F071FE454A454966483D
:10EBAC000EF06AF8674809F0F5FD674B22464449B8
:10EBBC006448009409F062FE3D4A3E4961480EF0FB
:10EBCC005BF8624809F0E6FD614B22463F495F481D
:10EBDC00009409F053FE364A36495C480EF04CF866
:10EBEC005C4809F0D7FD5C4B22463D4959480094DE
:10EBFC0009F044FE2E4A2F4956480EF03DF8574A6C
:10EC0C003C495748F5F776F9294A2A4954480EF0F9
:10EC1C0033F8544809F0BEFD534B22463549514850
:10EC2C00009409F02BFE224A22494E480EF024F89B
:10EC3C004E4809F0AFFD484B2246364900954B48EB
:10EC4C0009F01CFE1A4A1B4948480EF015F84848B2
:10EC5C0009F0A0FD3E4B224633490095444809F08B
:10EC6C000DFE134A134942480EF006F8414809F0CC
:10EC7C0091FD354B22462A4900953E4809F0FEFD90
:10EC8C000B4A0C493B480DF0F7FF3B4809F082FD5D
:10EC9C002A4B224626490095374809F0EFFD044AD5
:10ECAC00044935480DF0E8FF344809F073FD67E07E
:10ECBC0090560020E150010050D1002064D100207A
:10ECCC0020150120841501208CD10020D021012099
:10ECDC0098210120A0D10020E8140120B4D10020FB
:10ECEC007008012038080120C8D10020D408012068
:10ECFC00DCD10020E887002098E80020F0D100202B
:10ED0C00B8E3002004D2002048E3002018D20020F1
:10ED1C0080E3002000080120AC8D00202CD20020C4
:10ED2C00B014012040D200206021012068D20020C4
:10ED3C00102E01207CD2002090D20020F839012026
:10ED4C00802E0120A4D2002098200120B8D20020CF
:10ED5C00482D0120CCD20020E8130120F8E7002038
:10ED6C00E0D20020F4D200201CE8002008D30020C0
:10ED7C001CD3002044D3002058D300206CD3002097
:10ED8C00A54B2246A5490095A54809F077FDA54A53
:10ED9C00A549A3480DF070FFA44809F0FBFC9E4B5D
:10EDAC002246A3490096A14809F068FD9D4A9E4958
:10EDBC009E480DF061FF9F4809F0ECFC964B2246F3
:10EDCC009D49CDF800909B4809F058FD954A96490D
:10EDDC0098480DF051FF994809F0DCFC8E4B224607
:10EDEC0097499648009409F049FD8E4A8E499348FC
:10EDFC000DF042FF934809F0CDFC934B224693490A
:10EE0C000095904809F03AFD864A87498D480DF0E7
:10EE1C0033FF8F4809F0BEFC8E4B22468A498C4842
:10EE2C00009409F02BFD7F4A7F4989480DF024FF9F
:10EE3C00894809F0AFFC894B2246834986480094E7
:10EE4C0009F01CFD774A784983480DF015FF844A78
:10EE5C0071498448F5F74EF8724A734981480DF0B0
:10EE6C000BFF814809F096FC804B22466A497E488C
:10EE7C00009409F003FD6B4A6B497B480DF0FCFED6
:10EE8C007B4809F087FC754B22467A4900957848F7
:10EE9C0009F0F4FC634A644975480DF0EDFE7648C0
:10EEAC0009F078FC6D4B2A4672490096724809F0BD
:10EEBC00E5FC5C4A5C4970480DF0DEFE6F4809F0D9
:10EECC0069FC664B32466B49CDF800906B4809F0F3
:10EEDC00D5FC544A544969480DF0CEFE684809F0F7
:10EEEC0059FC624B22465E490095654809F0C6FC08
:10EEFC004C4A4D4962480DF0BFFE624A5749624880
:10EF0C00F4F7F8FF474A48495F480DF0B5FE5F48F3
:10EF1C0009F040FC4F4B2246504900955B4809F0E4
:10EF2C00ADFC404A404959480DF0A6FE584809F03E
:10EF3C0031FC584B22464D495548009409F09EFC33
:10EF4C00384A394952480DF097FE534809F022FCD3
:10EF5C00524B224645495048009409F08FFC314AE7
:10EF6C0031494D480DF088FE4D4809F013FC4D4BCE
:10EF7C0022464D4900954A4809F080FC294A2A4905
:10EF8C0047480DF079FE494809F004FC454B2246F0
:10EF9C0030494648009409F071FC224A2249434802
:10EFAC000DF06AFE424809F0F5FB3A4B2246414906
:10EFBC0000953F4809F062FC1A4A1B493C480DF089
:10EFCC005BFE3D4809F0E6FB324B2A463949009678
:10EFDC00394809F053FC134A134937480DF04CFEDD
:10EFEC00364809F0D7FB2B4B32463249CDF800900E
:10EFFC00324809F043FC0B4A0B4930480DF03CFEFB
:10F00C002F4809F0C7FB1B4B22461E492C48009485
:10F01C0009F034FC56E000BFE08900209820012064
:10F02C006CD3002090560020E150010080D30020CA
:10F03C00482D012094D30020F8390120A8D30020BA
:10F04C00E8130120BCD300201CE80020F8E70020C6
:10F05C00D0D3002054E80020E4D3002094E000201A
:10F06C001C8A0020F8D3002020D40020408A0020E5
:10F07C0034D4002088C5002048D400205CD4002063
:10F08C0070D40020E0A6002084D4002098D4002066
:10F09C00ACD4002028880020C0D40020988A0020FE
:10F0AC00D4D4002010E4002078E4002010D50020F7
:10F0BC00ECD500204CC50020C8D6002068D7002015
:10F0CC007CD70020B24AB349B3480DF0D5FDB34804
:10F0DC0009F060FBB24B2246B2490095AF4809F0EB
:10F0EC00CDFBAB4AAB49AD480DF0C6FDAE4AAF49BE
:10F0FC00AF48F4F7FFFEA64AA649AD480DF0BCFD9B
:10F10C00AC4809F047FBAC4B2246A8490095A948EE
:10F11C0009F0B4FB9E4A9F49A6480DF0ADFDA748E7
:10F12C0009F038FB9E4B2246A549A448009409F0EF
:10F13C00A5FB974A9749A1480DF09EFDA14809F0FF
:10F14C0029FBA14B22469C499E48009409F096FB52
:10F15C008F4A90499B480DF08FFD9C4809F01AFB93
:10F16C009B4B22468E499948009409F087FB884AAC
:10F17C00884996480DF080FD964809F00BFB944B9E
:10F18C002A4687490095934809F078FB804A8149C3
:10F19C0090480DF071FD904809F0FCFA8C4B32460A
:10F1AC007F4900968C4809F069FB794A79498A486D
:10F1BC000DF062FD894809F0EDFA894B22467A4937
:10F1CC008648009409F05AFB714A724983480DF045
:10F1DC0053FD844809F0DEFA834B22467A49814874
:10F1EC00009409F04BFB6A4A6A497E480DF044FDD5
:10F1FC007E4809F0CFFA7C4B2A46734900957B4830
:10F20C0009F03CFB624A634978480DF035FD7848BB
:10F21C0009F0C0FA744B32466B490096744809F0F9
:10F22C002DFB744E5A4A5B4971480DF025FD72480E
:10F23C00F4F7C8FF714D06F1180202213046DFF8D1
:10F24C000892F4F769FEC6F800A04FF4803605F179
:10F25C001C0201212846F4F75FFEDFF8F0B1AE6125
:10F26C00C5F800906648F4F7ADFF664D6648F4F7B4
:10F27C00A9FF0BF1180202215846F4F74DFE05F1D7
:10F28C00180202212846CBF800A0DFF8C4B1F4F72D
:10F29C0043FEC5F800A05D485D4DF4F793FF0BF1FC
:10F2AC00180202215846F4F737FE05F11C02012121
:10F2BC002846CBF800A0F4F72FFEAE61C5F80090FD
:10F2CC00544E5548F4F77EFF544D5548F4F77AFFE9
:10F2DC00022106F118023046F4F71EFE05F1180261
:10F2EC0002212846C6F800A0F4F716FE4D48C5F8D2
:10F2FC0000A0F4F7D3FE4C4809F046F84B48F4F75D
:10F30C00CDFE4B48F4F7CAFE4A4A3B681146D4601E
:10F31C0041F8188B11614FF40071C2E90644118158
:10F32C00002B00F03E8319465B69002BFBD14A6130
:10F33C000024414B3F48136054615460947201F0B7
:10F34C0015FB3E4A4FF400703B681146D4601081A7
:10F35C0041F8188B1161C2E90644002B00F01F83A1
:10F36C0019465B69002BFBD14A610024344B3348AE
:10F37C000125546102265460947213600CF07AF9E2
:10F38C00304809F007FA1B4B22461149009461E002
:10F39C0090560020E15001007CD7002090D700202F
:10F3AC00CCE0002010E100201091002028880020E3
:10F3BC00A4D70020B8D70020988A0020CCD70020F2
:10F3CC0010E40020E0D70020D08C002008D80020CA
:10F3DC00A0E200201CD8002030D8002044D8002007
:10F3EC004CC5002058D800200C8D00206CD8002073
:10F3FC0080D80020F0E30020D8E2002074E0002048
:10F40C0000E3002058E4002030E40020608C002051
:10F41C00788A0020B08C0020888C00208C8D0020F5
:10F42C00648D002044DF002030CA002004E000205E
:10F43C003CE0002040830020603000206C830020E2
:10F44C006C30002024D500205430002028E300200C
:10F45C00448D0020A44809F011FAA44AA449A248FA
:10F46C000DF00AFCA34809F095F9A34B2246A349D9
:10F47C000095A04809F002FA9C4A9D499D480DF060
:10F48C00FBFB9F4809F086F99E4B22469A49009453
:10F49C009B4809F0F3F9954A954999480DF0ECFB16
:10F4AC00994809F077F9994B224696490094964869
:10F4BC0009F0E4F98D4A8E4993480DF0DDFB944830
:10F4CC0009F068F9914B224692490095904809F051
:10F4DC00D5F9864A86498E480DF0CEFB8E4809F048
:10F4EC0059F98E4B2246874900948B4809F0C6F98E
:10F4FC007E4A7F4988480DF0BFFB894809F04AF9DC
:10F50C00864B224687490095854809F0B7F9774A1A
:10F51C00774983480DF0B0FB834809F03BF9834BE6
:10F52C0022467E490094804809F0A8F96F4A704938
:10F53C007D480DF0A1FB7E4809F02CF97D4B22464D
:10F54C00724900947A4809F099F9684A68497848F0
:10F55C000DF092FB784809F01DF9784B2246694969
:10F56C000094754809F08AF9604A614972480DF0B7
:10F57C0083FB734809F00EF9724B224672490094D2
:10F58C006F4809F07BF9594A59496D480DF074FBE5
:10F59C006E4809F0FFF86B4B22466D4900956B489D
:10F5AC0009F06CF9514A524968480DF065FB6948FD
:10F5BC0009F0F0F8684B224662490094654809F05E
:10F5CC005DF94A4A4A4963480DF056FB634809F015
:10F5DC00E1F8634B224660490094604809F04EF90B
:10F5EC00424A43495D480DF047FB5E4809F0D2F8AA
:10F5FC005B4B22465C4900955A4809F03FF93B4A5F
:10F60C003B4958480DF038FB584809F0C3F8584BA3
:10F61C00224651490094554809F030F9334A34498F
:10F62C0052480DF029FB534809F0B4F8504B2246D0
:10F63C00514900954F4809F021F92C4A2C494D4865
:10F64C000DF01AFB4D4809F0A5F8384B22464849F5
:10F65C0000954A4809F012F9244A254947480DF00B
:10F66C000BFB474809F096F8324B22463C49009573
:10F67C00434809F003F91D4A1D4941480DF0FCFAB5
:10F68C00404809F087F82D4B2246334900953D48F8
:10F69C0009F0F4F8154A16493A480DF0EDFA3A48D3
:10F6AC0009F078F8394B224624490094364809F081
:10F6BC00E5F80E4A0E4934480DF0DEFA344809F0EC
:10F6CC0069F81A4B224631493148009609F0D6F8B0
:10F6DC00064A07492E480DF0CFFA2E4809F05AF881
:10F6EC00144B2A46294957E024D500209056002077
:10F6FC00E150010038D50020F0E30020D8E20020D2
:10F70C004CD5002074E0002060D5002028E30020B8
:10F71C0074D5002000E3002088D5002058E4002098
:10F72C009CD5002030E40020B0D500203CE0002027
:10F73C00C4D5002004E00020D8D5002044DF0020F0
:10F74C0000D60020448D00200C8D002014D6002003
:10F75C00608C002028D60020788A00203CD600201F
:10F76C00B08C002050D60020888C002064D600205D
:10F77C008C8D002078D60020648D00208CD6002043
:10F78C00A0D60020B4D60020DCD6002030CA002041
:10F79C00F0D6002004D700208748009609F06EF8B8
:10F7AC00864A874984480DF067FA864808F0F2FFCC
:10F7BC00854B224685490095824809F05FF87F4ABF
:10F7CC007F4980480DF058FA814808F0E3FF7E4BE2
:10F7DC002246804900947E4809F050F8774A7849CF
:10F7EC007B480DF049FA7C4808F0D4FF7B4B22464D
:10F7FC0076490095784809F041F8704A7049764886
:10F80C000DF03AFA764808F0C5FF2246714900948B
:10F81C00724B7348734C09F031F8684A684904F12B
:10F82C0090056F480DF028FA20460C3407F0F4F9D7
:10F83C00A542F9D16C4C04F5847520460C3407F0C4
:10F84C00EBF9AC42F9D16948002507F0E7FA04213D
:10F85C00052206200F23664C00906648664ECDE9C3
:10F86C0001210E220D2107F00BFA644807F0D4F9A0
:10F87C00634807F0D1F9634807F0CEF9624807F006
:10F88C00CBF91021614807F0B9FB4C4A60495F483D
:10F89C000DF0F2F911215F4807F0B0FB474A5C49C3
:10F8AC005C480DF0E9F916215B4807F0A7FB434AC9
:10F8BC00574959480DF0E0F9584B594A284693EDF1
:10F8CC00006A584BB7EEC66A57491A605D602268E9
:10F8DC00C3F88050554B9FED344B9FED355B1A6050
:10F8EC0086EE047B354A27EE057BB7EEC77B86EDAB
:10F8FC00007A0DF0C1F94E4A4E4B92ED007AD3EDE1
:10F90C00007ADFED4D6A37EE077A9FED4C6A67EEB1
:10F91C00A67A4B494B4B294AC7EE876A4A48C6EE32
:10F92C00077ABCEEE67AF8EE476A81ED007A474931
:10F93C0077EEE67AFCEEE77AC3ED007A0DF09CF9EF
:10F94C001E4A284642490DF097F91C4A3F49414846
:10F95C000DF092F92168404A404B1160206803F188
:10F96C0010013F4A1060226843F8042B8B42FAD1F5
:10F97C0009F0E6FF3B4B216818603B4A3B4B15787E
:10F98C0019603B4B20681D7022683A493A4B08605D
:10F99C001A6005B0BDE8F08F3A60FDF74CBC3A60D8
:10F9AC00E3E43A60C4E400BF0000000000807B4048
:10F9BC0052B81E85EB59604004D7002090560020A9
:10F9CC00E150010018D700204083002004E0002003
:10F9DC002CD700203CE0002040D700206C83002076
:10F9EC0054D7002098C800207488002074C90020C7
:10F9FC0090E800206888002024880020F4C90020AA
:10FA0C0078E90020B0BC0020608300207C890020B5
:10FA1C00C105000028C90020FCCA0020205C002081
:10FA2C008430002048CB00209D010000F4CA002047
:10FA3C00D4780020F0780020C0E1644CC0E1E44CA4
:10FA4C002CCA0020FCDF0020D878002075010000B3
:10FA5C00810100003078002038DF002014CC002019
:10FA6C0018CA002020CA00209E7A002000E0002046
:10FA7C00C87C01201CCA002024CA00202DE9F84FA4
:10FA8C00B0F81A8040F262530546868B08F10108E3
:10FA9C00984500F2B780B0451FFA88F708F11004BA
:10FAAC0000F0B7800021284608F044FEB04545F828
:10FABC0024006F8380F0C28008F26354A41BEB8B8C
:10FACC00A34212D2E41A4FF0000A40F2625905EB3D
:10FADC0086070136386C4E4588BF002618B108F0F1
:10FAEC00DDFDC7F840A0013CF1D1002405F120094F
:10FAFC00AE832B7E2341DB0715D559F82430B8EBA8
:10FB0C00D31F03F07F0A4FEAD31611D3A8EB0606D6
:10FB1C00BAF1000F12D1103655F8261019B1E2B215
:10FB2C00284608F0E3FD0134082CE2D1BDE8F88F3B
:10FB3C0008F263539E1BBAF1000FECD008F058FD8D
:10FB4C0083460028EFD0071D96B3731E103355F86B
:10FB5C002310A1B301F5827EAEEB4A0296450ED975
:10FB6C003846134633F902CB9E4520F802CBF9D820
:10FB7C0001F203139B1A23F0010302331F441036C6
:10FB8C000BF5827255F8261081B3974201F10401EE
:10FB9C0005D231F9023B27F8023BBA42F9D8284684
:10FBAC00E2B2594608F0A2FD584608F077FDBAE7D4
:10FBBC0040F26253103355F823100029CAD107EBD9
:10FBCC004A029742DBD26FF0040310363846A3EB9F
:10FBDC000B031A4422F00102023217441CF08EF877
:10FBEC0055F826100BF582720029CED19742D6D249
:10FBFC000BF203123846D21B22F0010202321CF027
:10FC0C007DF8CCE70027B846B04508F110047FF426
:10FC1C0049AF55F8240008B108F040FD013640F218
:10FC2C0063539E427FF43EAF0021284608F082FDCC
:10FC3C00002645F8240044466F8340E7A8EB0604F1
:10FC4C003DE700BF2DE9F04F002183B0814608F05D
:10FC5C007DFD002800F0118199F81C30B3B300F53C
:10FC6C00827A031D0190D646B9F81E209ABB99F8EA
:10FC7C001C10022909D00139062900F2D980DFE8CD
:10FC8C0001F0BED70BA89E866B00B9F82C10A9F812
:10FC9C001E10002940F0C2804FF00402B9F82E105B
:10FCAC0089F81C20D9F83020A9F81E1002F1404226
:10FCBC0092FBF1F2C9F824207345D5D3DDF804800A
:10FCCC0048460022414608F011FD404603B0BDE80D
:10FCDC00F04F08F0E3BC013AD9F820101FFA82F873
:10FCEC00D9F82420891301EB624101EB624606EB43
:10FCFC00624C0CEB624505EB624000EB624707EB94
:10FD0C00624404EB6242D3E900BA31FB0BF136FBDF
:10FD1C001BF6C1EA06463CFB0AFC35FB1AF5CCEA9D
:10FD2C000545996830FB01F037FB11F7C0EA074035
:10FD3C00D96834FB01F432FB11F2C4EA0244C3E982
:10FD4C000065C3E90204D9E908211033A9F81E8023
:10FD5C000A44C9F82020AFE70022C9F82020B9F8DE
:10FD6C002820A9F81E20002A6CD04FF00101013A7E
:10FD7C0089F81C1000211FFA82F80C460A460F461F
:10FD8C0008460D468C460E46C9F82410BBE70021E8
:10FD9C009E45DDF8048089F81C1091D908F20310F7
:10FDAC0003F11002C01A203320F00F00034442E983
:10FDBC00041142E9021110329342F8D180E7D9F8CC
:10FDCC0020104FF6FE78D9F82420891301EB6241FC
:10FDDC008BE74FF00502D9F830104FF6FE7889F812
:10FDEC001C200022C9F820108913C9F824200C46C5
:10FDFC000A460F4608460D468C460E4683E74FF0E2
:10FE0C0002024FF0804189F81C20B9F82A20A9F889
:10FE1C001E20B1FBF2F2C9F824204DE7C9F82420CA
:10FE2C004FF08042C9F82020032289F81C2043E7B8
:10FE3C00D9F820104FF6FF78D9F82420891301EB5C
:10FE4C00624152E74FF002024FF0804189F81C20CA
:10FE5C00B9F82A20B1FBF2F1C9F824104914013A7F
:10FE6C0001EB81001FFA82F800EB41040F184E00E1
:10FE7C0001EB410C0A198D0045E703B0BDE8F08F8A
:10FE8C0072B6037F012B01D9C28EA2B90022038D59
:10FE9C000262C38353B9428D4FF080430221C28367
:10FEAC000177B3FBF2F3436262B6704701234262FF
:10FEBC00037762B67047072BF6D0036A0721C2831B
:10FECC005B42017793FBF2F3436262B6704700BF6B
:10FEDC0072B6037F53B1072B08D0036A0621828EBA
:10FEEC005B420177C28393FBF2F3436262B67047C5
:10FEFC00007F003818BF0120704700BF007FA0F1C1
:10FF0C000500B0FA80F04009704700BF2DE9F041C0
:10FF1C000021804608F01AFC04460121404608F0F6
:10FF2C0009FC05468CB3A0B30C3004F10C0105F5AB
:10FF3C00867C51E9022350E9026712FB36FE2EF350
:10FF4C00CF3E12FB06F222F3CF32C2EA0E4213FB73
:10FF5C0037FE2EF3CF3E13FB07F323F3CF33C3EA65
:10FF6C000E430830604541E9022301F10801E0D15C
:10FF7C0000222146404608F0B9FB204608F08EFBD3
:10FF8C002846BDE8F04108F089BB0028F9D1BDE84E
:10FF9C00F0812046BDE8F04108F080BBC3699BB3FB
:10FFAC0000212DE9F041044608F0D0FB054648B38A
:10FFBC00B4F92000A91CE66905F5817C31F8022F03
:10FFCC0082F400428C4542FA00F306EB430836F902
:10FFDC0013E003FA00F7B8F90230A2EB0702A3EB27
:10FFEC000E0302FB03F343FA00F373440B80E5D1D9
:04FFFC00204629462C
:02000004600199
:10000000002208F079FB2846BDE8F04108F04CBB1F
:10001000BDE8F081704700BF10B5044B0446C069CD
:10002000236008B109F0DAFE204610BD1C31002023
:100030002DE9F041941EB4F5004F29D20E4639B394
:10004000551E90462C4023D10746C06908B109F0DF
:10005000C5FE4FEA480009F0BDFE3146F86102389E
:100060009FED0C7AF1EC017A013467EE877AA045B6
:10007000FDEEE77A17EE903A20F8023FF2DC10230B
:100080006A103B8404D0013B52101BB2FBD13B846D
:10009000BDE8F08100FEFF462DE9F04F83B09846A1
:1000A00001F5807BC369DDF830A00190D0E90997A4
:1000B000D0E90B5431F9026B3846370353FB14FC7B
:1000C00005EB8C0C59FB14F53844CCEB6000A0EB2D
:1000D000850053FB10F604EB860653FB16F50CEB7C
:1000E000850559FB16F4A7EB050EAEEB840E53FB0A
:1000F0001EF406EB8404AC442CF34F3C264426F358
:100100004F36704420F34F308B4522F802CB28F84D
:10011000026B2AF8020BCDD1019BC3E90A751C635F
:1001200003B0BDE8F08F00BF2DE9F04F01F58074FA
:1001300087B00294846905900394046A019304943F
:10014000DDE910BAD0E90997D0E90B64049832F9D7
:10015000025B00FB05F525F0784000F10060C0006F
:1001600050FB10F0264B50FB13F0013BED1603EB58
:10017000C000C5F10605039B284153FB10F0214B3D
:100180003D4631F9027B98424FEA0737A8BF18462F
:10019000000250FB14FE06EB8E0E59FB14F63D4494
:1001A000CEEB6505A5EB860550FB15FC04EB8C0C2E
:1001B00050FB1CF60EEB860659FB1CF8BC1BA4EB8F
:1001C000880850FB18F00CEB8004B6442EF34F3E29
:1001D000A4442CF34F3C454425F34F35019B23F8B1
:1001E00002EB0193029B2BF802CB8B422AF8025BB5
:1001F000ACD1059BC3E90A761C6307B0BDE8F08F5C
:10020000ABAAAA2AE71052002DE9F043002183B0DF
:10021000044608F095FA05460121204608F090FAB8
:100220000646002D3CD008F0E9F90746002853D0D7
:1002300008F0E4F98046002837D008F0DFF981465D
:10024000002850D0031D002E3DD0019308F1040377
:100250002046321D0093291D3B1DFFF765FF3046E8
:1002600008F022FA284608F01FFA002239462046F4
:1002700008F042FA384608F017FA012241462046B3
:1002800008F03AFA404608F00FFA204602224946A2
:1002900008F032FA484603B0BDE8F04308F004BA6B
:1002A0000028F8D103B0BDE8F083284608F0FCF937
:1002B000384608F0F9F9002EF4D0304603B0BDE816
:1002C000F04308F0F1B900933A1D08F10403291D29
:1002D0002046FFF7E1FEC5E7284608F0E5F9002EC5
:1002E000E0D03046EAE7284608F0DEF9384608F064
:1002F000DBF9404608F0D8F9002ED3D03046DDE7D0
:10030000294A2A4B2A4910B5146810792269C877FE
:100310009A420BD2274A1278002A41D04FF0E022AD
:10032000402103F5807EC2F8081202E09E46A3F544
:1003300080732149214A0968106881B378B3204C41
:100340002288402A2BD802F1020C403201EB4C01EA
:10035000228000EB4C001A46BFF34F8F03F12004BC
:1003600003F5807CA44534BF4FF0010C4FF0080C1E
:100370004FF0E02403EB4C1CC4F85C2F20326245A4
:10038000FAD1BFF34F8FBFF36F8F33F9042B21F8EE
:10039000022B9E4533F9022C20F8022BF5D810BD14
:1003A00003F5807EC5E700BF48840020C0C3242039
:1003B00000800E409D7C0120408400204484002069
:1003C0007E7C0120F8B5064608F018F9C0B1044655
:1003D00008F014F9054680B172B61E4B1A887F2AC0
:1003E00017D81D490A6872B362B6204608F05CF956
:1003F0002846BDE8F84008F057B9204608F054F9FF
:1004000072B6144B1A887F2A01D862B6F8BD00254F
:100410002C4611480022114907681A8004600C68B4
:100420000D6062B63946304608F066F9384608F085
:100430003BF930462146012208F05EF92046BDE82E
:10044000F84008F031B90C6004491A80086062B6BF
:10045000F8BD00BF7E7C0120408400204484002041
:1004600010B5044608F000FB204610BD38B5234CFB
:1004700001210625204608F09DFA002000F00EFA22
:1004800002221F4903201F4BC1F87C01C3F89421AD
:100490001D4923681D4859609A609A824FF4807202
:1004A0001B49186000201961DA822179DA839D8363
:1004B000A5F20625174AD8609D6142F8210016482A
:1004C000164B42F82100164AC3F8882008F050FA6B
:1004D0002379144C0121144A207003F11000134CAD
:1004E00002EB5312E37603F01F039200104C994085
:1004F000104B43F82040116038BD00BF48840020F5
:1005000000801F4000841F4000000101A2403840CD
:10051000C0C2242000C00E401300008000403840BC
:10052000010000929D7C01204038003800800E4080
:10053000A5CA0000007C0020024A034903480CF0D1
:10054000A1BB00BF9056002005CC000048840020CD
:1005500070B58469ACB3B4F5803F05464FF0000137
:1005600021D008F0F9F8064680B300F1040C00F53C
:100570008271DCF8003034FB03F234FB13F302F336
:100580000F0203F30F03C2EA03434CF8043B8C450C
:10059000EFD128460022314608F0AEF83046BDE8DB
:1005A000704008F081B808F0CBF8044670B10146FD
:1005B0000022284608F0A0F82046BDE8704008F068
:1005C00073B8214608F0BCF80028E8D170BD00BF20
:1005D000F8B5002705463C46B4B33946284608F02E
:1005E000AFF808B3BB1D04F1040E00F1040C55F87C
:1005F0002360B6F5803F47D000F582715CF8042B8C
:1006000036FB02F336FB12F203F30F0302F30F0281
:10061000C3EA0243DEF8002093FA12F38C454EF849
:10062000043BEBD108F040F80137042FD4D1284621
:100630002146002208F060F82046BDE8F84008F0A6
:1006400033B80137042F3AD03946284608F084F8E9
:1006500004460028F5D0BB1D55F82300B0F5803FB7
:10066000E2D0211D04F582760B6830FB03F230FBEB
:1006700013F302F30F0203F30F03C2EA034341F83B
:10068000043BB142F0D1CFE700F10C0204F10C03BE
:1006900000F5867C53F8081C52F8086C91FA16F1A4
:1006A00043F8081C53F8041C52F8046C91FA16F134
:1006B000083243F8041C08339445EBD1B2E7F8BD87
:1006C0002DE9F84F454B464C1868197904F58075AB
:1006D0000368444AAB42D1770BD2434B1B78002BC3
:1006E0004BD04FF0E02340222C4605F58075C3F82F
:1006F00008223E4BDFF804A1D3F80080DFF8009118
:100700003B4BBAF80060D3F800B0B9F80070B8F10C
:10071000000F4FD0BBF1000F21D1B8F1000F49D02D
:1007200008F10401204601EB4601403601F0C1F911
:10073000BFF34F8F4FF0E022C2F8704F2034AC422D
:10074000FAD3BFF34F8FBFF36F8F7F2E26D8AAF84F
:1007500000607F2F15D8A9F80070BDE8F88F0BF165
:10076000040208F10401204602EB4702403701EB86
:100770004601403601F07EF9DAE72C4605F5807532
:10078000B7E700245846A9F8004007F08DFF194B41
:100790001A681C60164B1A60BDE8F88F00244046AA
:1007A000AAF8004007F080FF134A104B116814604C
:1007B0001960CEE7BBF1000F08D00BF10401204611
:1007C00001EB4701403701F094F9B1E74FF4807233
:1007D000594620461BF098FAAAE700BF7084002013
:1007E000C0C4242000800E409F7C01206084002033
:1007F000688400206C84002064840020827C0120B6
:10080000847C012038B50021044607F099FF88B1A7
:1008100072B61C4A1368002B2BD01B490D68002DA3
:100820002CD0156008600021184A118062B6184665
:1008300007F03AFF0121204607F082FF98B172B617
:10084000134A136883B113490C6854B1146000242F
:10085000114A0860148062B61846BDE8384007F0B7
:1008600023BF086062B638BD0B4910600B8062B6CA
:1008700038BD064910600B8062B6DBE7086062B6DF
:10088000D8E700BF6084002064840020827C0120BF
:10089000688400206C840020847C0120F8B52D4CF5
:1008A00005462D4AE36F43F44023E3679368002B2A
:1008B00046DBD2F88830002B42DB002342F2107274
:1008C0004FF40C611C201FF061FEE369234A23F4FE
:1008D0004063234943F40063E361A36A1A40214B58
:1008E00042F0CE02A2624A68134043F400234B60F8
:1008F0002DB91D4B0322C3F82021C3F824211A4E21
:100900000327154B0124C6F8287100254FF48030C9
:100910001649174A174E1D66DC601E6158619961C1
:10092000DA61C3F8E050C3F88C4004F1E064C3F826
:100930009040C3F89400C3F89810C3F89C20F8BD09
:10094000002DFCD1084B0322C3F82021C3F8242139
:10095000F8BD00BF00C00F400040384000FEFFFF60
:1009600000C00A40F8FFF7FF00801F401B1F010076
:10097000001F1F1F0100004770B5264D00240121F4
:10098000254E284608F016F8244A254B20461460C8
:100990001C60FFF783FF234B0321234A0220C3F887
:1009A00080112B6821491A604FF480729C61DA82B1
:1009B000DA8306229C829A831D4ADE601A61C3E9AB
:1009C000011029791B480FFA81FC1B4B40F82C4081
:1009D00040F82C30194B1A48D976D2F86630194CA9
:1009E00043F01043C2F8663042F81A0C07F0C0FF1B
:1009F0002A79154B0121207002F1100003EB5213EC
:100A000002F01F02114C91409B00114A42F8204015
:100A1000196070BD7084002000FEFFFF608400201C
:100A20006884002000801F40C0C42420020001010F
:100A30002240384000C00E401400008000800E406C
:100A4000010000909F7C01204038003865CE0000F6
:100A5000007C0020024A034903480CF013B900BF90
:100A60009056002005CC0000708400202DE9F04154
:100A7000044607F0C3FD002800F096800546237E5B
:100A8000043005F5827CDBB9E269C2EA224205F155
:100A9000240305F5927143E9082243E9062243E95C
:100AA000042243E9022220338B42F4D12046294616
:100AB000002207F021FE2846BDE8F04107F0F4BD12
:100AC000D4E90731626A83FAA1F6EFF300873F01A8
:100AD0006CD5002A58D0571C022F04D991FBF2F68E
:100AE00093FBF2F7F61B7F2E24DD05F1140105F5CB
:100AF0008A7C01E0E369626A9F1803EB4203C3EA60
:100B0000274703EB020E03EB4203C3EA2E4E9E1867
:100B100003EB4203C3EA264603EB42001344E061C1
:100B2000C0EA234041E9047E41E902601031614599
:100B3000E0D1BBE7012E3CDDB71E06464FEA570861
:100B400008F1020E05EB8E0E01E0E369626A03EB29
:100B500042011344E161C1EA234146F8041B764592
:100B6000F3D1C8EBC87308F10108216A07EB43060B
:100B700000EB8808FEB1E369626A1344C1EA2343CB
:100B8000404640F8043B216A0023E1612376C1EA34
:100B9000214160458AD240F8041B844586D940F83B
:100BA000041B8445F7D881E7BDE8F08196FBF2F697
:100BB00099E78046DEE74046E6E700BFB1F5803FB3
:100BC0004FEA21235FFA81FC11DA0F495A1C0233E4
:100BD00031F9122031F91300CCF580730CFB00F0D1
:100BE00002FB03008030001200F5C040704740F265
:100BF000FF110548C3F50072C91A30F9122030F907
:100C0000110052424042E7E788470020B1F5704F9B
:100C10002DE9F0410F460646904627DC1D460C465E
:100C200005E004F580540135B4F5704F17DC002C55
:100C3000F7DB21463046B8F1000F25D0FFF7BEFFA5
:100C400005F00F0304F58054013506EB8303B4F57A
:100C5000704FD3F810211044C3F81001E7DDC7F539
:100C600070420B4B07F5805713401F44D6F80831EC
:100C700006EBC302013303F01F03976082F80C8078
:100C8000C6F80831BDE8F081FFF798FF4042D7E78A
:100C900000F0FFFF2DE9F04FD0F8084183B0D0F805
:100CA0000C81D0F804A0A4EB08020194D3063DD037
:100CB0000646DFF88090013C304604F01F0406EB46
:100CC000C407BD6897F80CB0294605F58055FFF7B5
:100CD00075FFB5F5003FBD6008DBBBF1000F726822
:100CE00014BF4FF4404149460A447260BBF1000F03
:100CF00000D14042A0458244DDD108F1010856F8F8
:100D00003820B2F5003F11DB08F01F02019B93422F
:100D1000C6F80C210AD002F1010856F83820B2F5C5
:100D2000003F03DB08F01F02C6F80C21504603B059
:100D3000BDE8F08F0040FFFF002938B50446154696
:100D400003DB0268002A20DB38BD0368002BFBDBD5
:100D5000D0F85401CA1AC11A00230803090D15F06E
:100D6000DFFD40F6FF7194F85031B0F5805F18BF99
:100D70000146002BE8D02B46002249422046FFF7CF
:100D800045FF002384F8503138BDC2F1000C002328
:100D90008A1A4FEA0C304FEA1C5115F0C1FD40F69B
:100DA000FF7194F85031B0F5805F18BF0146002BF9
:100DB000CAD12B46012249422046FFF727FF0123D3
:100DC00084F8503138BD00BF2DE9F8430D4690F846
:100DD0005011044617461E46E9B10268D0F8541176
:100DE0008A4251D2AA4201D8A9424DD8891A002379
:100DF000AA1A0803090D15F093FDB0F5805F33467C
:100E00004FF0000214BF414220492046FFF7FEFE8A
:100E1000002384F85031D4F80080B8F1000F33DAA1
:100E2000002D31DBC8F10001A5EB08090023C4F84F
:100E3000547108034A46090D15F072FDB0F5805F44
:100E400033464FF0010214BF414210492046FFF7DC
:100E5000DDFE0123BD4284F8503115D3A7EB080114
:100E60004A4600230803090D15F05AFDB0F5805FCE
:100E700033464FF0000214BF414204492046FFF7B9
:100E8000C5FE002384F85031BDE8F88301F0FFFF70
:100E900070B50E1E054614461BDBFFF7FBFE2A68E5
:100EA0004FF44043002AA2FB0313A3F5C04300FA0A
:100EB00083F309DB04F00F0405EB8404B4F910019B
:100EC000C4F810312E6070BD6A6802F540426A6055
:100ED000F0E70268002A12DBC2F100410023B21AD7
:100EE0000803090D15F01CFDB0F5805F23464FF097
:100EF000000214BF414209492846FFF787FE3146E8
:100F00002846FFF7C7FE2A684FF44043A2FB03239D
:100F1000A3F5C04300FA83F3CCE700BF01F0FFFF65
:100F2000436A2DE9F04F054685B0076AD0E90646C9
:100F30002BB904EBC614846105B0BDE8F08F07F04F
:100F40005DFB0090002858D0E3190193009B1C1D05
:100F5000B5F932300C2B2AD8DFE813F088007A007C
:100F60000D00A600C600EB00050114012D01540080
:100F700054006D019301686A20F34F00009AC0F19C
:100F8000000C00B2931D02F5837E0FFA8CFC019ACF
:100F9000002A03F102033244ACBF0146614623F844
:100FA000041C9E45F4D1019B03EBC61301932B6AED
:100FB000019AD21AB5F93430AA617BB1009A02F5D0
:100FC00082711A4601E0B5F93420B4F900301344B7
:100FD00003F30F0324F8023BA142F4D1009C2846FE
:100FE0000022214607F088FB204605B0BDE8F04FFF
:100FF00007F05ABB009807F057FBAB6903EBC61329
:10100000AB6199E7009B05F13809DDF804B04FF0BA
:10101000000803F1060A0BE002FB00F0031408F1DC
:1010200001080AF1020A2AF8043CB8F1800FBAD08C
:10103000B344424648465946FFF72AFFB5F93230D5
:101040006A6A0A2BE8D1524200FB02F21314E6E767
:10105000009B6F6A03F58270019A234637FB12F1F9
:1010600023F8021B98423244F8D19CE7009B2146AA
:101070006F6A03F5827C019AA948130EC2F30F2E02
:1010800030F9139003F10108CEF5803330F9188060
:1010900009FB03F30EFB083353FB07F321F8023B74
:1010A0008C453244E9D17EE7009B4FF6FF780198EA
:1010B00003F1060E03F58379D5F824C0820F0EF1F3
:1010C000020EC313A8EBD031013A0CFB03F33044FA
:1010D000012A0CFB01F14FEA234398BF0B142EF8B1
:1010E000043CF145EAD15EE7E86A002882D0009B23
:1010F00021466F6A03F5827C019A130EC2F30F2812
:1011000003F1010EFF2B30F9139014BF00EB4E0ECC
:101110008646BEF90030C8F5803E08FB03F30EFB9F
:10112000093353FB07F321F8023B8C453244E4D1E9
:1011300039E7686A20F34F00009AC0F1000CAF6AEB
:1011400000B2931D02F5837E0FFA8CFC019A974240
:1011500003F10203324494BF614601469E4523F8E1
:10116000041CF4D11FE7009B686A03F5827C019A96
:10117000C043234630FB12F123F8021B9C45324446
:10118000F8D110E7009BA146DDF8048003F5827AD0
:1011900002E0CA453FF407AFB5F9303018EB060856
:1011A00029F8023BF5D3686A08F030F86B6AA0EBC7
:1011B00063002886EDE7AB6A4FF6FF724FF0FF3B06
:1011C00000984FEA13490394811D4FEA5308A2EB9C
:1011D000090200F5837AD5F824C06FF00047BBFB05
:1011E000F9F9BBFBF2FB6FEA53020292019A029CEF
:1011F000A2EB530E0BE01B0C0CFB03F31B1421F8AA
:10120000023C02313244B644514500F08280130C56
:10121000904509FB03F3EED808EB02034FEA1E40AA
:1012200094424FEA13430BFB107069D900140CFB76
:1012300000F00314E3E705F1380A019FA3464FF0DD
:1012400000083744424650463946FFF775FD394697
:101250005046FFF71FFD08F00F0208F1010805EBEB
:101260008202B8F1800FB2F94831C2F84801696AC8
:10127000AF6301FB03F34FEA23432BF8023BE0D1BA
:1012800091E605F13809019FA0464FF0000B02944A
:10129000AC6A37445B46484622463946FFF794FD20
:1012A00039464846FFF7F6FC1E4BA3FB043C0BF007
:1012B0000F030BF1010BA4EB0C0A05EB8303BBF14D
:1012C000800F0CEB5A0CD3F848114FEA1C4CCCF5AC
:1012D000405C6044C3F848014FEA61136A6AC3EB9B
:1012E0006103AF631BB202FB03F34FEA234328F809
:1012F000023BCDD1DDE9013403EBC613019356E681
:1013000009FB03F303F100431B140CFB03F31B1451
:1013100075E7019B039C03EBC613019347E600BFEF
:10132000A81F0020016000802DE9F04F002185B04A
:101330000646446A07F004FA0346012130461F4678
:10134000029307F0FDF9356AD6F830820190002F3C
:1013500000F0F18096F8393283BB06F130013A1D76
:1013600007F58279D6F828A08C46C64FDFF81CE333
:1013700047F6FD70DFF818B3039132F9021B0AFB40
:1013800001F121F0784303F10063DB0053FB13F319
:1013900053FB17F3C9160EEBC303C1F10E010B414A
:1013A000A3FB04311B0C814243EA01438CBF5D4423
:1013B000ED184A454CF8045FDFD114E0029B06F1BA
:1013C0003000D6F828C02A46191D03F5827703900D
:1013D00031F9023B0CFB0323B942224440F8043F9D
:1013E000F6D105EBC415029807F05EF9F36A356291
:1013F000DBB107F003F90290B8B1029A96F83832DF
:10140000141D0C2B38D8DFE813F0E9010802DB00CB
:101410001A00550118014501CD017C01BB00BB003C
:10142000F2004A00029807F03FF9019B002B00F000
:101430009080184605B0BDE8F04F07F035B9DDE9FA
:10144000023006F50C7EF56A991D4FF6FF7C50F8C8
:10145000043F02319F0FDA13013FACEBD33305FB9E
:1014600002F2012F05FB03F34FEA224298BF1A1440
:10147000864521F8042CEAD1B6F93632002B6BD11F
:10148000019B002B53D1029C30460022214607F0DD
:1014900033F9204605B0BDE8F04F07F005B9019BD0
:1014A000002B00F0A48006F50F7903F10208254611
:1014B0004FF0000BDDF80CA0039438F9027F5B4677
:1014C0005AF8044F484607F5004721463F043A467C
:1014D000FFF77AFC21464846FFF7DCFB6A4BA3FB8B
:1014E0000723FF1A03EB57031B0CC3F540531844A3
:1014F0000BF00F030BF1010B06EB8303BBF1800F25
:10150000D3F84C73C3F84C034FEA6713F26AC6F87A
:101510003C42C3EB67031BB202FB03F34FEA2343D6
:1015200025F8023BC9D1039CB6F93632A3B901981C
:1015300007F0BAF8A7E706F1300306F50C712A4662
:10154000039343F8042F8B422244FAD105EBC415D0
:101550004CE705B0BDE8F08F029A02F582711A4699
:1015600001E0B6F93622B4F90030134403F30F0357
:1015700024F8023BA142F4D1019B002B83D0D6E793
:10158000DDF80C9006F50F7825464FF0000A52461C
:1015900059F8041F40460AF1010AFFF779FCF36A83
:1015A00096F8382203FB00F00A2A4FEA204008BFD1
:1015B0004042BAF1800F00B225F8020BE7D15BE799
:1015C000F06A20F34F004542029B039A00B22DB20D
:1015D000063306F50C7C52F8041F02330029ACBF19
:1015E00001462946944523F8041CF4D144E7DDF86C
:1015F0000CB006F50F7AA14600255BF8047F2A4659
:1016000050463946FFF798FB39465046FFF742FBF4
:1016100005F00F02013506EB8202802DB2F94C3342
:10162000C2F84C03F26AC6F83C7202FB03F34FEABD
:10163000234329F8023BE0D11EE7019A002ABFD0DC
:10164000F36A23F34F08C8F1000E1346911C029A67
:10165000039D0FFA88F80FFA8EFE063203F58179A2
:1016600031F9023F704655F8047F023203F500431A
:10167000B7EB034F38BF4046894522F8040CEFD141
:1016800052E700BFABAAAA2A01600080AAAAAA2A30
:101690000000FE7FF06A2246029B0399C04303F5D7
:1016A000827551F8043F30FB13F322F8023B954258
:1016B000F7D1E1E6356B002D3FF4B4AE029B214635
:1016C0000398D6F82CE003F5827C50F8042F130E13
:1016D000C2F30F225F1CFF2B35F9138014BF05EBFB
:1016E00047072F46B7F90030C2F5803702FB03F3F6
:1016F00007FB083353FB0EF321F8023B8C45E4D182
:10170000BAE6019B002B3FF49AAE03F10209029B5B
:1017100006F1340E06F50D7703F1060CF56A4FF06D
:10172000FF3B10E0BBFBF2F26FF0004302FB113312
:101730001B1405FB03F31B14BE450CF1020C2CF823
:10174000043C3FF4F1AE39F9022F5EF8041B02F5B8
:1017500000420B0C4FEAC238B1EBC23F6FEA080AF5
:10176000BBFBF2F000FB03F34FEA134305FB03F36B
:101770004FEA2343E0D308EB01038A45C2F57F42D9
:10178000A1EB08014FEA134302F1FF024FEA1141B6
:1017900000FB03F3C6D803F100431B1405FB03F35E
:1017A0001B14C9E7039D06F50C7AA146474606E0DF
:1017B000B6F93432AA4529F8023B3FF45DAE3B4608
:1017C00055F8047F9F42F3D2F06A07F01FFDF36AD9
:1017D000A0EB630003B2A6F83432EBE7029B21468C
:1017E000039DD6F82CE003F5827C134855F8042FAE
:1017F000130EC2F30F2230F913805F1CC2F5803341
:1018000030F9177008FB03F302FB073353FB0EF3A9
:1018100021F8023B6145E9D12EE6029B224603995D
:10182000F56A03F5827051F8043F35FB13F322F893
:10183000023B8242F7D11FE6A81F00202DE9F047A6
:10184000C1EBC16800262D4A0F464FEA48130546F2
:101850004FF44049DFF8A8A0B34201EB0304C3F101
:1018600000480360A8BF4FF4C042C0E9426642602E
:101870001DE021462846FFF70DFA2A68A2FB09134E
:10188000002AA3F5C04300FA83F003DA6B6803F57E
:1018900040436B6006F00F03013600B2A8EB070867
:1018A0004433202E45F823002C603C4423D0002CE8
:1018B000DFDAE31B002B12DB3A4600234FEA083045
:1018C0004FEA185115F02CF8B0F5805F33464FF011
:1018D000000214BF414251462846FFF797F92146BE
:1018E0002846FFF7D7F92B68A3FB0923A3F5C043CC
:1018F00000FA83F0CEE7BDE8F08700BF00A0FFFF4D
:1019000001F0FFFF2DE9E847C1EBC16592461D4B91
:1019100000266D01C0F8542189460746AA42A3FB60
:101920000A23194A88BF4FF4C04205600D44C0F82D
:1019300008614260AAEB0302C0F80C6103EB520895
:101940008CBF012333464FEA184880F85031C8F560
:1019500040583346294652463846FFF735FA29465D
:101960003846FFF797F906F00F0340440136443339
:1019700000B2202E47F823003D604D44E9D1BDE878
:10198000E88700BF0160008000A0FFFF4FF0004229
:10199000FFF7B8BF00224FF4C041C0E94222C0E9BE
:1019A000002170472DE9F84386690EB9BDE8F88338
:1019B000044606F023FE05460028F7D000F10C018E
:1019C00000F5867CE36944F2A712294812FB13FE56
:1019D0009BB200EA0E4702FB03F303EBDE331F4426
:1019E00027F0004303EBD77336FB03F712FB13F822
:1019F00000EA084E9BB20EEBD83E02FB03EE2EF03F
:101A0000004303EBDE7336FB03FEC7EA0E4712FB0F
:101A100013F800EA084E9BB20EEBD83E02FB03EE31
:101A20002EF0004303EBDE7336FB03F812FB13F9D1
:101A300000EA094E9BB20EEBD93E02FB03EE2EF0FC
:101A4000004303EBDE7336FB03FEC8EA0E4841E9B0
:101A5000027808316145B9D120462946E361002268
:101A600006F04AFE2846BDE8F84306F01DBE00BF5A
:101A70000000FF7F2DE9F04F00F5807EB1E8A00A5D
:101A8000B2E84015C5EA0643C6EA2544C7EA084558
:101A9000C8EA2746C9EA0A47CAEA2948CBEA0C49F4
:101AA000CCEA2B4AA0E8F8078645E7D1BDE8F04F1D
:101AB00070474FF000022DE9F00F00F5807C00BF69
:101AC000B1E8A00AC5EA0203C2EA2544C7EA020552
:101AD000C2EA2746C9EA0207C2EA2948CBEA020954
:101AE000C2EA2B4AA0E8F8078445E9D1BDE8F00F27
:101AF00070474FF000022DE9F00F00F5807C00BF29
:101B0000B1E8A00AC2EA0543C2EA0504C2EA0745F1
:101B1000C2EA0706C2EA0947C2EA0908C2EA0B4953
:101B2000C2EA0B0AA0E8F8078445E9D1BDE8F00F46
:101B300070472DE9F00F089C00F5007B51F8045B1D
:101B400053F8046BC5EA0647C6EA254952F8045B18
:101B500054F8046BC5EA0648C6EA254AA0E880079F
:101B60008345EBD1BDE8F00F704700BF01207047FF
:101B700043792BB10021D0E9270303FB00F0704724
:101B800018460021704700BF0020704700207047B2
:101B90000020704700207047F0B404461F469BB2F7
:101BA000304E1046202543EA044305227561C6F8ED
:101BB000B820C6F8A010C6F8A4300123C6F8B0308B
:101BC0000F2F13D973699C06FAD5103FD6F8004140
:101BD0001030D6F804110F2FD6F80821D6F80C31A2
:101BE00040E9044140E902237561EBD8FA1DEFB1E9
:101BF000D6F8F030DBB2B3EBD20FE1D3032F23D909
:101C0000A7F1040C184B01464FEA9C0C1B1A0CF16F
:101C1000010200EB8200CA5841F8042B8842FAD135
:101C2000124B17F0030753F82C300FD10D4B5A69A4
:101C3000D107FCD55A69120701D508225A61094B10
:101C40000122F0BC5A617047D6F80031012F4FEAEB
:101C500013220370EAD01B0C032F427008BF83705D
:101C6000E4E700BF00402A4000412A4004412A40E6
:101C700010B504689C4602F50000029BD4F89C4015
:101C8000624604FB01010920FFF786FF002010BD1A
:101C900000487047882A00600648944610B50468DA
:101CA0001846029AA4440CEBC13107F0F7FF00205C
:101CB00010BD00BF9884002010B5064C944608461D
:101CC000029A24681946A4440CEBC03007F00AFFBE
:101CD000002010BD9884002008B5044B186800EB64
:101CE000C13007F075FF002008BD00BF98840020B8
:101CF0002DE9F0439846C36983B04BB3914605463E
:101D00000F46426900260021484619F0FDFF696927
:101D10006C68324600914B4639462846A0476A69AE
:101D20007AB109F1FF3C0CEB020401E0A44508D0B4
:101D30001CF801EFBEF1FF0FF8D0002003B0BDE8A2
:101D4000F083B8F1000F03D01644EB699E42DAD35A
:101D5000012003B0BDE8F08308B5437923B1083012
:101D600004F08CF9C343DB0F184608BD00B5C3B0BF
:101D700008306A4604F0D0FBC043C00F43B05DF8A2
:101D800004FB00BF43790BB918467047FFF7EEBF5D
:101D9000437913B900200021704710B5044608307C
:101DA00004F00AFF002803DBD4F8A03083420FD2EE
:101DB00023680C4ADB69934210D163792BB100216F
:101DC000D4E9273003FB00F010BD0020002110BD36
:101DD000D4F89C30002103FB00F010BD2046BDE884
:101DE0001040184715E30000034610B4C0B1104876
:101DF000104C0268246801328C4202600CD3CC087B
:101E000001F0070C01220020195D02FA0CF20A43CE
:101E10001A555DF8044B704708465DF8044B70474F
:101E2000034A10680029F4D0024C13602160F0E7E7
:101E3000D4840020D0840020026810B51269084CB8
:101E4000A2420AD10346407900B910BD03F108004F
:101E500004F014F9C043C00F10BDBDE81040104796
:101E6000FDE4000070B5467984B016B9304604B080
:101E700070BD00F108041546204604F093F90028CF
:101E800015DB08F0FFFA042302462946009320469A
:101E9000039203AB6D2204F09FFB0028E6DA2221B7
:101EA00005480AF081FD054806F098FFDEE70026A8
:101EB000304604B070BD00BFC02D002098520020F5
:101EC00070B5457984B01DB90025284604B070BDB1
:101ED00000F108040E46204604F0B2FC0028F3DBB3
:101EE00008F0D0FA0423039063220093314603AB39
:101EF000204604F071FB002811DB042203AB3146BD
:101F0000204600926D2204F067FB0028DDDA2221D2
:101F100007480AF049FD074806F060FFD5E722218F
:101F200005480AF041FD034806F058FFE5E700BF09
:101F3000C02D0020985200209C2D002030B482B08B
:101F40000C4602AB03E90600C37C002B30D072B60E
:101F5000C37CDA0708D54FF0E0214569D1F880212C
:101F60002A408262C1F880219D0708D54FF0E02108
:101F70008569D1F884212A40C262C1F884215907B9
:101F800008D54FF0E021C569D1F888212A400263C5
:101F9000C1F888211A0708D54FF0E021056AD1F869
:101FA0008C212A404263C1F88C21DB062FD462B613
:101FB00083689C4235D0224B84609B69214AC3F3DD
:101FC0000111C3F3826352F821100133B1FBF3F224
:101FD000CCB1944227D8B2FBF4F3B2FBF3F29442B3
:101FE0002CD3B3F5817F20D3174CC4600368032240
:101FF0000020019918615A6201221C6419661A6155
:1020000002B030BC70479942EFD3531CE9E74FF060
:10201000E022416AD2F890310B408363C2F89031DC
:10202000C5E7C468E2E70024DFE7022BFBD9023BE7
:102030005A08140244EA02441C43D6E71A46E4E76D
:1020400000C00F408C320020FF7F7F00944619B102
:10205000012903D0012070471EF094BA1A46614648
:102060001EF098BA70B51D4684B0D0F8CC30089EEA
:10207000002B78D0D0F89C30044603FB012190F867
:10208000D130182B65D013238DF804108DF8003053
:102090000B0E8DF801300B0C090A8DF802308DF80B
:1020A000031032460021284619F02EFE2F4A07233E
:1020B000D4F8CC00CDE9022304AB13E90600FFF706
:1020C0003DFF002194F8D00007F06AFC94F8D1306D
:1020D0006A46D4F8CC00DB081146013312F03AFA14
:1020E00033462A462946D4F8CC0012F033FA0121AF
:1020F00094F8D00007F054FCD4F8CC20D37C2BB358
:10210000DD0704D5906A4FF0E021C1F800019C077B
:1021100004D5D06A4FF0E021C1F80401580704D576
:10212000106B4FF0E021C1F80801190704D5506B7E
:102130004FF0E021C1F80C01DB0607D5926B4FF0A0
:10214000E0230020C3F8102104B070BD002004B0CB
:1021500070BD03238DF800300B0C49BA8DF80130A7
:10216000ADF802109DE76FF00400F0E780C3C901ED
:102170000068FFF777BF00BF2DE9F04F83B004463A
:102180000F46DFF8D4A007F0E1FB6D4606464FF09E
:102190000709DFF8C880D4F8CC00CDE900A995E89C
:1021A0000600FFF7CBFE002194F8D00007F0F8FB03
:1021B000D4F8CC304FF4A0601A68116E01EA08031D
:1021C00043F00F0313665066136F9B07FCD4116630
:1021D0000121536F94F8D0001FFA83FB07F0E0FB56
:1021E000D4F8CC20D37C13B3D80704D5916A4FF030
:1021F000E020C0F80011990704D5D16A4FF0E02023
:10220000C0F80411580704D5116B4FF0E020C0F856
:102210000811190704D5516B4FF0E020C0F80C11DC
:10222000DB0604D5926B4FF0E023C3F810211BF0BE
:10223000010B07D007F08AFB801B874206D30AF008
:1022400031FCA8E7584603B0BDE8F08F6FF00400FA
:1022500003B0BDE8F08F00BF80C3C90100F0FFFFED
:1022600030B50446D0F8CC0085B0002800F09C8042
:102270001D46D4F89C3003FB012294F8D130182B72
:1022800000F0888012238DF804208DF80030130EA2
:102290008DF80130130C120A8DF802308DF80320EE
:1022A000434A0723CDE9022304AB13E90600FFF7F5
:1022B00045FE002194F8D00007F072FBD4F8CC2042
:1022C000062312685366D36D13F4F81FFBD0012167
:1022D00094F8D000536F07F063FB3649FA22364B6F
:1022E00048681B684FEA134C344B02FB0CFC4FEA66
:1022F0005C0CA3FB0C3C4FEA1C2C4A68121A944558
:10230000FBD8002194F8D00007F04AFB94F8D130B4
:102310006A46D4F8CC00DB081146013312F01AF9F2
:10232000089B00222946D4F8CC0012F013F90121B1
:1023300094F8D00007F034FBD4F8CC20D37C13B34E
:10234000D90704D5906A4FF0E021C1F800019D073C
:1023500004D5D06A4FF0E021C1F80401580704D534
:10236000106B4FF0E021C1F80801190704D5506B3C
:102370004FF0E021C1F80C01DB0604D5926B4FF061
:10238000E023C3F81021D4F8D4102046FFF7F4FE60
:1023900005B030BD02238DF80030130C52BA8DF811
:1023A0000130ADF802207BE76FF00400F0E700BFDA
:1023B00080C3C901001000E0945200201123970847
:1023C0000068FFF74DBF00BFD0F8CC30002B00F005
:1023D000AE8070B5044684B0D0F894000E4619F073
:1023E00007F9054660B102460123314604F1800039
:1023F000FFF77EFC002840F08E80284619F000F997
:1024000094F8D13094F8D210D4F89C20182B8DF881
:10241000001002FB06F177D0080E8DF804100A0CAC
:102420000B0A8DF801008DF802208DF80330414A27
:102430000723D4F8CC00CDE9022304AB13E906004E
:10244000FFF77CFD002194F8D00007F0A9FAD4F83A
:10245000CC20062312685366D36D13F4F81FFBD00B
:10246000012194F8D000536F07F09AFA3249FA2507
:10247000324A48681268324B120C05FB02F25208CD
:10248000A3FB0232120A4B681B1A9A42FBD80021A6
:1024900094F8D00007F084FA94F8D1306A46D4F862
:1024A000CC00DB081146013312F054F8012194F8F6
:1024B000D00007F075FAD4F8CC20D37CEBB1DE075E
:1024C00004D5906A4FF0E021C1F800019D0704D5C2
:1024D000D06A4FF0E021C1F80401580704D5106B11
:1024E0004FF0E021C1F80801190704D5506B4FF0F7
:1024F000E021C1F80C01DB0613D4D4F8D810204633
:10250000FFF73AFE04B070BD0B0C49BA8DF80130EC
:10251000ADF802108BE7284619F072F8002004B0DD
:1025200070BD926B4FF0E023C3F81021E5E76FF028
:102530000400704780C3C901001000E094520020DD
:10254000112397080068FFF73FBF00BF70B51D4615
:1025500084B0D0F8CC30089E002B75D0D0F89C30D9
:10256000044603FB012190F8D1300322182B8DF88B
:10257000002062D00B0E8DF804108DF801300B0C8A
:10258000090A8DF802308DF80310324600212846E2
:1025900019F0BAFB2E4A0723D4F8CC00CDE9022368
:1025A00004AB13E90600FFF7C9FC002194F8D00042
:1025B00007F0F6F994F8D1306A46D4F8CC00DB087D
:1025C0001146013311F0C6FF33462A462946D4F896
:1025D000CC0011F0BFFF012194F8D00007F0E0F922
:1025E000D4F8CC20D37C2BB3DD0704D5906A4FF010
:1025F000E021C1F800019C0704D5D06A4FF0E0212A
:10260000C1F80401580704D5106B4FF0E021C1F860
:102610000801190704D5506B4FF0E021C1F80C01F7
:10262000DB0607D5926B4FF0E0230020C3F81021A2
:1026300004B070BD002004B070BD0B0C49BA8DF819
:102640000130ADF80210A0E76FF00400F3E700BF1F
:1026500080C3C9010068FFF779BF00BF70B50446A9
:10266000D0F8CC0084B0002800F0A8801D46D4F833
:102670009C3003FB012294F8D1300221182B8DF8F5
:10268000001000F09480130E8DF804208DF80130B6
:10269000130C120A8DF802308DF80320494A0723E3
:1026A000494ECDE9022304AB13E90600FFF746FCCF
:1026B000002194F8D00007F073F9444932224868A9
:1026C00033681B0C02FB03F3414A5B08A2FB0323A4
:1026D0001B0A4A68121A9342FBD8D4F8CC2006236E
:1026E00012685366D36D13F4F81FFBD0012194F8E0
:1026F000D000536F07F054F93449486833684FEA03
:10270000134C322303FB0CFC314B4FEA5C0CA3FB54
:102710000C3C4FEA1C2C4A68121A9445FBD8002145
:1027200094F8D00007F03CF994F8D1306A46D4F818
:10273000CC00DB081146013311F00CFF089B00228E
:102740002946D4F8CC0011F005FF012194F8D000FF
:1027500007F026F9D4F8CC20D37C2BB3DD0704D5C1
:10276000906A4FF0E021C1F800019C0704D5D06ABF
:102770004FF0E021C1F80401580704D5106B4FF069
:10278000E021C1F80801190704D5506B4FF0E02192
:10279000C1F80C01DB0607D5926B4FF0E023002057
:1027A000C3F8102104B070BD002004B070BD130C3C
:1027B00052BA8DF80130ADF802206FE76FF00400D7
:1027C000F3E700BF80C3C90194520020001000E06D
:1027D000112397080068FFF741BF00BFD0F8CC3045
:1027E000002B00F0B88070B50446C4B0D0F8940057
:1027F0000E4618F0FDFE054660B102460123314643
:1028000004F18000FFF774FA002840F09680284613
:1028100018F0F6FED4F89C50FF2104A82A4619F0BF
:1028200073FA94F8D130022206FB05F1182B8DF8CB
:1028300000207BD00B0E8DF804108DF801300B0CAE
:10284000090A8DF802308DF8031002AB0722434EBF
:10285000D4F8CC00CDE9026293E80600FFF76EFBE6
:10286000002194F8D00007F09BF8D4F8CC20062380
:1028700012685366D36D13F4F81FFBD0012194F84E
:10288000D000536F07F08CF8354B364948681A680A
:102890003223120C03FB02F2334B5208A3FB023229
:1028A000120A4B681B1A9A42FBD8002194F8D000F8
:1028B00007F076F894F8D1306A46D4F8CC00DB08FB
:1028C0001146013311F046FED4F89C30002204A9D1
:1028D000D4F8CC0011F03EFE012194F8D00007F0AE
:1028E0005FF8D4F8CC20D37CEBB1DD0704D5906A37
:1028F0004FF0E021C1F800019C0704D5D06A4FF0E9
:10290000E021C1F80401580704D5106B4FF0E02115
:10291000C1F80801190704D5506B4FF0E021C1F848
:102920000C01DB060FD4002044B070BD0B0C49BA7B
:102930008DF80130ADF8021087E7284618F060FEE8
:10294000002044B070BD926B4FF0E0230020C3F82C
:10295000102144B070BD6FF00400704780C3C901FE
:1029600094520020001000E0112397080068FFF740
:1029700035BF00BF2DE9F041364D82B098464FF487
:102980000003089E0746C5F8A0304FF42023C5F881
:10299000A4300123C5F8B0306C69E307FCD52007EB
:1029A00001D508236B612B4C012502F50002B3B25F
:1029B0006561D7F89C0043F4302300FB0121C4F883
:1029C000A010C4F8A430C4F8B0504025224B01E058
:1029D000520628D4626912F0010CF9D0130701D510
:1029E000082363611B4B01225A61D7F8D05006F0CF
:1029F000ADFF044606E006F0A9FF001B854220D388
:102A00000AF050F801230DF107024FF400010D20E8
:102A1000FFF7C2F89DF8073013F00103EBD1184619
:102A200002B0BDE8F081082E10D8002ED2D0324678
:102A300041461846B044664607F030F965610346E2
:102A4000C8E76FF0040002B0BDE8F081A6F1080C01
:102A50000826ECE700402A4080412A400068FFF742
:102A600089BF00BF70B5054682B0D0F894000C460F
:102A700018F0BEFD60B1064602460123214605F16D
:102A80008000FFF735F900284FD1304618F0B8FD27
:102A90002B4A4FF420234FF40001C2F8A010C2F8D3
:102AA000A4300123C2F8B0305369DE07FCD5180703
:102AB00038D4234A01235361D5F89C1001FB04F458
:102AC0004FF4402104F50004C2F8A040C2F8A4105D
:102AD000C2F8B0305369D907FCD51B071FD4184B77
:102AE00001225A61D5F8D45006F030FF044606E0C2
:102AF00006F02CFF001B85421DD309F0D3FF0123F4
:102B00000DF107024FF400010D20FFF745F89DF885
:102B1000073013F00103EBD1184602B070BD082353
:102B20005361DCE708235361C3E7304618F068FDC2
:102B3000002002B070BD6FF0040002B070BD00BF95
:102B400000402A400068FFF78DBF00BF826E436DD2
:102B5000126AD31A1944B1FBF2F302FB1311836D0D
:102B60008B420BD94FEA511C406E01F01F0101222C
:102B700050F82C308A40134340F82C300020704726
:102B800011F0805F174A184B18BF134610B5046840
:102B900084EA010C1CEA030F14D044F30903013347
:102BA00010D0124B0A4004EA030C114B4CEA030309
:102BB0009A4207D00B0D03F4E062B2F5806F03D0A8
:102BC000002010BD012010BDC4F38922C1F389216A
:102BD0008A42F5D35BB28646002004EB8323CEF80D
:102BE000003010BD00FCFF7F00FC0F7000FC0F00E8
:102BF0000000F04F034641F3090C00201A68BCF1B5
:102C0000FF3F08BF01310432C1F3090111441960CB
:102C1000704700BF034600201A6801321A607047EF
:102C2000836E1A6B10B504462AB15A6B52B19B6B76
:102C30007BB1002010BDC06818F0E2FCA36E5A6B97
:102C4000002AF4D1E06918F0DBFCA36E9B6B002B2B
:102C5000EFD1606E18F0D4FC002010BD2DE9F04FCC
:102C600087B0DDF84CB0119CBBF1000F78D09A46CC
:102C70008146013B884615460393B8F1000F04D006
:102C8000D8F80030109A934234D02B685F46109ADF
:102C90009A423ED0D9F86800DA454169B4FBF1F2B6
:102CA00001FB124202D80AB959453ED9109BA2EB4A
:102CB000040CC769A21A2B60039B6A6023440B446F
:102CC000B3FBF1FE01FB1E31591AB94294BF0CEB64
:102CD00001030CEB0703816A8B4228BF0B46109956
:102CE0000093AB604768EB68B8470028C5D007B0D1
:102CF000BDE8F08FD8E901733B44A342C5D9A74290
:102D000043D93F1B2B68109A5F4528BF5F469A4204
:102D1000C0D1D5E901130B44A342BBD9A14223D9A9
:102D2000091B8F4228BF0F46B4E7B7FBF1F301FB45
:102D30001373224610991E46129B0496BE1B0596DD
:102D400000964668B0470028D1D1049AD31B129A46
:102D50009B44059B1A441C441292BBF1000F8CD17A
:102D6000002007B0BDE8F08F1A1B611AEB68BA4269
:102D7000194428BF3A46ABEB020B144412980346A1
:102D80001344129306F08AFFE7E71A1BE71BD8F8F3
:102D90000C105A45394428BF5A461444ABEB020B79
:102DA000ECE700BF0B6B8A6A70B50D4682B0044633
:102DB0008166002B3CD0C3606B6B002B46D0E36177
:102DC000FF21E06818F0A0FF4FF0FF36A36EFF214F
:102DD000E0699A6A266018F097FFA56E2661AB6BD2
:102DE000002B3CD06366EA6B002340F2FE304FF0CC
:102DF000FF319A4208BFFF22E2662A6C9A4208BF5E
:102E00006FF0004222676A6C63649A4208BF024610
:102E10001846236362672365C4E90811C4E90A33CD
:102E2000C4E90F33C4E90D33C4E9123302B070BDF5
:102E30001046019218F0DCFB019AE0600028BBD13B
:102E40002046FFF7EDFE6FF00B00EFE71046019212
:102E500018F0CEFB019AE0610028B1D1F0E7E86AF2
:102E600018F0C6FB60660028BDD1E9E72DE9F04FF8
:102E700089B0DDF850900592B9F1000F3BD00746BC
:102E80008B469846002406AE01E0A14533D9129B3B
:102E9000A9EB0405D7F868C05A4603EB040E059B5E
:102EA000082D4FF00001A3EB0403384628BF082586
:102EB0000493DCF8203005EB0E0A9845049B24D2DD
:102EC000DCF81CC0E24520D8CDE90265CDE9008ED2
:102ED000FFF7C4FE139A0346304611192A462C44C4
:102EE0002BB918F045FE0028CFD009DB0223184685
:102EF00009B0BDE8F08F0023184609B0BDE8F08F97
:102F00000123184609B0BDE8F08F6FF0530318464F
:102F100009B0BDE8F08F00BF30B51346C1F3090515
:102F2000826885B001680446AA4228BF2A460292F8
:102F3000406801905868009008461B68FFF796FFAC
:102F400028B9A368AB4202D02CBF0220012005B0F3
:102F500030BD00BF2DE9F0430C46096885B0CD1C9B
:102F600038D80646806E98461746D0F818E0626852
:102F7000D4E90253754405F1FF3CBCFBFEF50EFBA2
:102F800015C5ACEB05050095D0F80890C8478146FB
:102F9000E0B9B8F1000F10D002952A46E36839462F
:102FA00030460193636800934FF0FF333B60236822
:102FB000FFF75CFF002816DB12D1B36EFF21E0683B
:102FC0009A6A18F0A1FE4FF0FF332360484605B01F
:102FD000BDE8F0834FF00009484605B0BDE8F08336
:102FE0006FF05309F2E78146F0E700BF2DE9F04F9B
:102FF00083B0DDF83C800C9E0192DDE90D5AB8F1FA
:10300000000F37D00C4681469B46816E002708E0B2
:103010008B692660A760B5FBF3F203FB1252AA1A74
:1030200062602368B342F3D16068A842F0D88A6A2C
:103030000244AA42ECD9521BE368281A5146424581
:10304000184428BF42461544A8EB0208009206F037
:1030500025FE009A63689244A268EB1AD9F86810BA
:10306000934238BF13468A6A9A42A36006D0B8F1E9
:10307000000F0ED1002003B0BDE8F08F5B46019A2F
:1030800021464846FFF766FF0028F0D003B0BDE8B0
:10309000F08FD9F86810C4E7F0B5174685B01E4622
:1030A0000C460246CDE902734B6801930B6800F1B0
:1030B000100100930023FFF799FF054640B93246FF
:1030C0003946E06803F08CFD6368E0603344636078
:1030D000284605B0F0BD00BF2DE9F04F87B005923E
:1030E0004BB94FF0FF32119918460A60129A1360DB
:1030F00007B0BDE8F08F866E5D1E80468946F46994
:10310000083CA54261D3B5FBF4F0013813F020FC74
:10311000109B02309C42A5EB8005B5FBF4F552D81C
:10312000B3FBF4F0013813F013FC109B871CA3EBE6
:103130008707B7FBF4F7384613F00AFC109BA3EBA4
:10314000800004FB17031093BD4232D94FF0040BEB
:103150000DF1140AB44601E0D8F868C0EC1B95FAEA
:10316000A5FEDCF820000423B4FA84F4BEFA8EFE37
:10317000059E4A46C4F11F040021744528BF7446C9
:1031800086424FEA840E0EEB030025D2DCF81CC009
:10319000604521D84046CDF804E00096CDE902AB69
:1031A000FFF75CFD01230028A2D1A340ED1ABD4228
:1031B000D2D8059B0020119A1360129B109A1A60B6
:1031C00007B0BDE8F08F0027BEE7109B9C42B3FB21
:1031D000F4F0EED80025A5E76FF0530088E700BFB4
:1031E0002DE9F04F984642F30903144689B0B3F134
:1031F000FF3F14BF1746571C4B684A69C7F30907BE
:1032000004333B4493425DD824F000428B6805466A
:1032100089465340059207AA1BBA07930423FFF778
:103220003BFF8346B0BB002C38DA002F3ED05C4613
:103230000DF11B0601E0BC4238D0D5F868E02A4603
:103240000021DEF82000D8E900C304EB030A84451E
:10325000A7EB040304F101040AF101002DD2DEF80A
:103260001CE0704529D80120CDF800C0CDF804A09D
:10327000CDE902602846FFF7F1FC8446012332467F
:1032800049462846BCF1000F1AD1FFF705FF002878
:10329000D1D08346584609B0BDE8F08F3B46424640
:1032A00028464946FFF7F8FE0028F2D1059B58460C
:1032B000C9F8083009B0BDE8F08F6FF0530BE9E7AB
:1032C000E346E7E76FF01B0BE4E700BF13460A464F
:1032D000D0E90001FFF784BF2DE9F04F2DED028BFF
:1032E00095B092461C468346BDF890208946BDF9AC
:1032F00098300D92BDF894200E939B020C92229A66
:10330000209EC2F38F22DDF884800B930A9244F34F
:103310000903B3F1FF3F14BF2546651C0AF10403FE
:10332000C5F309051D44D9F80C309D422CD3B8F1E2
:10333000000F40F3BE80336808F1FF387568083627
:103340001193239A22995A400A40654912EA0107CB
:10335000DDD10A9A002A3FD1C3F30A52002AD6D0FF
:1033600040F201118A4255D0B2F5817F74D00B9999
:103370002A461944DDE9273098470028C7D015B000
:10338000BDEC028BBDE8F08FDBF86830D9F8002087
:10339000196A8A4280F09C80DB692F1D9F4200F2EF
:1033A00097800423002158460393CDE9002511AAF4
:1033B00002925A46FFF752FC0028E0D1119BAA4620
:1033C000D9F8002012AD1BBA13971292634043F054
:1033D00000431C461193B4E7424B524649465846B7
:1033E000CDE9067311ABCDE9047708932346CDE907
:1033F0000277CDE90068FFF76FFF0028BFDB86D1B9
:10340000119B0C99C3F38922914280D90D99914265
:10341000A2D97CE7289A294658460892279A07920B
:10342000314A0292C3F30902C3F3892304929B1A1F
:10343000013205920E9A134400221BB206934FF0FC
:103440000053CDE9002203934FF0FF33FFF744FF11
:1034500000283FF45CAF92E7C3F30902002A3FF46F
:1034600056AF08EE10BACDF83C90BB46CDF884803C
:10347000DDF83890B0462646DDE9277404E0119B5C
:10348000C3F3090293451AD2C3F38923A96895F8B7
:1034900000C020464B446A680CF5407C0BF1010BE0
:1034A00041EA83210C3541EA0C51B8470028E6D0A7
:1034B00065E7002015B0BDEC028BBDE8F08F344607
:1034C00018EE10BA4646DDF83C90DDF884801EE721
:1034D0006FF0530015B0BDEC028BBDE8F08F00BF5C
:1034E0000000F07F25F3000000FC0F6070B504467B
:1034F000006886B0836ED2E90052D3E90736B54240
:1035000022D202F10806B3421ED300F11001CDE928
:10351000005208250246039504AD0295FFF79EFB75
:1035200080B9049A636893420CD0A06805998142DF
:1035300018BF824214BF012000208B420CBF002024
:1035400000F0010006B070BD6FF05300FAE700BF55
:103550002DE9F04F1C4687B0836E8046109F8A4647
:10356000DB699346013FA3F108094F45DDE9116589
:1035700041D3B7FBF9F0013813F0EAF90230A7EBB9
:103580008007B7FBF9F721462846B04780BB7FB3D9
:10359000D8F8681007F001090A6AC9F102039442D9
:1035A0004FEA830322D2CA6993421FD804AA039325
:1035B000514602925A46CDE900404046FFF74EFB85
:1035C0000346A8B9FC4304F0010403E00499B047A2
:1035D000012368B9A3422846F8DB06ABA9F102092A
:1035E00003EB84044F4454F8084CCCE76FF05300CD
:1035F00007B0BDE8F08F0027C5E700BF826E2DE958
:10360000F04F4D68804690690E468DB02B180733F9
:10361000B3FBF0F100FB1131A3EB010A0023554588
:10362000059378D2AAF1080140F2FE399B46049135
:1036300043E0099F3FBAFF43FA0F02F5A06212056B
:10364000641BB3680AADF06814430422294644F4AD
:103650007F2444F440646340099408F110041BBAC9
:103660000A9303F0BDFA029508227368039242465A
:10367000F0600193002331680B9040460091214691
:10368000FFF7B4FC002841D17368BBF1000F03D1F0
:10369000F26803F1040B0592099A07F00047C2F3A0
:1036A000090557404FF0FF3204351D4455457560FC
:1036B000C6E9027232D2D8F868200435AAEB0503B5
:1036C0004B4594BFEC1805EB0904544503D2049B09
:1036D0009C4228BF1C464FF0FF3331680993136AA0
:1036E000994272D2231DD26993426ED809AA04234B
:1036F0004046CDE90014CDE9022300214246FFF700
:10370000ADFA002895D010F1540F92D00346184618
:103710000DB0BDE8F08F08F110049B464FF0FF3369
:10372000214642464046C8F800300023FFF712FC0D
:1037300003460028EBD1D8F86800036998470028B1
:10374000E4D13169514552D2CDE906BADDF814A071
:10375000069B03F10409494531D2BAF1FF3F01D07C
:103760008B452CD04FF0FF350AAF0496049B4C1CC0
:10377000D8F868004246D3F800C0A9EB0103066AF6
:10378000B4451CD2C069844219D801910121404638
:10379000CDF800C0CDE902710021FFF75FFA0346C2
:1037A000012228463946002BB1D103F019FA4C45C5
:1037B000214605460DD25C45D8D15545D6D06FF08F
:1037C000530318460DB0BDE8F08F4FF0A04200271C
:1037D00036E7049E0028F2D140F2FE32DDE90630E1
:1037E000C11A914294BF5B189B18834201D30023F6
:1037F0008DE7A0F10801994228BF19460B1D8842A8
:103800000693A5D8F3E700BF2DE9F04F2DED028B0D
:1038100097B0166814460B93836E1A6A964280F02E
:103820004D816568AA4240F24981DA698B460021E0
:103830008246032ACDE9101113D9042310AA039359
:1038400002920246CDE90061FFF708FA03460690AE
:10385000543303D0069B002B40F03381DAF86830F4
:1038600065681A6A954215D2DB69032B12D90423C5
:10387000002111AA504603930292524600950191ED
:10388000FFF7ECF903460690002800F0208154333E
:1038900040F01781002354F8232016A9CBF800200C
:1038A00083F0010201EB83030C9253F8183C54F8A7
:1038B0002220CBF808300023CBF80420CBF80C30C2
:1038C0000BF1080308EE103A02230A934FF0FF337E
:1038D00008935B46D3469A46AF4B042293E8030015
:1038E00012AB83E8030018EE101A4FF0FF3003F01C
:1038F00077F9DBF86830DAF800800E90D3E9073208
:10390000424540F23382002208994FF004094FF0FB
:10391000FF3445460D920691099209F104029A423C
:10392000059200F2AF8004220FAE009500210392B1
:1039300058465A46CDF804900296FFF78FF905468F
:10394000002840F02C82314604220E9803F048F9FA
:10395000DDF83CC00E909CFA8CFC8CEA0403002B32
:103960009C4604930F93C0F29081049A42F309039A
:10397000B3F1FF3F08BF0132DBF86830C2F3090141
:10398000DF69043101EB0902BA42079200F2898132
:10399000049A100D00F4E062B2F5A06F00F0A3806D
:1039A000042900F06E81059C14AE02E0DBF868305B
:1039B000DF69D3F820E004F10108DAF800503B4653
:1039C0005A4600217545584680F01B814745C0F096
:1039D0001881012701940095CDE90267FFF73EF9B0
:1039E0003A463146002840F004810E9803F0F8F87A
:1039F0000F990E90C9F1010341F309008C4623444D
:103A00004446B0F1FF3F14BF0A464A1CC2F3090204
:103A100004329A42CAD8080DDAF8005000F4E06285
:103A2000002A40F0BD80C1F38923099A934201D353
:103A300001330993229B83EA01040B9B1C4017D19D
:103A4000059B14AA14951593DDE9243098470028A6
:103A5000C0F27E810F9B00F0DE80089A4F495A40E9
:103A60000A4200F0D680022800F0FA80DAF800500E
:103A7000DDF81C90049CDBF86830D3E90732AA42D9
:103A80003FF64BAF00238AF81630DAF80C30002BE3
:103A900040F00C8116AA0C9B02EB830353F8183CF0
:103AA000CAF80830DAE90023CAE900320A9B012B80
:103AB00004D0069B089301230A930DE76FF053038C
:103AC0000693069817B0BDEC028BBDE8F08F069BFD
:103AD00054333FF4DFAEDDE910239B1A002BD4BF33
:103AE00000230123D7E61A6ADAF800309342C9D2DC
:103AF00009F108029742C5D30422009329463B46A8
:103B000003925846059A019214AA02925A46FFF768
:103B1000A5F8002840F02481149A0E9B9A42B1D156
:103B20000F9B0EA9049A1B0DDBF82C0082EAC374CC
:103B3000042203F055F8099BCBF82C0044F309014B
:103B4000AAF814300D9BB1F1FF3F14BF2246621C4E
:103B5000DAF800508AF81730C2F309020F9BCAF84E
:103B6000104043F30901B1F1FF3F08BF013305994C
:103B7000C3F30903114404334B448946CAF80C309B
:103B8000129BCAF81830139BCAF81C304FF0FF3351
:103B90000E93089B06936EE7701F002000FCFF7FCA
:103BA000B2F5806F39D0B2F5C06F7FF443AF00F04B
:103BB00001030D93DBF86830D3E90732AA427FF6A0
:103BC00061AF09F10C094B45FFF45CAF12AA00216B
:103BD000584600950292059A0192082203925A468D
:103BE000FFF73CF854303FF44DAF0F99DAF800502E
:103BF00020E710F1540F40F0B780DAF80050DDF8FC
:103C00003CC061460023080D8AF8163000F4E062DB
:103C100006E74FF0FF33089328E7099B40B20344BF
:103C20009BB20993089B23F07F4323F4700323F492
:103C30007F7323F0030343F09F4343F4E0038B427D
:103C40001AD0089C661C3FF4F5AEC4F38923C1F377
:103C500089229342FFF4EEAE04EB80230893E9E659
:103C6000089AC3F38921C2F389228A42FFF4FEAE87
:103C700043F000430893F9E6089B43F000430893A0
:103C8000D8E6DAF800500499CAE6230D03F4E0639D
:103C9000B3F5A06F4FD0DAF80C3000228AF8162066
:103CA000F5E6DAF80C308AF81650F0E65346DA46B4
:103CB0009B46DAF83C301A0D12F4E06F20D0DAF8A7
:103CC0004040DBF800108C4209D0DAF84420DBF8E1
:103CD0000400844218BF824201D0914210D1069A5A
:103CE000C3F38923C2F3892140F2FF32994240D0C5
:103CF0000698441C48D0994202D9A0F580630693E7
:103D0000239B4BB1069BBBF81420C3F3892393423A
:103D100028BF1346239A1380069B002BBFF6D1AE13
:103D2000C3F38923BBF814209A428CBF6FF00103C0
:103D300000230693C5E6DBF868309969DAF80C30A1
:103D4000B3FBF1F201FB1232002AA6D10122A5E752
:103D500010F1540F08D1DAF80C308AF8164096E6C4
:103D600010F1540F3FF48EAE0690AAE6089B06931E
:103D700088E6069B43F000430693239B002BC1D1AA
:103D8000069BC3F38923CDE7239B73B1BBF81410C3
:103D900013468A4228BF0A4623990A80C2E710F1D7
:103DA000540F3FF46FAE06908BE61346BAE700BFA0
:103DB0002DE9F04F0025012389B0144606460F4631
:103DC000AB46DFF86CA0DFF86C90DFF86C80956193
:103DD000D361B26E4FF0000E43462146D2F820C0A8
:103DE000304604F11802BBEB5C0F0BF1010B19D24A
:103DF0003D680596069505ADCDE9009ECDE902A585
:103E00007D680795FFF700FD08B1831C07D1A36902
:103E1000013302D0E3690133DBD16FF0010009B057
:103E2000BDE8F08F6FF0530009B0BDE8F08F00BF20
:103E300091FC000008000020FF03F07F2DE9F0470F
:103E40000023144684B0012206460D461F4604F1A5
:103E5000180A98464FF0FF39C4E90632E1694A1C56
:103E60001FD0B26E126AB7EB520F23D22A689A4261
:103E70001CD068688A4218BF884217D0984207F160
:103E8000010713D04FF0FF33524621463046CDE9AB
:103E90000288CDE90098FFF7B7FC40B9A369591C27
:103EA000DCD16FF0010004B0BDE8F087002004B061
:103EB000BDE8F0876FF05300F9E700BF2DE9F04F40
:103EC0009A46C36B0C698846CD68190D89B01646B1
:103ED00011F4E06F0246079400F09880016CD8F866
:103EE000000081420AD0D2F844C0D8F80470B94228
:103EF00018BFBC4502D0604540F08880C6F38921D8
:103F00000591002940F086804FF000096FF0030B07
:103F10000BE0200D00F4E061B1F5806FAAEB090120
:103F20005AD06140314035D01C4644F30907B7F1FF
:103F3000FF3F14BF2346631CC3F3090303F10801C9
:103F4000ABEB0303A94270D81D44936ED8F8001060
:103F5000186A81426ED2DB69281D98426AD8042310
:103F6000104604920393CDE9001507A902910021A0
:103F7000FEF774FE68BB079B1BBA6340DDE90421B2
:103F800023F0004307930029C3D1AAEB0901614044
:103F90003140C9D1013748D0149BC4F30906976E4C
:103FA0009E42D8F8000028BF1E46129B04332B44C3
:103FB0003D6AA8423ED2FD699F19AF423AD80396A6
:103FC000CDE90003139B104602933346FEF746FEED
:103FD000A8B309B0BDE8F08FC4F3892CC1F3892ED2
:103FE000E6459ED321F07F4121F4700121F47F71D9
:103FF00021F0030141F0804141F48011A14214D02D
:1040000040B209EB8029AAEB0901C0E7C6F3892376
:10401000059379E7C3F38923CAF389210E488B42BC
:1040200094BF81464FF0000970E76FF0010009B0BE
:10403000BDE8F08F6FF0530009B0BDE8F08F149B1E
:1040400001469A1B139B981917F05EFE09EB0400BA
:1040500009B0BDE8F08F00BF00FCFFFF30B589B0AC
:104060000C2314460F4A05ADCDE9015300230093FC
:104070000D4BFFF723FF002803DA831C0FD009B094
:1040800030BD02300BD0231F04F1080253F8041F87
:1040900055F8040B934281EA00011960F6D1002023
:1040A00009B030BD0000F07F0C00F07F2DE9F04F2B
:1040B00091B005461746DFF888A1049100210593C9
:1040C00001238846DFF87CB1DFF87C910E910F93D5
:1040D000CDE90811CDE90A11CDE90C11AB6E1B6ACF
:1040E000B8EB530F80F0A9803846049CA04708F134
:1040F0000108034600286AD10F993846A0470346B5
:10410000002864D14FF0FF3301900EAA08A9009354
:10411000CDE902002846FFF777FB002840F08B80AE
:10412000BDF8343023B304460AEA8423082206A9E2
:10413000002643EA0B03029201914A4608A9284649
:1041400000960134FFF7BAFE031E40F202224FEA46
:1041500013513ADBB2EB135F3DD0B1F5007F02D1D2
:10416000059B002B48D1BDF83420A3B29A42DBD87E
:104170000E99481C02D00F9B0133AFD1AC6A002CC2
:1041800048D0049E07E001F49011B1F5003F43D000
:104190002468002C3ED0A379012BF9D1216B01F4C6
:1041A0008813B3F5803FEED1D4E90A32002AEAD071
:1041B000009204F140012A462846CDE90167FFF745
:1041C000C7F9002837D1216BDDE79A1CCBD0184600
:1041D00011B0BDE8F08F31462A462846DDE90636A3
:1041E000002EC0D00096049E02970196FFF7B0F90A
:1041F00003460028B7D0EAE706993846049EB04740
:1042000003463846002BE2D10799B0470346002801
:10421000A9D0DCE70023DAE7D4E90D23002AB7D0E0
:10422000009204F140012A462846CDE90167FFF7D4
:104230008FF90028ACD00346C9E76FF05303C6E7F7
:1042400000FCFF030800002000FC0F702DE9F84F70
:104250000126DFF8D4A004468B46D4F85880D4E970
:10426000173008E00138676EC4E9171057F82E5070
:104270002A4231D00B4603F01F02984503F1010199
:104280004FEA531E06FA02F2ECD1002848D0636DC3
:104290004FF00009A26E9844136AD26AC4F85C9089
:1042A000B8FBF3F103FB118349466365D3008342F6
:1042B00028BF0346606EA36517F026FD0123224642
:1042C00051462046FFF7F2FE0028C6D0A36E1B6AB7
:1042D000C4E91699236621E0626D1344A26E126A46
:1042E000B3FBF2F102FB1133CBF80030D4E9160333
:1042F000834212D0012506E0226E8342E36502F17B
:10430000FF32226609D0590903F01F02013357F822
:10431000211005FA02F20A42EED10020BDE8F88F22
:104320006FF01B00FAE700BFF1F2000070B50D4618
:1043300084B004310646FFF789FF044600283CD1CB
:1043400029463046FFF782FF0446002835D12A4629
:10435000B36EA86052F8081B186A814230D2D8693F
:1043600003282DD904230292304632460393CDE927
:1043700000142146FEF772FC30B110F1540F03D047
:104380000446204604B070BDAA68B36E596A00297D
:104390000ADD0131531E41F001021344B3FBF2F177
:1043A00002FB11329B1AAB604FF0FF330421002255
:1043B000EB61C5E90313C5E90523204604B070BDD0
:1043C0002246E3E72DE9F04F8DB080460E46069277
:1043D0001268079305921BB11A4640F2FF3313800F
:1043E000D8F82030B146564CB361564DD8F8243039
:1043F0000494F361059C2946204615F0EBF8261835
:1044000082462946304618F00BFE0128074669D03F
:10441000022802D133782E2B7FD0F3194FF0010AF6
:104420001C4605932946204615F0D4F804EB000BF2
:104430002946584618F0F4FDA8B102280BEB0004F9
:1044400002D00AF1010AEDE79BF800302E2BF8D1DB
:104450009BF801302E2BF4D1BAF1010AE2D10BF115
:1044600002030593C6E73378002B67D0069B049AB6
:104470001E60130D022B5ED1C2F3892440F2FF337C
:104480009C4236D109F1180A44460DF1240BDDF89F
:104490001C80049604E045D199F81730002B44D0D5
:1044A0002F21049818F00EFD0028274E4FF0F043FE
:1044B0000CBFC4464FF0000C02965246049E49467B
:1044C0002046CDF80CB00097CDF804C00994CDE992
:1044D0000A67FFF799F90028DDDA044620460DB097
:1044E000BDE8F08F14F80A302E2B96D1F3190593FE
:1044F00080E70822154B09F1180A009043EA84234B
:1045000002924946124A4046CDF804A0FFF7D6FC75
:10451000031E0493B8DA1C46E0E773782E2B7FF471
:104520007CAFE3E7A046049064E76FF00104204607
:104530000DB0BDE8F08F6FF01304CFE7049CCDE71A
:1045400000FC2F009C440020BDF600000800002065
:1045500000FC0F702DE9F0411C4640F2FF3386B09D
:104560009A4235D0C36E04F108074FEA8228054607
:10457000013301970E46C3F3090743EA82231E4A1B
:10458000029700270097FFF799FC00281DDB4FEAF0
:10459000105C08233146284684F800C0029304AB1F
:1045A000164A0193164B009748EA0303FFF786FC6F
:1045B00000280ADB40F20223020DB3EB105F15D096
:1045C00040F201239A420CD0384606B0BDE8F08193
:1045D0000C4B022200201B882270238106B0BDE80C
:1045E000F081C0F3090338466360EEE7059B384667
:1045F000636006B0BDE8F08100FC0F7800FC0F702E
:10460000080000209C4400202DE9F04F87B01F4691
:10461000139BDDE910B5002B4CD0064688461446A6
:10462000013F6FF0010ADFF894902268023206D150
:10463000D4E901120A44954201D28D4225D2B26ECC
:104640005B46C4F800A05069D2F828C03A18B5FB00
:10465000F0F100FB11512A44691A61600091B2FB2C
:10466000F0F100FB1121501AE268414660450192C9
:104670004A4628BF6046A06002903046FFF71EFC05
:104680000028D2DA07B0BDE8F08F521B139BE06818
:10469000691A9A420144129828BF1A461544059295
:1046A00005F0FCFA129B059A13441293139B9B1A74
:1046B0001393BAD1002007B0BDE8F08F00FCF7FFDC
:1046C0002DE9F04F05468BB08A46284609A9FFF729
:1046D000BDFD0790A8B9099BA86E19460693C3684B
:1046E0009847079080B110F1540F40F09E804FF032
:1046F000FF3309A928462B61FFF7A8FD0790002882
:10470000E9D0DDF81CB080E0DAF83C30002B58D05E
:10471000079C0AF140084FF001090DF1230B26E038
:104720003146AE6E424FD6F81CC0BAF8046047EA74
:104730008626059FBC4572D301940096CDE902B947
:10474000FFF762FF002837D1069E012301942A4615
:1047500005F1100128460096059CCDE902B9FEF747
:1047600045FC002855D1DAF83C30A34229D9DAF8C3
:104770003060671CA3EB040C424616F4801F2846E9
:10478000414663460AF108060597C9D1671CAE6E1B
:10479000DAF838E02A460597376ABE453FD2F6690F
:1047A000059FBE423BD30194CDF800E0CDE902B9AC
:1047B000FEF754FA0028C7D0834658460BB0BDE830
:1047C000F08FAB6EE9699A6ADAF84C00DDF81CB03C
:1047D00005F064FA2B69FF21E869CAF840306B697B
:1047E000CAF84430AB69CAF84830AB6E9A6A17F021
:1047F0008BFA4FF0FF33069A2B61DAF83030CAF8A3
:10480000382043F40033CAF8303058460BB0BDE8C6
:10481000F08F10F1540F3FF46AAF8346CDE76FF08D
:10482000530B58460BB0BDE8F08F8346EDE700BF51
:10483000000010200B6BF0B50C46590397B00546ED
:1048400004D5DA0255D523F48023236313F4003C06
:104850003AD013F48011666B39D1542201A817F0B5
:1048600053FAA36AD4F82CE04FF0FF370B930123DF
:104870000DF1440CB6450D930E96CDF830E095E859
:104880000F002F608CE80F000ED836E000F050F8D3
:10489000B0F1000C18DB2B68013301D011972F60A9
:1048A000626BE36A9A4228D201230DF1030201A947
:1048B000284600F073FA844601230DF10302BCF18F
:1048C000000F21462846E1DA604617B0F0BDE26AE3
:1048D000B24238BF32464FF0000C23F40033A16BD4
:1048E00043F480336046E262A162C4E90C3617B03B
:1048F000F0BD4FF0FF322264A5E704F1400707E066
:104900001CF1540FE0D1FFF7DBFE84460028DBD119
:10491000394601232A462846FEF71CFB84462146D9
:104920002846BCF1000FEBD1D4E90C32D3E700BF2D
:104930002DE9F04F93B082468846CDE905320B6BE6
:104940005F0300F164811E05D8F8344006D5D8F81D
:104950002C20944202D21446C8F83420059ADAF882
:10496000701022448A4200F2168213F4003517D1E7
:10497000D8F82C20A24213D211AEC8F8342001235B
:104980003246414650468DF84450FFF7D1FF00288B
:10499000C0F2C081D8F83430A342F0D3D8F8303018
:1049A000DD0269D4059A002A00F0DE81059A9C0395
:1049B00008F1400BC146089208F13C020F9247D51E
:1049C000DAF86820D9F83C40D569AC4200F029817A
:1049D0002D1BD9F83870089B2046069C9D4228BFA5
:1049E0001D460BE016F1540F40F0FC80FFF768FE07
:1049F0000646002840F0F680D9E90E70594601239A
:104A00005246CDE90070CDE902455046FEF7EEFA78
:104A1000064649465046002EE4D1069B2B44069399
:104A2000D9F834302B44C9F83430D9F83C302B4411
:104A3000C9F83C30DAF868301B6ACAF86030089B65
:104A40005B1B089300F08D81D9F830309C03B7D4FC
:104A5000D80241D5DAF86820D5696FF00102D9F89B
:104A6000344017462D1BC9F83820C9F83C4043F4A0
:104A70000033C9F83030AEE70599D8F83450D8F88B
:104A80002C206818DAF868409042A16C38BF1046B4
:104A9000A26A002900F0C38040F2FE36C908B24283
:104AA00028BF32468A4228BF0A468242BFF47AAF04
:104AB000236A4146C8F83C505046CAF86030FFF7B8
:104AC000FFFDD8F830308646002840F08F8023F470
:104AD0008013C8F8303065E7D9F834300993002BDB
:104AE00040F0A680DAF86820136ACAF86030D9F876
:104AF00038300E93099B013BCDE90C9310A9504629
:104B0000FFF7A4FB0646002868D1109BDAF868007E
:104B100019460493C3689847064600286FD1099B3D
:104B2000002B00F02C81DAF868400D9BD4F81C9023
:104B3000A9F108084345C0F09C801E46B3FBF8F07D
:104B4000013811F005FF851CA6EB8505B5FBF8F5CE
:104B5000284611F0FDFE099BA3EB800005FB180819
:104B6000C84500F08C80B8F1000F00F0EF80002500
:104B70000DF144090E9EA44604E0B84540F2CF80F2
:104B8000DAF868C0DCF820406F1C52460021A642CB
:104B90005046A8EB050380F0D080DCF81CC06745C8
:104BA00000F2CB80012401950096CDE90294FEF736
:104BB00055F8234652465946002840F0CE800498C6
:104BC00001953D4600905046CDE90294FEF70EFA5D
:104BD0000028D2D010F1540F064613D0B646DDF8A7
:104BE000308001E0B646C846D8F8303043F40023A0
:104BF000C8F83030704613B0BDE8F08F0E4616F19D
:104C0000540FEBD14FF0FF330C9A136476E7FFF7A4
:104C100011FE86460028EDD1D8F8303093E6E169E0
:104C20003AE7D9023FF519AFD9F8343009935BE779
:104C3000099B59465046013B00930F9B029309F193
:104C400038030193D9E90A23FEF746FA06460028FD
:104C5000C8D1DAF86830FF21D9F84C009A6A17F009
:104C600053F84FF0FF33C9F84030D9F83430099386
:104C700038E7099B994565D0DDF8248077E7013551
:104C800095FAA5F3B3FA83F30A9301330B930E9BC2
:104C900000250DF144094FF004081193AC00049A6B
:104CA0000123594600925046524601940794CDE99B
:104CB0000298FEF79BF9014604F1040E04235246C4
:104CC0005046119F002999D10A9EAE4205F1010577
:104CD00010D0DAF86860346AA7422ED2F6697645B9
:104CE0002BD3079CCDE90298CDE90074FDF7B6FF00
:104CF000002840D10B9B9D42D0D1AC00DDF8309014
:104D0000DAF86830049FC9E90E74DD69D9F83030EB
:104D10002D1BACE68646704613B0BDE8F08F4446C6
:104D2000049FDDF83090DAF86880D9F83030C9E9AE
:104D30000E74D8F81C502D1B99E6DDF830806FF00A
:104D4000530E51E701230A900B93A0E72346049FDB
:104D50004446DDF830909846E7E78646DDF8308037
:104D600042E7C846D9F8303023F40023DDF814E0D8
:104D7000C8F830303EE78646DDF8308034E7DDF8AD
:104D800030901C46049FC9E90E73DAF86830DD697B
:104D9000D9F830306BE66FF01A0E2BE72DE9F04FA3
:104DA0001D460B6B87B080469E0317460C467AD48F
:104DB000606BE36A98427ED21B1AAB4228BF2B4637
:104DC0000593002B7BD004F13C0304F14009059EC0
:104DD0006FF0010BDFF8F8A0049327E0D8F868C063
:104DE000E26BDCF81C309A4223D09D1AB54228BFF2
:104DF000354611F480112FD0A818A18898424AEAAC
:104E0000812C04F108015ED84046CDE900C2CDE90D
:104E100002754A46FFF7F8FB88BB606B761BE36BB5
:104E20002F4428442B446063E36348D0216B4A033A
:104E3000D4D4CB0226D50246C4E90EB0D8F868C057
:104E400041F48021DCF81C3021639D1AB54228BF53
:104E5000354611F48011CFD1DCF820C0A06B60453D
:104E600031D205EB020C9C452DD8CDE90002CDE9ED
:104E700002754A464046FDF7F1FE0028CDD007B046
:104E8000BDE8F08F049A494600904046E36A0292DA
:104E900004F138020192A26AFEF71EF90028EED151
:104EA000216BE26BCAE7FFF7C5FC0028E7D1606B16
:104EB000E36A984280D3002007B0BDE8F08F0598E0
:104EC00007B0BDE8F08F6FF0530007B0BDE8F08F7A
:104ED000000010202DE9F04F2DED028BA1B09B4674
:104EE0000B688A46BDF8B4708146BDF8B88010934F
:104EF000A8EB07044B680D92012C11935BDD7B42FC
:104F0000464608EE101ADDF8B0A01BB2DDF834807A
:104F10000C9318AB0B932CE0FE2C16DCD9F8680030
:104F2000C169836C4D08243903B15D088269531E41
:104F30002B44B3FBF2F502FB1535189A5B1B8B4231
:104F400028BF0B469A4240F2BB8007EB64055B46E4
:104F5000424618EE101AADB248460296CDF800A0AF
:104F6000EC1B019500F010FF002864D1012C2E46A7
:104F70001EDD0B9A00204FF0FF3351460892A34AE2
:104F8000059607920C9A04970692A14ACDE9022051
:104F900000224846CDE9008B1892FEF79DF90028C3
:104FA000BAD00646304621B0BDEC028BBDE8F08F8A
:104FB00018EE10AAA846D9F86800DAF80830426A54
:104FC0000133002ACAF8083008DD013242F001023C
:104FD000B3FBF2F102FB1133002B3BD00024002382
:104FE000DAF8041019931C934FF0FF331891CDE9B0
:104FF0001A33836C03B9C369083B1D93C368984790
:105000000646002860D016F1540FCBD101254FF091
:10501000FF33C9F81030DAF800404CB1DAF8042058
:10502000012C18BF012A8CBF0124002400F23B810F
:105030006FF01B06B6E710F11C0FB04618EE10AA71
:105040000646AFD1D9F86800189AC369243B934249
:10505000B3D2A7E7DAF8002032B1DAF80410012958
:1050600002D9012A40F00581002318AA694948465F
:105070001893FFF71BF8064600B9189E002E91DB27
:10508000D9F86800036AB6EB530FA7D22C9B5146A0
:105090000D9A484600935B46CDE9017800F074FE16
:1050A000002818BF10F11C0F064614BF012400246D
:1050B0007FF478AFD9F86800002E90D1B8468EE71B
:1050C00018EE10AAB04678E718AB0AF10802484675
:1050D00019460B930423FDF7DFFF0646002892D103
:1050E0000D9B02460390484600930B9B2C9913930B
:1050F0007B42CDF804B01BB2CDF84890069312ABBA
:105100000893454B0793424BCDE9047802934FF047
:10511000FF33FEF7E1F8064600287FF474AFDAF8B3
:105120001830013314D0DAF81C30013310D09AF85B
:1051300017304846394A03F5C0630B9942EA0352D7
:105140000AF11803FEF74CF8064600287FF45BAF1F
:105150000023CDE91533002C00F08D80D9F84820CC
:10516000D9F84C005340DDE91512414048461591ED
:10517000D9F850104A4051461692294A1A401492C2
:1051800014AAFEF76BFF064600287FF40BAFDDE99B
:1051900014231343169A134340F0B4800B994846E6
:1051A000FEF72CFA064600287FF42DAFA8EB070780
:1051B000DAE90023AAF81470CAE90032199ACAF889
:1051C0000C201A9ACAF81020C9F85000C9E9120038
:1051D000002C79D0109AD9F820309A4208D0119931
:1051E000D9F82400814218BF824201D08B4207D1F6
:1051F000DAF80030C9F82030DAF80430C9F8243081
:10520000D9F82830002B68D011990EE099F30000EE
:1052100000FC0F40B9F3000071FA000008FC0F0019
:1052200000FCFFFF1B68002B57D09868824206D015
:10523000DC68A24218BFA14201D0884205D1DAF849
:1052400000009860DAF80400D86098790228E9D163
:10525000D86A824206D01C6BA14218BFA24201D07C
:105260008142DFD1DAF80000D862DAF8040018636E
:10527000D8E71D46CBE6D9F83C3014A909F12C0239
:1052800009F138051493D9F840301593D9F8443012
:105290001693086852F8043F4340AA4241F8043B81
:1052A000F7D1149B5AE70AF104014846FEF7CEFFF6
:1052B000064630B110F11C0F7FF474AE002D7FF460
:1052C00071AED9F868008AE609F1300309F13C09AA
:1052D00093E8070089E8070064E60B9A484610A99E
:1052E000FEF766FD00282EDA811C7FF45AAE10A965
:1052F0000B9A4846FEF7A2FD00287CD0831C7FF461
:1053000050AE4FE6199B1D9A103393423FF690AE74
:105310001A9B0FAA594D48460B996B401BBA0F9325
:105320000423FDF7B9FE064600287FF46CAE0C237B
:1053300014AA0B994846FDF7AFFE064600287FF4F5
:1053400062AE1A952AE7821CD1D0D9F830300133E9
:10535000C3F3090223F00043003A18BF012243EAD5
:10536000C2731A0DC9F8303012F4E06222D0D9F8B5
:10537000345018998D4208D0D9F83820199CA2428F
:1053800018BFA54201D0914276D13D4AC0F3892190
:1053900040F2FF341A40C3F38923C9F830208B420E
:1053A0004FF00002C9E90D2222D2A0F58060354AF3
:1053B00042EA83220023169014924846159314AAB9
:1053C00002230B99CDF85CA000F060F800287FF470
:1053D000E8ADD9F83030013BC3F3090223F00043B4
:1053E000003A18BF012243EAC273C9F830307EE7A1
:1053F000A342DFD0DBE702303FF4D4ADD9F8303040
:105400001A0D12F4E06F35D0D9F8344018998C4257
:1054100008D0D9F838201998844218BF824201D0A8
:10542000914227D1164A1A40C3F38923C9F8302084
:105430000022C9E90D2240F2FF3293421AD0114CEA
:1054400044EA83249DF8775002231494002405F540
:10545000C06514AA159448460B4C0B9944EA0554B0
:10546000CDF85CA0169400F011F8064600283FF431
:1054700099AD96E50024E5E700229BE70CFCFF7F51
:10548000FF0300800000F04F08FC0F002DE9F04FF3
:10549000856AA3B080460C46924699460F681DB9AE
:1054A00038E02D68002D35D005F108039C42F8D076
:1054B000AB68BB4207D0E9686268934218BF8A4272
:1054C00001D0B942EDD1AB79012BEAD12B6BDB02D4
:1054D000E7D5D8F86810EA6A8B6A9A42E1D90B6A74
:1054E00040466A6B2946EA63C8F86030FFF7E8F87F
:1054F000002840F01F812B6B2946404623F480137F
:105500002B63FFF797F9002840F014812D68276876
:10551000002DC9D16368264612AD0B930FCE0FC57F
:1055200096E80F0085E80F00B9F1000F30D0524621
:105530000AEBC900002640F2014140F2FF45BB469C
:1055400011E0AC4500F0BA80B3F5C06F08D15368E4
:105550000EF0010E1F68A7615B6884F817E0E36135
:10556000083290420ED01368C3F30A5C4FEA135E10
:105570008C450EF4E063E4D1A38A083201339042F3
:10558000A382F0D15F461EB1A38A002B00F03181C7
:10559000A37D002B40F09780A38AFE2B00F293801E
:1055A00002934FF0FF3300945246C8F810300023A6
:1055B0002146404601934B46FFF78CFC8446002869
:1055C00040F0AD80D8F82860002E74D0A44635464F
:1055D00040F2FF4BDDF82CE007EE908A4C4605F1D7
:1055E0000809CC4535D0AB68BB4206D0EA687345A4
:1055F00018BF724501D0BA422BD1E046B8E80F007F
:10560000A9E80F0098E80F0089E80F000CB3002309
:1056100007E040F20140814200F0D68001339C4215
:1056200017D05AF83320C2F30A515945F1D1C2F3C9
:105630008922A988914200F0D780EFD9AA7901394F
:10564000022AA980EAD1AA6A0133013A9C42AA62DD
:10565000E7D12D68002DC2D117EE908A4FF0FF3BA5
:10566000B368BB4207D0F2680B998A4218BF8B42DD
:1056700001D0BA421CD106F1200A06F108090BE05C
:10568000F47FACB1A6F804E0CDE90255CDE900B550
:10569000FEF7BAF800284DD1B6F804C04FF0FF333A
:1056A000B48B524649464046A445ACEB040EE7D2C3
:1056B0003668002ED4D14FF0000C3CE0A38A0126BE
:1056C000013BA3824CE723684FF0FF31D8F8680014
:1056D000E2681A931D912369816C1B921E921C93A0
:1056E00069B308391AAD4046CDF834801F910021C6
:1056F0000E950291CDE90511CDE903110DA908918F
:105700005F49CDE900A907912146FDF7E5FD8446F3
:10571000B8B11CF11C0F55D01CF1540F52D012AD72
:105720000FCD0FC495E80F0084E80F00604623B04A
:10573000BDE8F08F8446604623B0BDE8F08FC169B4
:10574000CFE7D8F8303046460FA90F93D8F8343059
:105750008C46109356F8383F119308F14403DCF857
:10576000000056F8042F4240B3424CF8042BF6D107
:1057700008F15006086853F8042F42409E4241F851
:10578000042BF7D10F9A3F4B1340DDE910120F9312
:105790000A431A4339D129464046FDF72FFF844674
:1057A0000028B6D11B9B08F13002E3601C9B07CA9E
:1057B000236108F13C0383E80700C8E912CCC8F86C
:1057C00050C0FFE6A38AEBE6C2F38922A988914282
:1057D000FFF424AFAA790131022AA9807FF41EAF19
:1057E000AA6A0132AA6219E74FF0FF32C5E9022224
:1057F00014E71AAD214640462A46FEF71FFB8446B1
:1058000058B310F1020F8AD1C2E60FAA21464046D2
:10581000FEF724FC8446002881D11B9B1F9A10337D
:105820009342CFD81C9B0CAA174E29464046734082
:105830001BBA0C930423FDF72FFC844600287FF449
:1058400068AF0FAA0C2329464046FDF725FC844685
:1058500000287FF45EAF1C969DE710F1020F3FF425
:1058600097AE9DF87F30002B3FF492AE294622463A
:10587000404600F00BF8844600283FF489AE4EE71E
:1058800071FA000000FCFFFF0CFCFF7F70B51446AE
:1058900082B00E4600F1480221460546FEF7DEFBC7
:1058A00070B9E37D3146074A183403F5C0662846CF
:1058B0000123019442EA065200926A46FFF7E6FD90
:1058C00002B070BD08FC0F000B6B1B0301D500205C
:1058D000704770B50C4686B00546FEF7ABFF236BEC
:1058E000002831D1DA032CD5A268013229D0E26830
:1058F000013226D0DB022CD404F128026B4692E858
:105900000300164A83E803000821266D1143284648
:105910000393A588D6E9013241EA852142EA85222E
:1059200005930291022342F0815204F1080104928E
:1059300002AAFFF7ABFD236B30B923F48033236356
:1059400000E0002006B070BD43F40023236306B0DE
:1059500070BDE36CE16A024AD7E700BF0000202077
:1059600000001020C36B1B0D13F4E06FF0B504466C
:10597000A1B056D1206BC0F3090000283DD000250E
:105980000123514E514F0D9508958DF837300F93E7
:105990000E95CDE90955CDE90B554FF0FF330EAA11
:1059A00010A92046CDE90255CDE90035FDF72CFFC1
:1059B00018BB9DF8373013B30DF1400E0DF1200CDC
:1059C000BEE80F00ACE80F009EE80F008CE80F0067
:1059D0000E9B013302D00F9B0133DED1226B0020DE
:1059E000534242FA83F3C3F3090223F00043121A2D
:1059F00018BF012243EAC273236321B0F0BD0EA990
:105A0000204618AAFEF7D4F900282FDA821CF4D118
:105A100010AA08A92046FFF739FF0028D8D021B0E6
:105A2000F0BD00224FF0FF3318A9CDE90222CDE9E5
:105A3000003200F14002FDF7E7FE0028DDD1256BC2
:105A400018A91190E36BC4E90D002148C3F3892222
:105A50000123284020631F4840EA822010AA1090AA
:105A60002046FFF713FD002884D0C6E7831CCFD063
:105A7000C0F3090304AA18A90095029303460192F2
:105A800020463246FEF71AFA0028B6DB049BDDE911
:105A90000E2193420DD08B4211D004AB06AA08A967
:105AA0002046CDE906730123FFF7F0FC0028A4D1BE
:105AB0008EE7059888423FF47FAF8B42EDD1059B7E
:105AC0009A42EAD178E700BF00FCFF7F08FC0F6034
:105AD000FF0300800000F04F2DE9F04F9F078FB0CB
:105AE0001E4605460C46079204D5FFF73BFF82464B
:105AF000002877D10027189B04F1080807AA23651E
:105B00002846231D4146E763E764C4E90C67FEF7B6
:105B100059FCB0F1000A69DB0123A371AB6A236071
:105B2000B305AC6200F1B9804FEA1A52012A40F085
:105B3000A68016F4806600F0CC80A2888D4B43EAE4
:105B400082230593236B43F480332363206D8368A2
:105B5000002B00F0A6800026DFF828B23746B146B9
:105B600012E013F0020F43F4803C08D04268696FE2
:105B7000324492688A4200F2A980C4F830C0836837
:105B80000C36BB4240F28D80236B0137DA07E8D533
:105B900040685A46A388414600EB060C10F806E020
:105BA000DCF808000EF5407E40EA8323C0F30900CC
:105BB000029043EA0E53DCF80400CDE90090284639
:105BC000FEF77CF9B0F1000A236B02DA1AF1020F3A
:105BD00010D1206DC5E728351B682B60236D1B682D
:105BE000002B50D050460FB0BDE8F08F1AF1020FD5
:105BF00018D0236B43F40023214628462363FFF784
:105C000063FEAB6A002BE9D0A34202D1E3E79C42DA
:105C1000E2D01D461B68002BF9D1236D1B68002BB9
:105C2000E0D130E0B4F8049040F2FF339945E0D081
:105C30000123F105A371AB6A2360AC62D9D5079E3D
:105C4000304618F04BFBEB6E834223D340EA8923A6
:105C50000B96484E08AA43F48013414628460997FC
:105C60000A93454B0D9743EA8923089346EA892313
:105C70000C930323FFF70AFC60B9059666E7236BD4
:105C80006FF0140AB6E7E06C15F0BAFC50460FB09E
:105C9000BDE8F08F6FF0230AABE7236B6FF0100ABB
:105CA000A8E70068002856D0AB6EE0649A6AFF212E
:105CB00016F02AF84FF0FF33059A236440F20123CF
:105CC000B3EB125F1BD04FF0000A8BE76FF01B0A9B
:105CD00090E708210096294B2846A288029104F1FA
:105CE000280143EA8223264A01914146FEF7E6F85D
:105CF000031E0593BFF62AAF236B82467AE76FF047
:105D00000102059B0021A262C3F309032264226BF6
:105D1000E36242F4801261642263AA6E926AA26412
:105D2000002BD0D040F2FE330091284641469A42E3
:105D300028BF1A46A38842EA8323C2F309020292CB
:105D400043F00053E26C01920D4AFEF7B7F8B0F150
:105D5000000AB8DA4DE7AB6E9A6A1046069215F063
:105D600047FC069AE0640028A1D1236B6FF00B0A70
:105D700040E700BF00001020000010400800002095
:105D800000FC0F7000FCFF7F2DE9F0430D46816E93
:105D90008DB00446096A17461E46BDF85480016658
:105DA00004A9BDF85890FEF7C1FA10B10DB0BDE8D6
:105DB000F08314983346CDF808903A46CDF8048025
:105DC00004A90090E87D8DF82700A8690A90E86989
:105DD0000B902046FFF77EF80028E7D10123049EB0
:105DE0000599AE61E961EB75226A2B68934207D091
:105DF0006F68656AAF4218BFAB4201D0BA42D5D1D5
:105E0000B8F1000FD2D1C4E908610DB0BDE8F0834C
:105E100030B59BB00546FCF7C5FF044610B12046DF
:105E20001BB030BDAB6E0146686EDA6A15F06CFFD0
:105E3000AA6E6C6512A9D36A2846126ADB00EC656B
:105E40002A66934228BF1346AB65FEF76FFA0446F5
:105E500000BBAB6E4FF400320D9006921E48D3E9A2
:105E600007121E4B0791E96E08920991296F1C4A8F
:105E70000A91696F0F9306AB0B911A490E90284651
:105E80000C9112A9CDE9102303230CAAFFF7FEFA07
:105E9000044628B12846FCF7C3FE20461BB030BD9F
:105EA000034602468DF85E0012A92846FFF7EEFA77
:105EB00004460028EED14FF0FF330120019412A9CF
:105EC000059004AA284600930494CDE90244FDF706
:105ED0009BFC0446DEE700BF0800F00FA44400204E
:105EE00018001020000010402DE9F04796B005463C
:105EF000FCF758FF0446002840F084800123064642
:105F0000DFF83091DFF83081DFF830A10E90159383
:105F1000CDE90F00CDE91100CDE91300AB6E1B6A8E
:105F2000B6EB530F7BD205A8404900270824404B0D
:105F300014AA07940136CDE90280CDE9001728465E
:105F40000EA9CDE90559FDF75FFC041E60DB2DD0DD
:105F500044F30904013429D0182000975346DDE9A1
:105F60000E12C5E9081208A9314ACDE901100EA99F
:105F70002846FDF7A3FF041E4ADB089B1A0C022AE1
:105F800044D19BB2002B41D10B9B1BB1EA6E9342D3
:105F90003CD8EB660C9B1BB12A6F934236D82B671B
:105FA0000D9B1BB16A6F934230D86B6705F13007C8
:105FB0000EA928463A46FEF751F8044640BB149B0A
:105FC000013302D0159B0133A8D12B6A01331DD0B8
:105FD0006B6A01331AD02B6B4FF0000E05F13C0CAD
:105FE00003EBD3732B63AB6E1E6AEB6AB3FBF6F263
:105FF00006FB123397E807008CE80700C5E9153E59
:10600000C5E917E6204616B0BDE8F0876FF0150425
:106010002846FCF705FE204616B0BDE8F087284666
:106020006FF05304FCF7FCFDF5E700BF0800F00F2C
:1060300000FCFF7FA4440020BDF6000018001020E3
:10604000836E1A6B10B504462AB15A6B52B19B6B22
:106050007BB1002010BDC06815F0D2FAA36E5A6B58
:10606000002AF4D1E06915F0CBFAA36E9B6B002BEC
:10607000EFD1606E15F0C4FA002010BDF0B59BB0F2
:1060800004460591FFF76EFC08B11BB0F0BD034656
:1060900005AA08A92046FEF795F90028F5DB40F28D
:1060A000FF32C0F3892393426FD0020DA16A022A06
:1060B00010910FD03848002208A940EA83200792A7
:1060C000012306AA06902046FFF7E0F9109BA36281
:1060D0001BB0F0BD3149082206AE002502929F0296
:1060E0002F4A41EA8323204608A901960095FDF72F
:1060F000E5FE0028C9DB4FF0FF333246204612A9E7
:1061000001950093CDE90255FDF77EFB0028BCD137
:10611000179B33F47F033BD110AB1F498DF846002A
:106120003246A3623943236B06910133ADF8440034
:1061300007902046C3F3090123F00043491B18BF11
:10614000012143EAC17308A923630123FFF79EF9E4
:106150000028BBD1236B12A9109A013BA26208AAA6
:10616000C3F3090023F00043003818BF012043EABD
:10617000C07320462363FDF761FE002885D112AA73
:1061800008A92046FFF782FB7FE76FF015007CE748
:106190006FF0260079E700BF0000F04F08000020F4
:1061A00000FC0F702DE9F04FB3B00546CDE90A129F
:1061B000FFF7D8FB044618B1204633B0BDE8F08F96
:1061C00003460AAA28460EA9FEF7FCF8071EC0F2ED
:1061D000158140F2FF39C7F38928C84500F00881CE
:1061E0000DF126030BAA284616A9FEF7EBF8061EAA
:1061F000C0F2C180C6F389234B4500F0F9800E9AA6
:10620000169B9A4200F0E280DDF83CC01798844566
:1062100018BF824200F0DA80634500F0D780AB6A95
:106220001E933B0DB3EB165F40F05E81022BBDF871
:1062300026B040F01E814FF0010AB04B08220DF14C
:10624000A00916A943EA8B234FF0000B02922846BF
:10625000AB4ACDF80490CDF800B0FDF72FFE002832
:10626000C0F287804FF0FF334A4620A92846CDF878
:1062700004B00093CDE902BBFDF7C6FA1EAA0028C0
:1062800077D1259B33F47F0340F02A818DF87E304F
:10629000ADF87C302B6BAA620133BDF826B0C3F396
:1062A000090223F00043003A18BF012243EAC273F7
:1062B0002B63BAF1000F40F01A81C2460B9B0022FB
:1062C00090484FEA8B2140EA8B2028904FF0000B3A
:1062D0008D4807920843069105932A901846CDF8F9
:1062E000A4B0CDF8ACB017F0F9FF059B06992D933B
:1062F0000EAB08434AEA01012F93844B079A3B40B7
:1063000003432C93824B0B432E93002A40F0898049
:106310007C4B16A93192284643EA88234A4630939B
:106320000523FFF7B3F8002840F09D801E9BAB6269
:10633000B31C3FF441AF360D022E7FF43DAF2B6B03
:1063400020A92846013BC3F3090223F00043003A89
:1063500018BF012243EAC27316AA2B63FDF76EFD34
:10636000044600287FF428AF20AA16A92846FFF784
:106370008DFA044620E7B01C79D1BDF826B0CB4594
:10638000DA4674D00E9A169B9A423CD0DDF83CC097
:106390001798604518BF904202D09C4540F08A8013
:1063A0000B9BAA6A184605931E9217F097FFEA6E98
:1063B000059B824232D3D346D04572D200224FEAA7
:1063C0008A210DF1A009C24610467EE7AB6A1E93F2
:1063D0003B0DB3EB165F40F08780BDF826B0D84583
:1063E0003FF4EAAE022B00F085800DF1A00964E7CE
:1063F0006FF01504204633B0BDE8F08F3C462046D0
:1064000033B0BDE8F08F0B9BAA6A184605931E9225
:1064100017F064FFEA6E059B9042CDD96FF023041C
:10642000CAE64A46052316A92846CDE930BBFFF740
:106430002DF8C0B92B6B1A0D12F4E06F3FF476AF54
:10644000344A0EA90D901A402E4B43EA8A232A6340
:106450000CAA0C930123C5E90D002846FFF716F896
:1064600000283FF463AF1E9B0446AB62A4E63446AB
:10647000A2E60DF1A0092B6B264818400B9BB11C1E
:10648000C246C5E90D2C40EA882C1E4A4CEA02029D
:106490002A634FF001027FF413AF4FEA8B210020F3
:1064A00013E708F10102C2460DF1A0091FFA82F8B4
:1064B0000022F2E70B9BA86A05931E901846CDE9CF
:1064C000062C17F00BFFEB6EDDF81CC08342DDE9F4
:1064D0000532A3D30F480DF1A009296B0840CEE780
:1064E0006FF02600044667E66FF0140464E6DDE909
:1064F0000E2CC1E74FF0000A9FE600BF0800002005
:1065000000FC0F700000F04F000010400000F0FF92
:1065100000001010FF03008030B58BB0154600233B
:106520000446019101AA02A9FDF74CFF002806DBF1
:10653000C0F389222B4602A92046FEF70BF80BB0C8
:1065400030BD00BF70B58EB014461E4600230591C5
:1065500005AA06A90546FDF735FF002821DBC0F393
:10656000892140F2FF3399421DD04FEA812C00224D
:1065700004F5407328460196009206A96C6F129D9F
:10658000144AA54228BF254645EA0353C5F3090529
:1065900043EA0C030295FDF791FC002814DBC0F3DD
:1065A00009000EB070BD002305F1200206A928469F
:1065B0000193CDE902334FF0FF330093FDF724F947
:1065C0000028EED18446D2E7831C08BF6FF03C0060
:1065D0000EB070BD00FCFF7FF0B591B01F46436F59
:1065E000169C9C4232D805911646002305AA08A99C
:1065F0000546FDF7E7FE002815DBC0F3892140F2D0
:10660000FF33994211D04FEA812C06F540760123E1
:1066100008A9284644EA065406AA079744EA0C0447
:106620000694FEF733FF11B0F0BD002305F1200200
:1066300008A928460193CDE902334FF0FF330093B8
:10664000FDF7E2F80028EED18446DEE76FF01B008C
:10665000E9E700BF10B5034C82B00094FFF73CFAA5
:1066600002B010BDD041002070B504460D46FFF7C2
:106670002BF90646A36A43B19D4202D10AE09D422E
:106680000AD01A461B68002BF9D12B6D1B684BB141
:10669000304670BD04F128021B6813602B6D1B6827
:1066A000002BF5D1E86C14F0ABFF304670BD00BF95
:1066B000FFF70AB9FEF772BBFEF73AB970B50E469E
:1066C0004D6B63B91446036FA3421DD3A5420DD091
:1066D0003146FEF7AFF808B92046746370BD012B50
:1066E00006D0022B06D0036F9D420DD8284670BD00
:1066F0005419E8E70B6B13F4003FCB6A02D0AB42AE
:1067000038BF2B46D418DEE76FF0150070BD00BF10
:106710002DE9F043171E87B00FDB80460D46D1E907
:106720000C369B0330D4D1F82C904F454C4633D3D4
:10673000D8F8703007D89E4261D96FF01504204612
:1067400007B0BDE8F0834B45F7D34E4507D0294647
:106750004046FEF76FF800285DD1C5F83490B9F1D6
:10676000000FECDB4FF0000902E06B6B9F4234D965
:1067700001230DF11702294640468DF81790FEF7C8
:10678000D7F8041EF1DADAE7CB6AB34238BF3346F2
:1067900099461C464F45CBD229464046FEF74AF85B
:1067A00004460028CBD105F13C03009705F14001D8
:1067B0004046029305F138030193D5E90A23FCF71B
:1067C0008BFC04460028BAD1AA6B3B466F63AA62D1
:1067D0002A6BEF6242F4A0222A63D8F87020964216
:1067E000ABD89E420BD029464046FEF723F860B94D
:1067F00006EAE6746E63204607B0BDE8F08306EA59
:10680000E674204607B0BDE8F08300EAE074204655
:1068100007B0BDE8F08303DB6B6B9F42A2D8DCE7D7
:1068200004468CE7486B70470B6B9B0301D4C86A26
:106830007047486BCB6A984238BF1846704700BF14
:106840002DE9F041ACB004460791FFF78BF810B189
:106850002CB0BDE8F081A16A0DF11A0307AA204609
:10686000229124A9FDF7AEFD831C63D1BDF81A2047
:1068700040F2FF339A42EBD0079E304617F02EFDD0
:10688000E36E0546984200F2A480A36E20460AA952
:106890001B6A2366FDF74AFD0028D9D10DF1900E41
:1068A00007460DF1480C4FF0FF38BEE80F00ACE88A
:1068B0000F009EE80F008CE80F0008E02046CDE9AD
:1068C0000277CDE90087FCF79FFF0028C0D19DF833
:1068D0005F004FF0FF3318AA12A90028EED13E4FF7
:1068E000012309920AA908AA20460897FEF7CEFDBF
:1068F0000028ADD19DF8A7301BBB1B930AABBDF898
:106900001A201F93354B45EA82251D9643EA8223C0
:1069100045F400151A93324B1C9543EA82231AAAB8
:106920001E9320460AAC24A9042320972194FEF745
:10693000ADFD8DE70028A8BF6FF010002CB0BDE8BA
:10694000F0810AAB22AA8DF88E0012A91B93236B4B
:10695000A2620133ADF88C0020461A97C3F30902F6
:1069600023F00043003A18BF012243EAC2731AAA77
:10697000236301230592FEF789FD059A30BB0AAB1C
:106980001B90BDF81A101F93236B45EA81251D96B5
:10699000013B45F40015C3F3090023F000431C95A7
:1069A000003818BF012043EAC07323639DF8A73065
:1069B000002B0A4B43EA812318BF00271A93084B88
:1069C00043EA81231E93229BA362AAE7229BA36230
:1069D0003EE76FF023003BE708FC0F60000010402B
:1069E0000800002070B58AB00C46083100230792D9
:1069F00007AA05460591FDF7E5FC002825DB030DF8
:106A0000022B36D140F2FF32C0F389200599904223
:106A10001DD108AED5E90823CDE90823002332466D
:106A200028460193CDE902334FF0FF330093FCF782
:106A3000EBFE50B9A3680222A080A271AA6AE362A9
:106A4000E368A06222602363AC620AB070BD0A4AA8
:106A500008AE059142EA80230820084A02900020EF
:106A6000019600902846FDF729FA00280599D5DA05
:106A7000EBE76FF01300E8E70800002000FC0F7060
:106A8000836A43B1994202D107E0994207D01A467E
:106A90001B68002BF9D10020704700F128021B6809
:106AA00000201360704700BF2DE9F04790460C4668
:106AB00084B04FF4847200210546404615F024F955
:106AC000A06A00283FD001284FD0B4F804C004F1D8
:106AD000080604F12009002709E0B4F804C00230D8
:106AE0000CF1010C1FFA8CFCA4F804C024D1B4F8FA
:106AF0001CA04FF0FF3E4A463146E2457346284609
:106B00000DD194F81FC0BCF1000F2AD0CDE9027757
:106B1000CDE900E7FCF778FE58B98446A0804346EB
:106B2000314662462846FDF715FD0028D5D0831C66
:106B3000D3D004B0BDE8F087A36A01200344A36268
:106B400004B0BDE8F087104B022201201B8888F8B2
:106B50000020A8F80830A36A0344A36204B0BDE88B
:106B6000F087604604B0BDE8F0874346074A02213B
:106B700003F8081B11889278A8F808109A70A36A85
:106B80000133A362D5E700BF004E0020A0440020DF
:106B900010B5002284B04FF0FF330C46CDE902223D
:106BA000CDE9003201F12C020831FCF72DFE08B9C5
:106BB000A080A06204B010BD00B583B000230549D9
:106BC00001AA0193FDF772FA00B9019803B05DF8CC
:106BD00004FB00BFB9F300000123FDF767BA00BF53
:106BE000E2B1013A01F1FF3C10B411440C4C1CF825
:106BF000013F83EA0002614502F00F0254F82220AF
:106C000082EA101080EA131303F00F0354F82330C4
:106C100083EA1010EBD15DF8044B7047704700BF5A
:106C2000F845002038B5002542F210730446038071
:106C3000857002F08BFE034625722046636038BDE6
:106C400038B5037A8B4200D138BD012304460D4686
:106C5000837002F07BFE2572606038BD83780BB9CB
:106C60000020704710B5044602F070FE6268238869
:106C7000801A834205D2207A00230130A370C0B26B
:106C800010BD002010BD00BF007A704783709DF8D2
:106C900000300170427008229DF80410C3709DF806
:106CA0000830017182604371704700BF10B504461F
:106CB0000121007802F0B0FE6078012102F0ACFE04
:106CC000A078012102F0A8FEE078002102F0A4FEE5
:106CD0002079002102F0A0FE60790021BDE810407B
:106CE00002F09ABE70B505460C464078002102F0CD
:106CF00057FEAE68013E14D4A878002102F050FE81
:106D000014F001034FF00101287808BF1946013E35
:106D100002F046FE0121A878CC4002F041FE731C2F
:106D2000EAD168780121BDE8704002F039BE00BFA9
:106D30002DE9F84F0724DFF8EC800F4605464FF0A9
:106D4000010A01F1FC06DFF8D8B00AFA04F128467E
:106D5000C943C9B2FFF7C6FFDBF804102F4BD8F8C0
:106D60000020A3FB0232920C02EB8202DBF804301B
:106D70005B1A9A42FAD8E87802F03CFEB0FA80F149
:106D800004EB440349095FFA83F9A9F10200C0B298
:106D900000EB400007EB8000FFF752FF287902F07C
:106DA00029FE09F1FF33B0FA80F1D8B2490900EBAE
:106DB000400007EB8000FFF743FF687902F01AFEFE
:106DC00001463046243EB1FA81F14909FFF738FF08
:106DD000013CBAD1FE212846FFF784FFDBF804000E
:106DE0000E4BD8F800200E49A3FB0232920C02EBA6
:106DF00082024B681B1A9A42FBD8E87802F0FAFD2F
:106E000001463846B1FA81F14909FFF719FF2846D2
:106E1000FF21BDE8F84FFFF765BF00BF83DE1B43CE
:106E2000001000E094520020F8B505460C4C0DF01F
:106E300095FB0C4F05F1380C0B4E4FF0000E0FCCAC
:106E4000ACE80F000FCCACE80F0094E80F008CE822
:106E50000F002846A5F870E0C5E91A76F8BD00BF16
:106E6000781F002028140101033F010010B50446DB
:106E700001235A220A490DF04BFF002120460EF053
:106E800015F85A2120460DF0FBFB00B110BD16216C
:106E9000044805F089FD0448BDE8104001F09EBF9C
:106EA000A8520020042D00209852002010B5122175
:106EB00004461F4805F078FD1E4801F08FFF94F846
:106EC000692094F8681020460DF0BAFC94F86B30F5
:106ED00094F86A2020465A210DF0CAFC94F86C20E0
:106EE00020465A210DF036FC94F86D2020465A2198
:106EF0000DF0EEFC94F86E2020465A210DF02AFD8C
:106F000094F86F2020465A210DF062FD94F870200D
:106F100020465A210DF096FD20465A2194F8712002
:106F20000DF0CEFD20460021BDE810400DF0BEBFA3
:106F3000F02C0020985200202DE9F84388465A2171
:106F400006460DF04DFF0746304639460DF052FB20
:106F5000B0B9054606F1340959F8043FEAB239469A
:106F6000304603EB4303013508EB83040DF044FB8B
:106F700001462046FFF764FE0C2DEDD1BDE8F883F5
:106F80001821064805F010FD054801F027FF30469E
:106F90000021BDE8F8430DF089BF00BF1C2D002083
:106FA00098520020BDF800C0521AACEB030C21D05F
:106FB000411ABCF1000F0CFB01F011460CDB002A5A
:106FC000B8BF511C00EB610191FBF2F001FB02F232
:106FD0001844002A16DB7047002AB8BF511CA0EBEA
:106FE000610191FBF2F001FB02F21844002AF2DB8E
:106FF00001307047BCF1000FB8BF0CF1010C03EB7E
:107000006C0070470138704710B44FF01414002220
:107010008163C4634FF0FF344263446402645DF8EB
:10702000044BC0E90022C0E90222C0E90422C0E901
:1070300006227047F0B587B00162836400210D9F7E
:1070400002AD0C9B0446BE68029180ED090A826283
:107050000591C0ED0B0A8361C5E901110EB33946F4
:1070600002222846B047D7E90261A7686B46E2686A
:107070000497E160A660059295E8030083E80300A9
:1070800094E8030085E8030093E8030084E8030024
:107090001FB1032229462846B8470E9B236307B039
:1070A000F0BD3146E1E700BF0162704780ED090A9B
:1070B000704700BF8162704780ED0B0A704700BFC8
:1070C0008161704710B48446019C406CA0420BD093
:1070D000DCF810300846CCF84440ACF84010ACF86E
:1070E00042305DF8044B7047BCF940008142F8D053
:1070F0009A1A12B2002A2CDD0132BCF94230DFEDBF
:107100001A5A07EE902ADCF81020D31AF8EEE77A24
:10711000002BB8BF5B4207EE103ABCF93C30C3F518
:107120000073B8EEC77A5B0006EE903AF8EEE66AB6
:1071300086EEA76A66EE257AB4EEE77AF1EE10FAEB
:10714000CFD408465DF8044BACF84010ACF84220B0
:107150007047DCF8103008465DF8044BACF840107E
:10716000ACF84230704700BF9A99193F2DE9F043BF
:10717000044687B090F838000E4602F0C3F9226941
:10718000C0F58063A14902EB82029BB203EB42038C
:1071900081FB0321D817C0EB61002061002E53D082
:1071A0006369B4F93E201B1A002BB8BF5B429A42B8
:1071B00080F29A80964F1422A56A002339466061B6
:1071C00005E00133D22B00F0D98011F8062F95424B
:1071D000F7D103EB430307EB43035A78002A00F08F
:1071E000CD80B3F90490B3F90280B4F93C101FFAD2
:1071F00089F71FFA88F3C1F580620097FFF7D2FE86
:107200009842C0F2F5808742A8BF074639B242468D
:107210004B4620460095FFF755FF1FFA80F8A368FC
:10722000CDE90458002B00F0E980E36805AA04A921
:10723000204698472369216B3046A26CA36122F84F
:10724000113007B0BDE8F083A36C256A33F915C08F
:10725000636B9C4500F08280C4F834C06C4F1422EC
:1072600000236061394604E00133D22B40D011F88D
:10727000062F9542F8D103EB430307EB43035A78FB
:10728000002A35D0B3F90480B3F90270B4F93C1088
:107290001FFA88F6BBB2C1F580620096FFF782FE46
:1072A000834266DC8642A8BF064631B243463A4670
:1072B00020460095FFF706FF86B23146554801F09B
:1072C00081FD544801F08AFD226AA368CDE90226B7
:1072D000002B00F0938002A9204603AAE368984798
:1072E00000212046FFF742FF002007B0BDE8F083F1
:1072F00094ED095A07EE90CAB7EE006BB7EEC55A87
:10730000B8EEE74B9FED3F3B85EE037B36EE476BD8
:1073100026EE046BB5EEC06BF1EE10FA2BD9BCEE85
:10732000C66B16EE103A9BB21E46B7EE006B37EEF8
:10733000067B27EE047BBCEEC77B17EE102A95B2C6
:107340000095B4F93C10C1F58062FFF72BFEB04206
:10735000B3DB8542A8BF05462E46AEE76369B4F9A4
:107360003E201B1A002BB8BF5B4293423FF776AF1B
:10737000BAE739469AE700263346D6E794ED0B4A3A
:10738000B7EE006BA36CB7EEC44A33F915309FED2E
:107390001D3B05EE103A84EE037BB8EEC55B36EE7E
:1073A000476B26EE056BB5EEC06BF1EE10FA21D9F6
:1073B000BCEEC66B16EE103A9BB29846B7EE006B69
:1073C000B4F93C10C1F5806237EE067B27EE057BF1
:1073D000BCEEC77B17EE107ABFB20097FFF7E2FD55
:1073E00080453FF71CAF8742A8BF0746B84616E75F
:1073F00041460CE74FF000084346DFE705F064FC28
:10740000AFF300800000000000005940E9A28B2E7D
:107410000C26002098520020000000002DE9F043C7
:107420004FF48063002485B006462146C0E904433A
:10743000FFF79CFE3F48B56A21460246142304E04C
:107440000131D22909D012F8063F9D42F8D101EB53
:10745000410100EB41004378CBBB96ED0B4AB7EE00
:10746000006BB36CB7EEC44A33F915309FED2F3B78
:1074700005EE103A84EE037BB8EEC55B36EE476B43
:1074800026EE056BB5EEC06BF1EE10FA43D9BCEEFB
:10749000C66B16EE103A9BB21F46B7EE006B37EE86
:1074A000067B27EE057BBCEEC77B17EE102A94B255
:1074B0000094B6F93C10B069C1F58062FFF772FD27
:1074C00087421CDC8442A8BF0446274617E0B0F878
:1074D0000490B0F90240CDF80090B6F93C10A3B288
:1074E000D6F81880C1F580621F464046FFF75AFD66
:1074F000984213DA7564A6F84040A6F84280B36853
:10750000CDE9025783B1F36803AA02A93046984730
:1075100005B0BDE8F08300273B46BEE781454F46F6
:10752000A8BF07463CB2E5E705F0CEFB000000002F
:10753000000059400C260020017E2DE9F04F8346C3
:107540002DED108BC1B089B3634D2C78002C00F069
:107550005B860021584601F0F3F8054601215846A4
:1075600001F0EEF80446002D00F0B286002800F08D
:10757000E38600222946584601F0BEF80122214642
:10758000584601F0B9F8554B9D42399302D0284630
:1075900001F08AF8399B9C4200F01786204641B0E2
:1075A000BDEC108BBDE8F04F01F07EB84A4B19706E
:1075B00001F0C6F80346012158463A9301F0C0F89D
:1075C0003B9001F01BF804463D9001F017F83C9009
:1075D000002C00F00486002800F0FC853A9B002B6C
:1075E00000F0C1863D4B39933B9B002B00F0B786E2
:1075F0003A9B80223A49181DDFED3AEA05F0F2FA8B
:107600003B9B80223849181D05F0ECFADBF8B820C6
:10761000DBF8B430DBF8C01019921A44DBF8BC3048
:107620001A91CB182E49DBED2BBA0691BBF85C10F2
:107630003F923191BBF85E103E933291BBF86010DF
:107640003391BBF862103491BBF864103591BBF8EC
:1076500066103691BBF868103791BBF86A10389104
:10766000BBF82C100591BBF82E100991BBF8301017
:107670000A91BBF832100B91BBF838100C91BBF893
:107680003A100D91BBF83C100E91BBF83E100F91D3
:10769000BBF844101091BBF854100391BBF846108E
:1076A0001191BBF856100491BBF848101291BBF829
:1076B00058100291BBF84A101391BBF85A1001916F
:1076C0003C99023116913D99023115910649149168
:1076D000CDE90732AEE200BFAD7C0120EC2B0020EB
:1076E000B0F7242000E0FF44B0F92420319901EBE9
:1076F0000208359901EB02099BED1D6ADBED256A55
:1077000037EEC67A9BED218A9BED261A9BED1B3A3C
:10771000A6EE876ADBED1C3A9BED2C4A9BED0DCA69
:10772000039ADB49ABF8542037EEC67A119A76EE0D
:10773000487ADBED136A01EB82018BED1D6A2A9218
:10774000A1EE278AF0EE467AE3EE077A8BED218AE6
:1077500091ED00AAE8EE237A6BEEA77AA7EE84CA31
:10776000A6EE8CAAA6EECACA81ED00CA511C8DED08
:107770002BCA8AB240F658318A4288BF0022C549D6
:10778000ABF846201192049A01EB8201501C2C9216
:10779000D1ED007A82B281ED00AA41F2EC1104929F
:1077A0008A4200F20F84329901EB020C3699881854
:1077B000DBED1E6ADBED250A37EEE67A9BED220A49
:1077C0009BED261A9BED1B3AE0EE876ADBED1C3A37
:1077D0009BED2C4ADBED10CA049AAF49ABF856205A
:1077E00037EEE67A129A76EEC07ACBED1E6A01EB9E
:1077F00082012D92A1EE270AF0EE667AE3EE077A77
:107800009BED137A8BED220AD1ED009AE0EE237AFC
:107810006BEEA77AE7EE84CAE7EE2C9AE7EE69CA28
:10782000C1ED00CA511CCDED2ECA8AB240F66641A8
:107830008A4288BF00229949ABF848201292029AE6
:1078400001EB8201551C9246D1ED007AAAB2C1ED3E
:10785000009A41F20C1102928A4200F2AD833399F0
:107860008F1837998A1818929BED1F7ADBED253A0D
:1078700037EEC74ADBED230A9BED1B9A9BED261AD8
:10788000A3EE847ADBED1C3A029A8549ABF85820C6
:10789000139A37EEC74A01EB820537EE603A8BED5B
:1078A0001F7AF0EE477A2F927E49E1EE030A9BEDB4
:1078B0000D3AE9EE047A9BED2C4ACBED230AE0EE7B
:1078C000A37A95ED009A6BEEA77AA7EE843ADBEDEA
:1078D000137AA7EE839AA7EEC93A85ED003A551CB4
:1078E000AAB240F65D15AA4288BF0022ABF84A2032
:1078F0001392019A01EB820502F1010E309295ED8F
:1079000000DA1FFA8EF285ED009A40F67165019259
:10791000AA4200F24B8334998D18389901EB020E7C
:10792000179A05EBE62500EBE320C3F30A030CEB03
:10793000E22CC2F30A0207EBE427DBED20DA07EEC4
:10794000902A189A0EEBE42EC4F30A04F8EEE77AB4
:1079500002EBE622C6F30A06B0EE6D2A1892C7EED5
:10796000AE3A07EE906A199A01999FED4FFAABF87B
:107970005A10B8EEE74A07EE903A089BB8EEE71ABD
:1079800007EE904AC4EE2ECA9BED254A13441A9A7C
:1079900041F2ED1445490893079BF8EEE77AC1EEF2
:1079A0002EFA9BED1B1A13440793414B87EEAECA88
:1079B000A3FB0C36A1FB07233649360B9B0A7DEE51
:1079C0006D7ADBED26DA04FB16C641F20D1CA4EE3F
:1079D000272A9BED244A721C01EB86060CFB1373CD
:1079E0002E4F92B2A24208BF00223DEE42DA8BED4A
:1079F000202AF0EE427A01EB82022E49E1EE0D7A66
:107A000032EE441AADEE814AF0EE441A8BED244A70
:107A10009BED1C4AE1EE847A9BED2C4A6BEEA77A33
:107A200067EE847AB7EE004ACBED147AD6ED00DA31
:107A3000214E92ED001AA6FB08625E1C07EB830341
:107A400023EE811AB6B274EE633A93ED00EAD20ADD
:107A5000664508BF0026194BA3EEAD1ADFED18DA14
:107A600007EB860696ED00DAA3FB056340F6726627
:107A7000DB0A2CEE0DDA06FB135340F65F5505FBCF
:107A8000128201EB82020749D2ED003A5A1C19E03A
:107A9000F04D2620AC792520541C26207835252051
:107AA000DCF62520B0FB24203333333F694F0E3CF6
:107AB0000D6A7FE460C12520F38D2A992DAEC68D15
:107AC000CDCC4C3F01EB830363EEAD3A92B2D3EDE4
:107AD00000DAB24208BF0022E1EE0F3A34EE4CFA6F
:107AE00001EB8202DA4992ED001AAFEE0EDA9FED59
:107AF000D9EA2CEE811AD84AA2FB00231B0BEDEE2B
:107B00000E3A34EE6CDA04FB1303B6EE00EAD34807
:107B10005A1C34EE6F4AADEE2D1ADBED27DA00EB7E
:107B2000830392B2A24208BF0022E1EE0E3A9BED1F
:107B3000281A00EB820273EEC13AADEEA31A8BED68
:107B4000281AD3ED003ACDED173A1898D2ED003A45
:107B5000A1FB0023C24A6FEEA33ADDED17FAA2FBA8
:107B600009129B0ABF49D20A0CFB1303E4EE2F3A19
:107B7000DFEDBDFA05FB1292BC48159C01EB8202B9
:107B800092ED004A5A1C07EB830392B224EE2F4A6F
:107B9000DFEDB7FA624508BF0022A3EEAF4AD3ED8E
:107BA00000FA07EB8202D2ED003AB24A6CEEA33A39
:107BB000DFEDA8CAA2FB0E32EDEE2F3AD20A06FB89
:107BC00012E2531C00EB8202A3EEAC4ADFEDAACA1C
:107BD0009BB2D2ED00FA21EE2CDADBED293AB3426A
:107BE00008BF0023169ABDEECDDA00EB830306989A
:107BF0001DEE101A93ED00DA2CEE0DDA09B224F81E
:107C0000021FAFEE2FDA1594ADEE0E4A34EE634A42
:107C1000EDEE843A23EEAC4ACBED293ABDEEC44AF0
:107C200014EE103A1BB222F8023F1692934A824297
:107C300000F0DA81069B6FF07F4A91496FF07F4E2A
:107C4000F3EC012A8F4D0693089B9BED097A1A0EDF
:107C500023F07F4C62EE872ADBED0A7A531C31F960
:107C6000126002F14004AAEB0C0A31F91320F0175C
:107C7000059BA6FB0A96E4B2079F05EB83030AFB6C
:107C800000664FEAE27AA2FB0C20D3ED004A0D46D3
:107C90000CFB0A0C12EB0902E7EEA24A4FEA176846
:107CA00046EB0C06120E35F91450AEEB040E42EA08
:107CB000062227F07F474FEAE57A08F1010612B263
:107CC000A5FB0E95E7EEE42A6FF07F4017926C4A11
:107CD0000EFB0A5532F918C032F91660C3ED002ABE
:107CE000631CDBED0A7A31F9133008F140016FF0C3
:107CF0007F484FEAE37EA3FB043AA8EB0708C9B22A
:107D000013EB090304FB0EAA4FEAEC79ACFB08EC79
:107D1000A0EB010045EB0A0A08FB09CC4FEAE67824
:107D2000A6FB076932F911504C1C1B0E16EB0E0610
:107D300007FB089932F9144043EA0A234CEB09097E
:107D40004FEAE57CA5FB0075059A360E00FB0C5545
:107D5000E017A4FB014C46EA09261B921BB201FB6B
:107D600000CC511CE41936B28AB245EB0C0C454DDF
:107D7000E02A4FEA146428BF002244EA0C24ABF83E
:107D80002C2024B20592099A05EB82011C9291EDF8
:107D9000E05AA7EEA45AE7EEC54AC1EDE04A511CED
:107DA000DBED0A7A8AB205F52161B2F5D27F28BFF0
:107DB00000220992ABF82E200A9A01EB8201D1ED44
:107DC000005A1D92E7EE855AA7EEE55A81ED005A5A
:107DD000511CDBED0A7A8AB22B49B2F5567F28BFD7
:107DE0000022ABF830200A920B9A01EB82011E921E
:107DF00091ED00BAA7EEA5BAE7EECB5AC1ED005A55
:107E0000511C8BED0DBA8AB220499BED097AB2F56F
:107E1000886FDBED0A6A88BF0022ABF832200B9234
:107E2000149AF2EC017A149267EE877A0C9A01EBBD
:107E300082011F9291ED007AA6EEA77AE6EEC77A4C
:107E4000C1ED007A511CDBED0A6A8AB220E000BF66
:107E5000694F0E3C9A99193F0D6A7FE4AC79252051
:107E6000F38D2A9960C12520CDCC4C3FB0FB242056
:107E70003333333F2DAEC68D00FEFF46B0F92420CC
:107E8000A81F0020C0C6242074B3262030DE242082
:107E90005049CDED207A9C2A28BF0022ABF838202B
:107EA0000C920D9A01EB82012192D1ED007AE6EE5F
:107EB000877AA6EEE77A81ED007A511C8DED227A61
:107EC0008AB29BED0A7A4449B2F5027F28BF0022AC
:107ED0000D92ABF83A200E9A01EB8201239291EDBC
:107EE000042AA7EE272AE7EE427AC1ED047A511C54
:107EF000CDED247A8AB23949DBED0A7AB2F56F7F8B
:107F000028BF0022ABF83C200E920F9A01EB8201B1
:107F10002592D1ED008AE7EE828AA7EEE82A81ED6C
:107F2000002A511CDBED141A8AB22D4978EEA11AF1
:107F3000DBED137AB2F5A16FCBED108A8DED262A19
:107F400088BF0022ABF83E200F92109A01EB82010D
:107F50002792D1ED00AAE7EEA1AAE7EEEA1AC1ED59
:107F6000001A511CCDED281A8AB240F6FE018A4251
:107F700088BF00221B49ABF844201092039A01EB02
:107F80008201501C2992D1ED007A82B2C1ED00AA83
:107F900040F65E5103928A427FF6A8AB0022DDF8DC
:107FA000D490DDF8C4800392FFF7A6BB0022DDF871
:107FB000E0E0349D0192B3E4379A339F1892002297
:107FC000029251E400223698DDF8C8C00492FFF70F
:107FD000EFBB00BFA0E02420B0E82420509F262063
:107FE000547B262060C12520C14A1D981E9C02EBAF
:107FF0008000C04A1F9D02EB8404BF4A219E02EB11
:10800000850502F51C72239F02EB8606BB4A069388
:1080100002EB8707259BBA4A02EB830C279AB94BE0
:1080200003EB820E299AB84B03EB82082A9AB74BCE
:1080300003EB82092C9AB64B03EB8203B54A0793F4
:108040002D9B02EB8303B44A089302EB8A0A2F9B11
:10805000B24A02EB8302B24B1492309A03EB8203D2
:10806000199A1593C2EBC2123F9B1A443E9BCBF860
:10807000B4201A9AC2EBC2121A441B9BCBF8BC2044
:10808000A84A02EB83021C9BC2ED002AA54A02EB20
:108090008302059BABF82C30C2EDE04A099AABF89D
:1080A0002E2080ED005A0A98ABF830000B98C4EDF2
:1080B000005AABF83200DDED205A0C988BED0DBA6A
:1080C000C5ED005AABF83800DDED225A0D98C6ED2B
:1080D000005AABF83A00DDED245A0E98C7ED045A69
:1080E000ABF83C00DDED265A0F98CCED005ADDEDE3
:1080F000285AABF83E001098CBED108ACEED005A0E
:10810000ABF844000398C8ED00AAABF854008BED1F
:108110001D6A8BED218A9DED2B6A119889ED006A0D
:10812000079BABF84600049883ED00AAABF8560015
:10813000CBED1E6A089BDDED2E6A12988BED220AAC
:10814000149AC3ED006AABF848000298CAED009A91
:10815000159B8BED1F7ACBED230AABF858005846E0
:1081600082ED003A139AABF84A20002283ED009A80
:10817000019B8BED202ACBED241ACBED147A8BEDED
:10818000281AABF85A303D9D069B3C9CA5F802117D
:108190002946CBED293AA4F8023100F0ADFA0122CC
:1081A0002146584600F0A8FA284600F07DFA2046FD
:1081B00000F07AFADDE93923934202D0184600F044
:1081C00073FA3B9B399A934216D141B0BDEC108BA8
:1081D000BDE8F08F3D9B13B1184600F065FA3C9B5B
:1081E00013B1184600F060FA3A9B13B1184600F03C
:1081F0005BFA3B9B002BE8D0184641B0BDEC108BDE
:10820000BDE8F04F00F050BA4FF460722146454887
:1082100013F07AFD4FF4D2622146434813F074FD07
:108220004FF456622146324813F06EFD41F20412BB
:108230002146304813F068FD4FF41C7221462E4849
:1082400013F062FD4FF402622146384813F05CFDE2
:108250004FF46F622146364813F056FD41F2244236
:108260002146274813F050FD42F2FC3221462548B2
:1082700013F04AFD42F664522146244813F044FDAF
:1082800043F29C122146234813F03EFD42F27852FD
:108290002146224813F038FD43F27C5221461A4809
:1082A00013F032FD44F2B4722146194813F02CFD4C
:1082B00044F234422146184813F026FD43F6C81212
:1082C0002146174813F020FD01232B70FFF741B919
:1082D00000284DD02A465846164900F00DFA154B95
:1082E000012221465846399300F006FAFFF752B9A9
:1082F000D0D0242074B3262030DE2420B0E82420FF
:10830000509F2620547B262060C12520F04D26203A
:10831000AC792520541C262078352520DCF6252034
:10832000B0FB2420C0C6242040CA2420A0E0242082
:10833000C0E82420EC2B002002462946584600F0D5
:10834000DBF9134B012258461C461946399300F0BD
:10835000D3F9A5423FF439AF399CFFF718B90C4B5C
:108360003B93FFF745B90A4BCDE93933FFF73CB9E9
:1083700022465846064900F0BFF9012204495846F2
:1083800041B0BDEC108BBDE8F04F00F0B5B900BFB7
:10839000EC2B002070B50346044600226049614D75
:1083A0004FF4007043F81C5B2081C4E903230B6881
:1083B000C4E90722002B00F0B1801A465B69002B4C
:1083C000FBD154610025584B4FF46072574823602D
:1083D000294665616560A572257613F095FC2946EE
:1083E0004FF4D262524813F08FFC29464FF4566284
:1083F000504813F089FC294641F204124E4813F00C
:1084000083FC4E4E4FF07C5329464FF41C72A662FB
:1084100063624B48C4E90B5513F076FC29464FF4D0
:108420000262484813F070FC29464FF46F624648D8
:1084300013F06AFC294641F22442444813F064FCDC
:10844000294642F2FC32424813F05EFC294642F6CD
:108450006452404813F058FC294643F29C123E48AF
:1084600013F052FC294642F278523C4813F04CFC7F
:10847000294643F27C523A4813F046FC294644F21E
:10848000B472384813F040FC294644F2344236486E
:1084900013F03AFC294643F6C812344813F034FC72
:1084A00033494FF07E520023E16520463149E266B0
:1084B000216601F17171304A01F580312364236531
:1084C00061662E4923676367A367E367C4F880305A
:1084D000A166C4F88430C4F88830C4F88C30C4F87D
:1084E0009030C4F89420C4F8A030C4F8A4302449D3
:1084F000244A254B6564A564E664C4F89810C4F862
:108500009C20C4F8B450C4F8A830C4E90E55C4E99E
:108510001555C4E92E55C4F8C05070BD0C6051E724
:10852000B8830020E02F002028310020C0C624207E
:1085300040CA2420D0D0242074B326206666263F6B
:1085400030DE2420A0E02420C0E82420509F2620F4
:10855000547B2620F04D2620541C2620DCF62520B6
:1085600060C12520AC79252078352520B0FB24205A
:10857000C9009100690718019A99993EE7010C0317
:108580008FC2753D9A99193F3333733F4FF0E02303
:108590004022C3F808227047F8B5144B144D1C68EC
:1085A0006E689CB1237A20466BB123686F681B68A4
:1085B00098476B68E188DB1BC3F38F12B1EB931F05
:1085C000A28038BFE2806469002CEBD1084B094AD5
:1085D0005B6810889B1B084CC3F38F11B0EB931F93
:1085E000218038BF1180BFF34F8FF8BDB8830020C2
:1085F000001000E07A7C0120787C012030B472B653
:10860000244D254C2A8804F1700104EB82038B422F
:108610003CD204F16F01501CC91A00EB910002E03A
:108620000132824232D09C4653F8041B0029F7D015
:10863000B1FA81F04FF00043C34021EA0301CCF8C6
:10864000001001B90132154B2A801A88013291B20B
:10865000198062B6ACEB040C41F67C73C0EB00648D
:108660004FEAAC0CC0EB841001240CEB8C1C03EB28
:10867000CC1303EB80030A480068C4541844094B28
:108680001C88944230BC38BF1980704762B6002005
:1086900030BC70477C7C0120BC830020747C0120AE
:1086A000B4830020767C0120428872B60378012BC7
:1086B00003D9013B037062B67047D14353090B489D
:1086C0004FF0004201F01F01CA4050F823100A4346
:1086D0000749B1F800C040F823209C45054A88BFEF
:1086E0000B801388013B138062B67047BC83002067
:1086F0007C7C0120747C0120C36813B91DE0DB6819
:10870000E3B1187A9042FAD110B4586893F809C0CE
:10871000006950F82C4054B1DB682BB1187A9042B4
:10872000F3D0DB68002BF9D15DF8044B704740F8BB
:108730002C10087801300870EEE77047704700BFD2
:10874000437A8B4206D90369002253F8210043F88B
:10875000212070470020704738B5437A8B421BD9DF
:108760000369002253F8214043F82120A4B1237863
:10877000012B01D8204638BDFFF740FF054628B140
:108780004FF48072211D043001F088FA2378013BF8
:1087900023702C46204638BD0024204638BD00BF3B
:1087A00000220449C0E90022028102740A680860BC
:1087B000C26070472C840020037CFBB9036801462B
:1087C000FBB14368EBB1427A5B7A9A421CD230B477
:1087D00072B62B4B1C68ECB1E368C3B1486801E08A
:1087E000DB68A3B15A688242FAD193F809C04A7A89
:1087F0009445F5D162B6042030BC7047012062B6C2
:108800007047032062B67047022062B67047646901
:10881000002CE1D11B4C236843B1994202D10BE0FB
:10882000994207D01A46DB68002BF9D1052062B6C1
:1088300030BC704702F10C040D68E868E8B1C36809
:108840001BB908E0DA683AB1134681421846F9D1FB
:1088500062B60620D0E70346D960CB6800202360CB
:108860000123C860AA7A2B721A44AA724A68947AC1
:1088700013721C4494720B74D9E7E960EDE700BFF2
:10888000B88300202C84002010B5047C9DF808E0FB
:108890000CB1012010BD027280F809E0C0E900139C
:1088A000BDE81040FFF788BF38B5037C002B36D0F9
:1088B00043680446427A5B7A9A4238D272B60168BB
:1088C000CB68002B2DD0984233D01A46DB689C42EF
:1088D0002AD0002BF9D16268607A136953F820001E
:1088E00048B1FFF7E1FE72B662680025607A13694D
:1088F000216843F820508B7A013BDBB28B7203B9BD
:108900000B72937A013BDBB2937203B913720A4B79
:1089100000201A6820741C60E26062B638BD012035
:1089200038BD62B6032038BDE368D360D3E70220C8
:1089300038BDC368CB60CEE72C84002010B5044658
:10894000FFF7B2FF094A136843B19C4202D108E025
:108950009C4205D01A46DB68002BF9D1204610BD99
:108960000C32E3682046136010BD00BF2C84002049
:108970000C4B1A789AB90C4A0C4910B4C2F8581129
:108980000B48D02401224FF0E02180F846404024DB
:108990001046C1F808415DF8044B1A70704700207A
:1089A000704700BF9C7C0120007C00203D4D0100F1
:1089B00000E400E030B472B621B9036813B1027963
:1089C0000F2A3BD9244C2188002341FA03F212F0EC
:1089D000010208D00133102BF7D162B600220371D7
:1089E000026030BC70474FF0010C0CFA03FC41EA06
:1089F0000C01218062B619495FFA83FC184C1944B6
:108A000080F804C04B01E16F41F0C001E16740F222
:108A1000824414490C6081F81AC081F81EC081F8A4
:108A200018C081F81FC0036030BCC3E90022C3E94D
:108A30000222C3E90422C3E906227047064C2188BA
:108A400041FA02F5ED07BFD5044D1544B3EB451FC0
:108A5000BAD162B6C5E700BF8A7C012080740002EB
:108A600000C00F4000800E4003790F2B11D8094A37
:108A7000937672B60849012290F804C00B8802FA76
:108A80000CF223EA02030B8062B61022002302716B
:108A90000360704700800E408A7C0120704700BF51
:108AA000704700BF704700BF704700BF70B51A4CD9
:108AB0001A4D2368AB4202D0194AD16829BBA36979
:108AC000AB4202D0164AD169C9B9236BAB4202D07E
:108AD000134AD16A69B9A36CAB4209D0104AD16B71
:108AE00031B101211B680F48D163BDE870401847C0
:108AF00070BD01211B680C48D1629847EBE701214A
:108B00001B680A48D1619847DFE701211B6804F11F
:108B10000800D1609847D2E7C07E0020442D002095
:108B200000410840107F0020F87E0020E07E0020F9
:108B300038B5064CA4F1600554F8083C2046183CB2
:108B4000DB689847AC42F7D138BD00BF107F0020EA
:108B500003682DE9F041044688B01746002B4BD03E
:108B600000229A600122DA60304D04A8DFF8E0802C
:108B70001D4451F8083B2D1102935B6805EB450637
:108B80009847F60006F1080058F806304044DB68C4
:108B900001909847264A04A9DDE90103029248F8AA
:108BA00006309B689847029B04A8DB6898472368B7
:108BB000032220481F609A601F4A23791F4C535597
:108BC00013785178C0F828428B4228BF0B46917821
:108BD000D2788B4228BF0B46934228BF1346184CCD
:108BE0004FF0E0224FF08061012084F87A30C2F823
:108BF0000C1108B0BDE8F081124AD36E43F4405323
:108C0000D3660122104B1A60104A134602604032AC
:108C100098680028A8D0103393422360F8D100232D
:108C20001846236008B0BDE8F08100BF00BFF7BF61
:108C3000442D0020007C00207C5600205152010071
:108C400000E400E000C00F40004008400041084040
:108C5000C07E0020F8B5036843B3154C0746154E97
:108C60001C44241104EB4405ED00735905F1080080
:108C7000DB6830449847104B0021012273513B6858
:108C80009960DA60FF230D4A135513785078947871
:108C9000834228BF0346D078094AA34228BF23460F
:108CA000834228BF034682F87A303960F8BD00BF9E
:108CB00000BFF7BFC07E0020442D00207C5600205E
:108CC00000E400E010B4064B0020064C064A1C608D
:108CD0009C611C639C6405495DF8044B03F0D2BFA2
:108CE000C07E0020442D002090560020D552010067
:108CF000084603F043BE00BF012A70B508BF0A2230
:108D00008AB091B34FF0210E01E05FFA86FE0EF1BA
:108D1000FF36B1FBF2F502FB15145FFA84FC092C57
:108D20000CF137040CF1300C98BF5FFA8CF40EF1A3
:108D3000280C88BFE4B29142EC4429460CF8244C3C
:108D4000E3D24BB10EF1FF3E2D225FFA8EFE0EF103
:108D500028036B4403F8242C036801A9CEF12202F6
:108D60005B68714498470AB070BD30224FF0210E05
:108D70008DF82520E5E700BF2DE9F0418C688AB029
:108D8000DCB10025884606462F462B46212201A944
:108D9000404600F091FB202C2246336828BF202259
:108DA00001A930465B68A41A154498470744002C73
:108DB000EBD138460AB0BDE8F081274638460AB004
:108DC000BDE8F081002903DB00230A22FFF794BFEE
:108DD00049422D230A22FFF78FBF00BF00B5036869
:108DE00083B040F60D2C022201A95B68ADF804C0E7
:108DF000984703B05DF804FB054B022888BF034683
:108E000010B41C68184663685DF8044B184700BF2F
:108E1000985200200EB400B582B003AA52F8041B89
:108E2000019212F0D7FB02B05DF804EB03B070477B
:108E30005AB90368C9B2074A1B68934200B506D104
:108E400008465DF804EB03F099BDFFF755BF5DF8E8
:108E500004EB18479554010000000000B4EE400BED
:108E600070B5F1EE10FA05462DED028B86B07CD67A
:108E7000B0EEC07B9FED476BB4EE467BF1EE10FA8F
:108E80006BDC9FED467BB4EEC70BF1EE10FA5ADCBB
:108E90009FED447BB4EEC70BF1EE10FA53D4B5EE60
:108EA000C00B0C46F1EE10FA5BD40023B6EE007B4B
:108EB000002C5ED04FF0000C9FED3C6B0CF1010CD0
:108EC00027EE067B5FFA8CF2A242F7D330EE070B57
:108ED0000A222846FCEEC07BB8EE678B17EE901A8C
:108EE00030EE488BFFF708FF0F2C4FF02E03B2EE49
:108EF000046B064628BF0F248DF808300DF10903D6
:108F000002AA611E53FA81F128EE060BFCEEC07B2B
:108F1000CDED017A9DF8043007EE903A3033B8EE8B
:108F2000E78B02F8013F914230EE488BECD12B6881
:108F3000013402A928465B68E2B29847304606B081
:108F4000BDEC028B70BD2B6803221A495B6806B02A
:108F5000BDEC028BBDE87040184703680322164938
:108F6000F4E7B1EE400B0123A0E7036803221349A5
:108F7000ECE730EE070B0A222846FCEEC07B17EE2A
:108F8000901A06B0BDEC028BBDE87040FFF7B4BE8E
:108F9000AFF30080FFFFFFFFFFFFEF7F000000E067
:108FA000FFFFEF41000000E0FFFFEFC19A999999A0
:108FB0009999B93F402D00203C2D0020382D0020EC
:108FC0004D4A2DE9F047A2FB004340F26D1A4B4F8A
:108FD0005B09DFF83881DFF83891A2FB0342C3EB6D
:108FE00003145209A0EB8400454CC2EB0215087033
:108FF000A3EB8503A4FB025424094B70414B251DB0
:1090000004EB4400A2EBC002A3FB050300208A701E
:10901000EA1A03EB520302469B08C3EBC303ED1AA3
:10902000CD705FFA80FE40F26D1C0EF2B27313F049
:10903000030507FB03F608D1B8EBB60F4FF4B77C76
:1090400003D3B9EB361F38BFD44662440130944293
:10905000E7D20EF1460E2C4E81F806E0A6FB030681
:1090600085B377094FF0640C4FF4C870F6090CFB18
:10907000173700FB163640F26D10A41A00230122A8
:10908000DFF890E020440AE013F80E4084420ED846
:109090000C2AA0EB04000BD001320133D2B2012B19
:1090A0005FFA83FCF0D145B9CFB11D2406E06246DA
:1090B00001304A710871BDE8F0871C24A04218D322
:1090C000001BE9E764207709F60900FB17374FF426
:1090D000C87000FB16363FB14FF4B770CDE7002ED5
:1090E00014BF1C241D24E9E7002EC4D14FF4B7702F
:1090F000C3E70122DCE700BF89888888295C8FC22A
:10910000ABAAAAAA254992241F85EB51285C8F029D
:109110000AD7A300E02B00202DE9F04190F806C00B
:10912000324BACF14602BCF1460F03FB02F21CDDF0
:109130000CF26C7540F2B3732D4C2E4E2E4FDFF8AF
:10914000C4E09D4204FB03F10FD013F0030F03F1C1
:109150000103F6D1B6EBB10F02D3BEEB311FF0D352
:109160009D423A4404FB03F1EFD145795DB30CF223
:10917000B27C224B64244FF4C871A3FB0C3E204FF9
:1091800000231D4E4FEA5E184FEADE1E04FB18C88E
:109190000CF0030401FB1ECEDFF86CC005E0D95DC6
:1091A0000133AB4206FB01220DD0012BF7D1002C7D
:1091B000F5D1B8F1000F02D1BEF1000FEFD10133AC
:1091C0006244AB42F1D143784FF461648178C3EBE0
:1091D000031305789B0004FB01330179064C5819F1
:1091E0004B1E04FB03001044BDE8F0818033E10115
:1091F000295C8FC2285C8F02805101001F85EB51D2
:10920000E02B00200AD7A300803B260000B970475E
:1092100014490A68EAB1D31730B4134C134D84FBD8
:10922000024C134C9444C3EB2C4304FB132244F232
:10923000A71405FB03F304FB0233002B10DA6FF0D5
:1092400000421A440A60B2FBF0F330BC00FB13206A
:109250007047084AB2FBF0F30A6000FB1320704726
:109260001A46EFE7B08300205F0B4E83ECF4FFFF5C
:109270001DF3010042CE0C1FF8B500260446C0E9DC
:109280000066866029B108460D4615F027F80746A6
:1092900008B92046F8BD013012F0AAF90028F8D02C
:1092A000294606702060C4E9017713F027F82046AC
:1092B000F8BD00BFF8B588424FF000050446856050
:1092C000C0E9005502D08E680F680EB92046F8BD7F
:1092D000701C12F08DF90028F8D039460570206016
:1092E000C4E9016613F00AF82046F8BD10B504463B
:1092F000006812F085F9204610BD00BFF8B504469D
:10930000154632B9036803B11A7000232046A360E2
:10931000F8BD43680E469A421CD9511C006813F0F0
:1093200099FE074660B1A368C4E900050BB9037054
:10933000276831463846A56012F0E0FF2046F8BDA8
:10934000206810B112F05CF9276000232046C4E9C0
:109350000133F8BD07683146A560384612F0CEFFEC
:10936000ECE700BF10B500238AB00446084601A907
:10937000A360C4E9003310F001F901A814F0AEFFB6
:1093800001A902462046FFF7B9FF20460AB010BDEA
:1093900030B5002304468BB0881CA3606A46C4E93C
:1093A000003300F051FD054648B114F097FF2946FF
:1093B00002462046FFF7A2FF20460BB030BDA0605A
:1093C00020460BB030BD00BF2DE9F84304460068CD
:1093D0000D4616468842A36809D8C218914206D2A3
:1093E0000F1A4FF0010936B92046BDE8F8834FF057
:1093F0000009002EF8D003EB0608626890450CD9EE
:1094000008F1010113F026FE0028EDD0A368C4E99D
:10941000000813B903702068A368B9F1000F08D1E0
:109420002946184412F06AFF2046C4F80880BDE8B7
:10943000F8833246C119184400F030FC236800223A
:1094400003F80820F0E700BF8A680968FFF7BCBF8F
:1094500038B5054641B10C46084614F03FFF0246B8
:1094600021462846FFF7B0FF284638BD10B582B028
:109470000023044601228DF8041001A98DF805305F
:10948000FFF7A2FF204602B010BD00BF10B5044692
:109490008A680968FFF798FF204610BD38B5054671
:1094A00041B10C46084614F019FF024621462846F1
:1094B000FFF78AFF284638BDC2B170B5B1FA81F610
:1094C0000C46760919B185689D4201D80E7070BDB1
:1094D000ED1A02F1FF3C016820466545194428BF9A
:1094E00065462A460FF076FF665570BD704700BF8F
:1094F000006810B100210FF055BA9FED010A7047C6
:10950000000000001C2849D8F8B5254F04463B78D8
:10951000E3B9244B1B5DFF2B29D0234A02EB041235
:1095200091680A6802F44050B0F5805F30D01C06A4
:109530001FD41E4C2360236AD80704D403F0B2FA68
:10954000236AD907FAD5194B586AF8BD174D184E3A
:1095500001E003F0A7FAAB6C1B06FAD4B36C13F06E
:109560008003F6D13B700F4B1B5DFF2BD5D1002044
:10957000F8BD0F4C03F07F032360236ADA0704D49D
:1095800003F090FA236ADB07FAD5094B586AF8BD55
:1095900022F480521C060A60EBD4CAE70020704710
:1095A000B27C01203C450020DC41002000400C4002
:1095B00000800C40A249A34B88422DE9F047A24C01
:1095C0005E699A69D4F80C801BD9A04B984240F28E
:1095D0000281C31A9E491B0AA1FB031340F22761B3
:1095E000DB0903EB830303EB830303F2E2438B42C8
:1095F00028BF0B46A3F54877964BA3FB0737FF0818
:1096000004E0954FB8428CBF0E2706278D4908F01D
:109610001F09D1F88030B94543F0C003C1F880304C
:109620000CD228F01F08A1F5F82148EA0708C1F874
:109630000C800B68002BFCDA08F01F0916F0007391
:1096400024D186490C698649A14300F0EA8082F45E
:10965000805134464FF4805514F0605F04D026F0FA
:1096600060561E43774B5E6111F4405F07D022F4D1
:10967000405274492A438A618B6C1A07FCD446F025
:109680000076704A5661936C9B06FCD4754CA042E0
:1096900000F2CE804FF0010C0146634603FB01123D
:1096A00003F1010E0CF10105A24218D8BEF1080F1A
:1096B0004FF0010340F08D80BCF1040F00F2918067
:1096C0000A18A24200F2A48005FB00F1AC4603F1A7
:1096D000010E03FB01120CF10105A242E6D90CF1C7
:1096E000FF318C0286EA81215F4810445F4A904234
:1096F0007FD9DFF8A4A16C225D48584DB0FBFEF085
:10970000D5F800E0B0FBFCF0DFF890C10EEA0C0CDD
:10971000D44509D042F400524FF4805CC5F800C033
:109720002A602A68002AFCDA464A156905F007050E
:109730009D4203D01361936CDD03FCD411F4E05F10
:1097400009D026F4E05604F4E0543E4A264356611C
:10975000936C9907FCD44749474A014491423CD84D
:10976000464BC909A3FB0131090B4B1E1B0286EABC
:10977000030212F4407F06D026F4407603F44073CF
:10978000304A334353612F4A536923F000735361C6
:10979000936C9B06FCD43A4B4F45A3FB00234FF040
:1097A000FF324FEA9343B0FBF1F1B2FBF3F3354ADA
:1097B0001060354A1160354A136008D228F01F083E
:1097C000214A48EA0707D7601368002BFCDABDE896
:1097D000F087734662E7122718E74FF440730421BD
:1097E000C5E70CF1FF31204807238C02104486EABC
:1097F0008121274ADFF8A8A0A2FB0020020D2548FE
:10980000362A38BF362202FB00F042EA0A0A74E721
:109810004FEA8C24002386EA8C214FF0010EAC46DF
:1098200062E71D4686F0C05411464FF0C05313E75F
:1098300000244FF0010C024631462346E64653E72A
:1098400000A4781F00C00F40000008400046C3235A
:1098500023B24C001F85EB5100366E0100800D4095
:1098600040300080FFB19F26808D5B00FF7EF64D6B
:1098700000643F4D7FD1F0087F17B42C9F10E500A6
:1098800083DE1B439452002090520020F8DF00201A
:10989000819F5E16001BB7006C2000807F30018026
:1098A0000020008000B970472DE9F84F0121814662
:1098B000214C224D224E54E8003F2A68306844E88B
:1098C0000013002BF7D11F494B684FF47A7BDFF868
:1098D00078A01B1A01270BFB02F8DAF80020A3FB83
:1098E00002325A4594BF9044D84454E8003F2A6855
:1098F000306844E80073002BF7D14B68DAF800C0F9
:109900001B1A0BFB02F2A3FB0C3CBCF57A7F94BF45
:10991000624402F57A72A2EB0802B2F57A7F06D3AE
:10992000B9F1010908F57A78DFD1BDE8F88F03F0C5
:10993000B9F80449D9E700BF94E8002090E8002076
:109940008CE80020001000E0F8DF002030B40F4B5E
:109950004FF0010C0E4D0F4C53E8002F2868216882
:1099600043E800C2002AF7D10B4B5B680B4A5B1A35
:109970004FF47A71126801FB00F0A3FB023230BC95
:109980008A4294BF80184018704700BF94E80020B6
:1099900090E800208CE80020001000E0F8DF0020B4
:1099A000272816D80201104B03EB00109B5810B467
:1099B000C2685C68144205D061B95DF8044BC3F815
:1099C00088207047836851B1084A5DF8044B1A60DB
:1099D000704770475DF8044BC3F884207047044A11
:1099E0005DF8044B1A607047DC41002038F001003C
:1099F0003830010027280BD8064B020103EB00107A
:109A00009A58C36892681A4214BF01200020704718
:109A100000207047DC410020272829D8164B02017E
:109A2000012903EB00109A5810B45368C4680ED093
:109A300004290CD023EA040353608368A9B10229E6
:109A400017D003290CBF0D4A0D4A1A6007E02343C3
:109A500001295360836808D040F638021A604368D1
:109A600015225DF8044B1A60704738221A60F6E739
:109A70007047044A1A60F2E7DC41002038300100E8
:109A80003800010038F0010030B4124A0020124BB7
:109A90000121124D124CC2F8F032C2F8F402C2F8A1
:109AA000B810C2F8A000C2F8A450C2F8B0105369B0
:109AB000DB07FCD551612378DB07F0D41368054937
:109AC00043F0010313600B68DB07FCD462B630BCC3
:109AD000704700BF00802A400504012401000F00E8
:109AE00000812A40F8B50F46164672B6344B40F254
:109AF0000641344A9A610222DA610022C3F8A020AA
:109B0000C3F8F012C3F8F422C3F8F822C3F8FC2219
:109B10004FF47022C3F8A4200122C3F8B02020F033
:109B20001F038219BFF34F8F4FF0E024C4F85C3F4E
:109B300020339A42FAD8BFF34F8FBFF36F8F204D77
:109B40006B69DA07FCD501231F49B2B220F07F40D0
:109B50006B6142F47022C5F8F01242F20121184CF8
:109B6000C5F8F412C5F8BC30C5F8A000C5F8A420AB
:109B7000C5F8B030154D01E05B0609D4636913F0F8
:109B80000100F9D041236361BDE8F840FFF77CBFD5
:109B9000082E0AD836B1324639463744064628469A
:109BA00000F07CF840236361E8E7A6F1080008268E
:109BB0003946324637440646284600F06FF8F1E74A
:109BC00000802A40F05AF05A3204180880812A4056
:109BD00010B472B6294B0221294C00229C614FF42B
:109BE0007024D96140F20641C3F8F0120121C3F894
:109BF000F422C3F8F822C3F8FC22C3F8A020A2F58F
:109C00000042C3F8A4400240C3F8B010BFF34F8F26
:109C100002F5004102F120034FF0E02C994234BFDD
:109C200001214FF4806102EB41118B42CCF85C2F93
:109C30001A4603F12003F8D1BFF34F8FBFF36F8FA4
:109C40000E4A5369D907FCD501240E490E4B5461C5
:109C50000340C2F8F0124FF470200849C2F8A03057
:109C6000C2F8A400C2F8B0404B69DB07FCD5012361
:109C70005DF8044B4B61FFF707BF00BF00802A402F
:109C8000F05AF05A520418080080FF0008B5F1F7A6
:109C90002FFAF2F70BFE02F005FFFAE7844641EADD
:109CA000000313F003036DD1403A41D351F8043B54
:109CB00040F8043B51F8043B40F8043B51F8043BA6
:109CC00040F8043B51F8043B40F8043B51F8043B96
:109CD00040F8043B51F8043B40F8043B51F8043B86
:109CE00040F8043B51F8043B40F8043B51F8043B76
:109CF00040F8043B51F8043B40F8043B51F8043B66
:109D000040F8043B51F8043B40F8043B51F8043B55
:109D100040F8043B51F8043B40F8043B51F8043B45
:109D200040F8043B51F8043B40F8043B403ABDD2B4
:109D3000303211D351F8043B40F8043B51F8043B56
:109D400040F8043B51F8043B40F8043B51F8043B15
:109D500040F8043B103AEDD20C3205D351F8043BE5
:109D600040F8043B043AF9D2043208D0D2071CBFB1
:109D700011F8013B00F8013B01D30B8803806046DA
:109D8000704700BF082A13D38B078DD010F0030350
:109D90008AD0C3F10403D21ADB071CBF11F8013BC0
:109DA00000F8013B80D331F8023B20F8023B7BE70F
:109DB000043AD9D3013A11F8013B00F8013BF9D23A
:109DC0000B7803704B7843708B78837060467047D4
:109DD00011F00EBC11F00CBC11F012BC11F010BC53
:109DE00011F00EBC01F1FF3C70B56646002400E0A6
:109DF0000134B0FBF2F502FB1503092B03F1370E1A
:109E000003F130035FFA8EFE98BF5FFA83FE904243
:109E1000284606F801EFEBD2631C0022C818CA548A
:109E20007CB162461CF8015F10F8016DA1EB0C03D8
:109E300002328CF80060013B521A057023449A42AA
:109E4000EFDB084670BD00BFB4EE400A2DE9F04FCD
:109E5000F1EE10FA164680EAE07207462DED028B0D
:109E6000A2EBE072B0EE408A85B080F14881F0EE5E
:109E7000C07A9FEDC57AF4EE477AF1EE10FA29DD4B
:109E8000B5EEC00AF1EE10FA00F1ED80032A40F3BE
:109E900091800323002FA2EB0302C0F28580B5EE70
:109EA000C08AF1EE10FA00F16A8149214E23462062
:109EB000F41C3170B070737022B12046202114441C
:109EC00011F022FF00232046237005B0BDEC028B69
:109ED000BDE8F08F89460D4602AA01A9484611F057
:109EE00091FFDDF804A0044659EA0A0372D1012368
:109EF0000278A64C9A460193A54BD046342A88BFD7
:109F00001C46029B002B7DD008F10108A7EB080B33
:109F100006EB0805BBF1000F40F3A1805A46202153
:109F200030465D4411F0F0FE06EB0B032D2203F8E2
:109F3000012BBAF1000F77D1B9F1000F06D01A4604
:109F4000302102F8021B2E2159701346AB421FD25A
:109F5000A44619461CF8012B01F8012BA94218D080
:109F6000019C2E20013C0BE058700233013CAB42B7
:109F700019460DD21CF8012B01F8012BA94208D07B
:109F80000194002CF0D00B46013CAB421946F1D3B2
:109F90001D46002F6BDB3446002320462B7005B096
:109FA000BDEC028BBDE8F08F22B130462021164473
:109FB00011F0AAFEB5EEC08AF1EE10FA40F1BD80B4
:109FC0002D2149224E234620341D3170F0707270CD
:109FD000B37077E7CAF10003994557DA4FF00108EB
:109FE000C9F1000A694CC2454046CDF804A0B8BF8B
:109FF00008F10108BAF1000F52D1029B08F10108E3
:10A00000002B81D1A7EB080B06EB0805BBF1000F75
:10A0100027DD5A46202130465D4411F075FE06EBDF
:10A020000B03BAF1000F87D0BAF1000F8EDAB9F145
:10A03000000F8BD018462E22302100F8021B5A70D8
:10A0400002465346013302F8011BFBD1BAF1000F5F
:10A050000193CAF10003A8BF0123034476E7334606
:10A0600064E7334665E7042AAADD042312E7B8440F
:10A07000B8F1000F6FEA08028DDA22EAE2722021BD
:10A0800028460132154411F03FFE84E714F026F90A
:10A090008046C245B8BF08F10108BAF1000FACD044
:10A0A000BAF1000FBFF62DAFB9F1000F3FF429AFA1
:10A0B0000AEB090309F102088342BFF422AFB9F1A8
:10A0C000000F05DDF2EE047A013D28EE278AFBD170
:10A0D00002AAB0EE480A284603A911F093FEDDF863
:10A0E00004A0039B09F101020446A3EB0A03934277
:10A0F0007FF407AF0AF1010ACDF804A001E7B5EE3D
:10A10000C00AF1EE10FA4CBF04230323934222DA73
:10A110000028A2EB030218DB10EE103A002B02DA43
:10A120002D2306F8013B4E234121F41C337071703E
:10A13000B370002A7FF4C1AEC4E649214E22462303
:10A14000F41C31707270B370BCE622B1304620212D
:10A15000164411F0D9FD18EE103A002B4FF04E03C3
:10A1600005DB4122F41C33707270B370AAE62D2116
:10A170004122341D73703170B270F370A2E62D234A
:10A1800006F8013B91E600BFFFFF7F7F5C440020A3
:10A19000604400204FF0010C0CFA01FC01EB41017E
:10A1A00000EB411170B5B1F80EE01FFA8CF5254CAB
:10A1B0001FFA8EFE24782E010EFB033306F0F00604
:10A1C000E340B0F888417345A4B228BF73463443D6
:10A1D000012AA0F888410DD0022A28D0C2B10CF083
:10A1E0000F02B0F888C11FFA8CFC4CEA020CA0F8F0
:10A1F00088C170BD9BB20CF00F022D02CB82B0F86B
:10A20000803105F470659BB22B43A0F88031E8E7FC
:10A21000AEEB030E0CF00F021FFA8EFEA1F80AE05F
:10A22000B0F880319BB21343A0F88031D9E79BB2DC
:10A230000CF00F02CB83B0F880319BB21E43A0F824
:10A240008061CEE7887A002027284BD8F8B52A4DC0
:10A25000044615F8202005EB8005012A2DD0022A9E
:10A260003FD16B78C3F3011003283ED0234A02EBA1
:10A27000803203F0030C224889B2634602EB4C1C87
:10A280000678BCF806E05801BCF810301FFA8EFEC4
:10A29000CEF1011E1EFA83F303F1FF3E0EFB01F126
:10A2A000F1408E4523D95B1AC3F101039BB289B2F9
:10A2B0000244ACF8063011820DE06A78C2F3011353
:10A2C000032B10D00F4800EB83308BB202F0030158
:10A2D000AA78FFF75FFF0C4BEA7803EB04135B6887
:10A2E0001A60F8BD70470948EFE7094AC1E7991EAF
:10A2F0004FF6FF73DBE700BF5845002000C01D404C
:10A30000887A002000C03D40DC41002000803E40B3
:10A3100000801E4000230F2248F2B82C194610B5C9
:10A320004FF470444FF4806EA0F88C414FF46044B9
:10A33000A0F88E210A46A0F89031B0F888319BB27F
:10A3400043F0F003A0F8883101EB4103013100EB49
:10A35000431304299C80A3F806E05A841A865A8085
:10A360005A81A3F80EC05A82DA825A83DA83EBD17B
:10A37000B0F888319BB243F00F03A0F88831B0F8F1
:10A3800088319BB243F47063A0F8883110BD00BFE0
:10A39000374B384A996F384841F47F0170B5996757
:10A3A00041F20106D3F8801045F6C05543F2260469
:10A3B0000A43C3F88020FFF7ADFF00F58040FFF7A8
:10A3C000A9FF00F58040FFF7A5FF00F58040FFF7EB
:10A3D000A1FF0022A0F503104FF00F0E114600EB75
:10A3E00042134FEA421C01329981042A5981A3F891
:10A3F0000EE09E82DD8020F80C1019829C81EED147
:10A4000000221E484FF00F0E41F20106114645F69C
:10A41000C05543F2260400EB42134FEA421C0132BE
:10A420009981042A5981A3F80EE09E82DD8020F8EC
:10A430000C1019829C81EED1002211480F2641F2A6
:10A440000105114645F6C05443F2260E00EB4213B7
:10A450004FEA421C01329981042A5981DE819D8292
:10A46000DC8020F80C101982A3F80CE0EED170BD4E
:10A4700000C00F40000003FC00C03D4000001E4033
:10A4800000401E40074A506A936A19468446506A43
:10A49000936A9942F9D18445F7D1DB0B43EA4040F6
:10A4A000704700BF00400D4072B6EFF30583524C79
:10A4B000C4F884301EF0040F0CBFEFF30882EFF3F2
:10A4C00009824FF0E0234D4E4D4DD3F8280DD3F8BF
:10A4D0002C1DC4E92201D3F8341DD3F8383DC4E95A
:10A4E00024139369C4F89830D369C4F89C3000F001
:10A4F000D3F884ED280AFFF7C5FF0B214FF0FF3298
:10A50000C4F8A4000B46C4F880103E49301D5A40E0
:10A51000202402F00103013C01FB03F383EA520211
:10A52000F7D1A84202D073680646EFE7324BC3F872
:10A53000A820BFF34F8F4FF0E0233049324AC3F8D1
:10A54000701FC3F8702FBFF34F8FBFF36F8F2F4A69
:10A5500002252F48D36E2F4943F44053D36605603C
:10A56000D3692D4823F07F0343F04003D3610B6888
:10A5700083423DD8264D00214FF0E0234FF0FF32BB
:10A5800029600126C5F808112449C5F80011C5F84D
:10A590000861C3F88021C3F88421C3F88821C3F877
:10A5A0008C21C3F8902101E000F0E8F9D5F80C31D6
:10A5B000002BF9D00134C5F80C614F2CF4D9184B9D
:10A5C000022018494FF00042C1F840015A63D5F803
:10A5D0000C313BB9144815490D4A0163D2F80C31CE
:10A5E000002BFAD04FF0E023114AC3F80C2DFEE700
:10A5F000FEF7E0FFBEE700BF00FF272080FF272017
:10A60000A8FF27202083B8EDA0FF272000C00F401F
:10A610000040084094520020803DCD0B009F240054
:10A6200000900D4000002E4000800F40F100AD0B67
:10A630000400FA050A490A6838B108B51318094830
:10A64000834204D810460B6008BD104670470FF0D7
:10A65000F3F90C234FF0FF320360104608BD00BF32
:10A660008C56002000002820002070474FF0FF305B
:10A67000704700BF4FF4005300204B60704700BF8D
:10A68000012070474FF0FF30704700BF30BFFDE73B
:10A6900030BFFDE7FFF708BF124AD2F880305B07F2
:10A6A000FBD5D2F880301048C3F30B230F4990ED4F
:10A6B000007A07EE903A91ED006AB8EE477A0C4ABC
:10A6C000F8EEE77A0B4BD2ED006A77EEC77A93ED9E
:10A6D000007AB8EE477A67EE867A87EEA60A37EEFA
:10A6E000400A704700810D40E8DF0020F0DF0020C5
:10A6F000F4DF0020ECDF002030B4002931D12B4CF6
:10A700002B4B01211960DAB12A49002248F2800559
:10A710004FF001109A605D60C4E91232C1F8BC01CB
:10A720004FF48032D1F8B0311343C1F8B031224B2D
:10A7300020491A60D1F8B031002BFBD130BC7047F2
:10A740001C4980254FF001109A605D60C4E9123207
:10A75000C1F8BC01D1F8B03143F48033C1F8B03155
:10A76000E5E70904154B0124002541F080019860BC
:10A770001C60596000F580510C4CD96000F5005107
:10A78000E560196100F5405100F58040A360596112
:10A7900008499861D1F8B03143F00103C1F8B031F4
:10A7A000D1F8B031002BFBD1AAE700BF0000002098
:10A7B000207F002000002E40C4BC0020407F0020ED
:10A7C000836BF0B41BB1536843F40043536072B61B
:10A7D000446B3CB31A4B2260D3F8B0410C421DD1FC
:10A7E000184E776804E07468E41BB4F5166F0BD25A
:10A7F000D3F8404144F48044C3F84041D3F8B85101
:10A80000D3F840416404EED50D4007D10C4CC0E9AB
:10A810000225D4F8B0310B43C4F8B031426362B6BC
:10A82000F0BC7047064DC0E90224D5F8B0310B43A7
:10A83000C5F8B0310263426362B6F0BC704700BF36
:10A8400000002E40001000E070B5056B9DB106467B
:10A850002A46002403E012680134012A0CD0536810
:10A8600013F08003F7D032632CB12846B36B2D6808
:10A870009847013CF9D170BDC6E90C33F4E700BF3D
:10A8800030B4D9B91F4C204B0021204A01254FF08C
:10A89000011099601D60C4E9023180245C60C2F837
:10A8A000BC01D2F8B0311A482B43C2F8B031016074
:10A8B000D2F8B031002BFBD130BC70470904154BE6
:10A8C000104C012541F080019860104A596000F554
:10A8D00080511D60D96000F50051A364196100F535
:10A8E000405100F58040596100219861E164D2F83F
:10A8F000B03143F48033C2F8B031D2F8B031002B1C
:10A90000FBD1C0E700000020207F002000002E4087
:10A91000C4BC0020407F002010B472B60A4C012253
:10A920000A49237802FA00F018432070D1F8483120
:10A930001A0605D480221343C1F84421C1F84831D6
:10A9400062B65DF8044B7047D87C012000002E40B1
:10A95000084901220B7802FA00F023EA000008708F
:10A9600030B9054AD2F8483123F08003C2F84831A3
:10A97000704700BFD87C012000002E402DE9F04F29
:10A98000A84C87B0D4F84461F107C4F8446140F1A1
:10A990009C80D4F8AC31002B63D0A34DDFF89092AB
:10A9A000DFF8ACB2DFF8AC82C4F8AC31D5E90A709C
:10A9B000D4F8403143F40053C4F84031D4F8403166
:10A9C0009B04F5D5D4F840314FF0011223F4005325
:10A9D000C4F84031C4F8B421D4F8B43113F00113F1
:10A9E000FAD1BAB2C9F80030B2F5106FCDE90470EF
:10A9F00000F0B28100F2C38040F202318A4200F0DE
:10AA0000268240F2DD8040F281618A4200F2AC8011
:10AA1000B2F5D06F80F0D581B2F5A06F40F09E8086
:10AA2000824AEB6493600123AA641360802353601D
:10AA30004FF00113C4F8BC31D4F8B03143F4803383
:10AA4000C4F8B031D4F8B031002BFBD1BDF81230CE
:10AA50005B0643F08073C4F85431D4F8AC31002B5A
:10AA6000A2D1704BD3F8BC417CB3714AC3F8BC414E
:10AA700011680C4240F088826E4B1B681C4024D049
:10AA80005FEA144810D0684D4FF0010998FAA8F712
:10AA9000B7FA87F705EBC71009FA07F74030FFF759
:10AAA000D3FE38EA0708F1D1A4B274B15E4D4FF07D
:10AAB000010894FAA4F7B7FA87F705EBC71008FA6C
:10AAC00007F7FFF7C1FEBC43F3D1720616D5554B0D
:10AAD000D3F8AC21C3F8AC21D3F8BC21C3F8BC2116
:10AAE000D3F8B041002CFBD14FF0FF32C3F8B421B2
:10AAF000D3F8843101F0DAFD4E4B1C60F40103D52C
:10AB00004D4B1B6803B19847B00103D54B4B1B68F5
:10AB100003B19847710709D5424BD3F8843113F438
:10AB2000007300F01081464B01221A703D4BD3F8A0
:10AB300048311A060FD533060DD5424A13782BB18A
:10AB4000013BDBB21370002B00F0998207B0BDE827
:10AB5000F04F01F0E3B807B0BDE8F08F7CD94FF0BB
:10AB60000113C4F8C03178E7B2F5086FF7D1364861
:10AB700001219BF800300370FFF782FE6DE742F27F
:10AB800021218A4200F0D38140F2998048F2A2113B
:10AB90008A4200F0BF8176D948F2A1439A4240F040
:10ABA000B680B0F5102FDAD203AA284904A800F025
:10ABB0009BFE0028D3D003992448FFF761FE4CE7A1
:10ABC000822A00F0918140F2B580B2F5817F40F099
:10ABD000A68010F0780F83B2C1D103F07F0213F08A
:10ABE000800F58F8223014BF23F4803323F0010380
:10ABF00048F8223000220D4BEA649A600122AB64CF
:10AC00001A6080225A604FF00113C4F8BC31D4F8A6
:10AC1000B03143F48033C4F8B031D4F8B031002BF4
:10AC2000FBD11AE700002E4000000020207F00200A
:10AC3000C4BC0020C8BC0020F8070120FC0701208C
:10AC4000E97C0120EF7C01203CDF0020BCBC00201F
:10AC5000E87C0120C0012E4040F221339A4204D00A
:10AC600040F221439A427FF47AAFB0F5102F4FEAB9
:10AC70001041BFF474AFB54B0122C3E90070B44872
:10AC8000FFF73AFDE9E642F221339A4225D1B14B72
:10AC900000229A60EA640122AB641A6080225A6042
:10ACA0004FF00113C4F8BC31D4F8B03143F4803311
:10ACB000C4F8B031D4F8B031002BFBD1CDE640F66A
:10ACC00001318A4200F0ED8042F221039A420AD11A
:10ACD000010C07297FF443AFCDE748F2A1139A4254
:10ACE0003FF45FAF3BE740F681239A427FF437AFF2
:10ACF00080B2042800F0BA8105287FF430AF964B6B
:10AD00001B78012192480370FFF7BAFDA5E622F4F3
:10AD1000807248F2A1239A423FF443AF1FE7FFF449
:10AD20001EAF40F221139A429FD040F221239A4253
:10AD30009BD014E7802A7FF412AF88480221038059
:10AD4000FFF79EFD89E6864A1370864BD3F848319B
:10AD50001A067FF500AFEEE68349C7F3074C4FF0C4
:10AD6000C81201938BF800C0C4F8C811C4F8CC21F4
:10AD7000C4F8D0214FF0C412C4F8D421C23AC4F8A8
:10AD8000D82101F095FC00F05FFF00F039FD714A19
:10AD90000121019BAA6411608021936051604FF0F2
:10ADA0000112EB64C4F8BC21D4F8B02142F4803223
:10ADB000C4F8B021C9F80030D4F8B031002BFBD171
:10ADC0004BE66A4B596800293FF4C9AE4FEA174C6D
:10ADD0001FFA80FE04E019690C3300293FF4BFAE6E
:10ADE0001A886245F7D15A887245F4D14FEA1C227D
:10ADF000032A00F0E2801A89000C824228BF024632
:10AE0000BCF5007F174640F0DE80554B5849187856
:10AE1000584BDFF864A1002818BF19465648FEF7C2
:10AE20003DFF2AF01F030AEB0701BFF34F8F4FF0DE
:10AE3000E020C0F8703F20339942FAD8BFF34F8F1B
:10AE4000BFF36F8F4C483946FFF71AFD05E610F047
:10AE5000780F83B27FF483AE03F07F0213F0800F8C
:10AE600058F8223014BF43F4803343F0010348F80C
:10AE700022300022374BEA649A600122AB641A60E8
:10AE800080225A604FF00113C4F8BC31D4F8B031BD
:10AE900043F48033C4F8B031D4F8B031002BFBD187
:10AEA000DBE580B2042800F0C58005287FF457AEAA
:10AEB000284AC7F30F4CEB649360274BAA6483F8CE
:10AEC00000C001231360802353604FF00113C4F8C6
:10AED000BC31D4F8B03143F48033C4F8B031D4F885
:10AEE000B031002BFBD1B8E583B210F078007FF4CD
:10AEF00036AE03F07F0258F82210184A1080180668
:10AF000058D4CF0701D50123137002211348FFF74E
:10AF1000B7FCA2E5B0F5403FFFF421AE0C48032199
:10AF200083704AF644430380FFF7AAFC95E580B29C
:10AF300000287FF4ACAE114BC7F3074C1A68104BD6
:10AF40001A60104B83F800C0A1E600BF38830020D0
:10AF5000BCBC0020207F0020E37C01203CDF0020DF
:10AF6000E97C012000002E400200CC00E0500020CF
:10AF7000F03000602834006020C6262090E80020D1
:10AF800094E90020E77C0120002142F221001160B9
:10AF90003D49D1E9002195B2854228D03B4B9A42E8
:10AFA00003D03B4B9A427FF467AD3A49364800F0F4
:10AFB000CDFC61E5CB03A6D4A7E70A78000C82425A
:10AFC00028BF02461746BCF5E06F51D1324B3A46D6
:10AFD000DFF8E4A018783149314B002818BF194632
:10AFE0005046FEF75BFE07238AF8013019E789B265
:10AFF0000029D3D127492B4D03C9A98086284FEAC0
:10B0000011412860A971C9D172B62748017841F071
:10B0100040010170D3F848110D0606D441F08001BB
:10B020008020C3F84401C3F8481162B61F4B502179
:10B030001970B3E71E4AC7F30F4CEB6493601D4BC6
:10B04000AA6483F800C001231360802353604FF08B
:10B050000113C4F8BC31D4F8B03143F48033C4F8E0
:10B06000B031D4F8B031002BFBD1F6E4114B47E6F8
:10B07000DFF844A03A465046FEF710FED1E606201F
:10B08000FFF766FC15F076FA3883002021010102F3
:10B0900021010001BCBC0020E97C012028340060B3
:10B0A000F03000608CE90020D87C0120EF7C01208A
:10B0B000207F0020E67C012020C626202DE9F047D5
:10B0C0001F46831E062B01D9BDE8F087DFF84C90A0
:10B0D00015460C463C2209EBC01806464FEAC01A3A
:10B0E000002108F10400240410F00EFEB5FA85F2E8
:10B0F0000123520944EA427449F80A40C8F83870FA
:10B10000C8F80830002FDFD0034AB34011680B4362
:10B110001360BDE8F08700BFC8BC0020000000201D
:10B120002DE9F0470D46811E062901D9BDE8F087BB
:10B13000C701DFF84C909246044640373C2200217C
:10B140001E4609EB07082D0408F1040010F0DCFD91
:10B15000BAFA8AF2520945EA427249F807200122F6
:10B16000C8F83860C8F80820002EDFD0034B103430
:10B170001968A2400A431A60BDE8F087C8BC0020E5
:10B18000000000202DE9F0471446013A022A04D8B5
:10B190001D46831E0746062B01D9BDE8F087DFF860
:10B1A00044900E46A4073C2209EBC01800214FEA48
:10B1B000C01A08F1040044EA064410F0A5FD01237A
:10B1C00049F80A40C8F83850C8F80830002DE4D0D3
:10B1D000034ABB4011680B431360BDE8F08700BF12
:10B1E000C8BC0020000000202DE9F0471446013AB9
:10B1F000022A04D81D46831E0746062B01D9BDE846
:10B20000F0874FEAC018DFF848A00E46A40708F1FF
:10B2100040083C22002144EA06440AEB080909F1EF
:10B22000040010F071FD01234AF80840C9F83850B5
:10B23000C9F80830002DE2D0044A07F11000116867
:10B2400083400B431360BDE8F08700BFC8BC0020FB
:10B250000000002012048160C36101F5405342F0F8
:10B26000800210B40124426001F50052046001F52F
:10B27000805401F58041C46081615DF8044BC0E9F0
:10B2800004237047831E0A46062B00D97047064BDD
:10B2900000F110014FF0010C03EBC0100CFA01F1AA
:10B2A0004030FFF78DBA00BF00000020831E0A4621
:10B2B000062B00D970470121024B814003EBC010DF
:10B2C000FFF77EBA000000204068704700EB830360
:10B2D00098422DE9F04709D30AE050F8044B250CB9
:10B2E000834221F8024B22F8025B01D98C07F4D487
:10B2F000A3F10804A04230D2A3F1090800F1080C20
:10B300009646174FA8EB00084FEAD80808F1010845
:10B310004FEA880901EB88065CE902A40CF1080CED
:10B320001FFA8AF545EA04453C4041F8045B44EACB
:10B330001A44B1424EF8044BEED100EBC8004A4427
:10B34000834208D950F8041B0C0C834226F8021BD8
:10B3500022F8024BF6D8BDE8F0870E46F0E700BFB2
:10B360000000FFFF38B5114A114B11781A6800230D
:10B37000104C114DCA401148214622602A78FFF72F
:10B3800069FF2B782344BFF34F8F4FF0E022C2F8C0
:10B39000684F2034A342FAD8BFF34F8FBFF36F8FAB
:10B3A00006490620BDE83840FFF76CBFE57C012068
:10B3B00020C5002080C42620E47C0120408100209C
:10B3C00038B505460021FDF7C7F901210446284696
:10B3D000FDF7C2F93B4B05461B78F3B1002C4AD070
:10B3E000002D54D072B6384B186800283DD0374A2B
:10B3F0001168002956D019603549364B1460002475
:10B400000A680D6034490C801C681A60FDF74CF91D
:10B410002046FDF749F962B638BD14B12046FDF764
:10B4200043F915B12846FDF73FF9274C206818B1BC
:10B43000FDF73AF900232360244C206818B1FDF78A
:10B4400033F900232360234C206818B1FDF72CF951
:10B45000002323601E4C206818B1FDF725F9002356
:10B4600023601D4B00221A8038BD1C60194A1A4BFC
:10B4700015601880CFE7FDF7C1F80446B0B14FF46E
:10B4800080720021043010F03FFC002DAAD1FDF79E
:10B49000B5F8054688B14FF480720021043010F0F1
:10B4A00033FC9FE70A4B14601D60B4E7002DB3D056
:10B4B0002846BDE83840FDF7F7B82046BDE83840DB
:10B4C000FDF7F2B8E67C0120788400207C8400201F
:10B4D0008484002080840020867C01202DE9F84FA0
:10B4E00001224A4BDFF838A186081A70484BDAF877
:10B4F00000401F88474BB9461D68002C4AD0002DDC
:10B5000051D0002E58D0C7F180039E427AD3DFF885
:10B5100014B1414FDFF81081FBB93B68002B37D1E4
:10B52000D8F80030002B33D13C60C8F80050FDF74C
:10B5300065F80446002843D0FDF760F8054600286A
:10B5400046D0344BCAF800401860002E33D07F2E0E
:10B550004FF000094FF0800345D92A1D211D5846A0
:10B560004E4402EB490201EB4901803E0BEB830B99
:10B57000FFF7ACFE3B681BB9D8F80030002BD3D0E6
:10B580008023234A13801EB1244A136801331360B9
:10B59000BDE8F88FFDF732F804460028F8D0CAF865
:10B5A0000000002DADD1FDF729F805460028EFD0A9
:10B5B000184B1860A5E73746154B1F80BDE8F88F7C
:10B5C000144BCAF800001860114B1880BDE8F88FC2
:10B5D0002046FDF769F80F4BCAF800501D600C4B70
:10B5E0001D80BDE8F88F4F464B462A1D211D584649
:10B5F00037441A4419443346FFF768FE044B1F8052
:10B60000BDE8F88F7B00DFF81CB0EEE79E7C0120E0
:10B61000807C01205C8400205084002084E900208C
:10B6200058840020A0C426205484002008B538B1D6
:10B63000114B5868C0F30E40C0F1B400FFF74EFF45
:10B640000023B4220D490C48FFF704FE0B4B03F115
:10B65000B401BFF34F8F4FF0E022C2F85C3F2033BC
:10B660009942FAD8BFF34F8FBFF36F8F024905207D
:10B67000BDE80840FFF71ABE607F0020A0C4262066
:10B68000002303480349044A03700B6013607047AA
:10B69000A07C01207884002080840020394A2DE994
:10B6A000F84F13680133092B2DED028B55D9B421C6
:10B6B00000234FF02D0908EE101A13600027DFF861
:10B6C000D8B0DFF8D8A0DBF80000A9EB070200280B
:10B6D0004AD0BAF800C0051D2B4B05EB4C05D3F83A
:10B6E0000080CCF180039A4208F1040428BF1A4676
:10B6F000264B04EB4C0403EB87065AB1114635F98F
:10B70000023B013934F902EB9BB243EA0E4346F89F
:10B71000043BF4D194441744BCF17F0F0BD81FFABB
:10B720008CFC4F45AAF800C0CDD318EE100ABDEC32
:10B73000028BBDE8F88FFCF7B7FF4046FCF7B4FF7B
:10B740001348144B0022016894460260CBF80010A5
:10B7500019681A600C4B1960E3E7B0214FF02C090F
:10B76000136008EE101AA9E7084B0146920003EB9C
:10B77000470010F0C9FA18EE100ABDEC028BBDE8C4
:10B78000F88F00BF84560020808400208082002033
:10B790007C8400208484002078840020867C012022
:10B7A00038B5FFF77BFF114A114B054612681B782D
:10B7B000104CDA40104900230A60024621460F4827
:10B7C000FFF748FD6019BFF34F8F4FF0E023C3F838
:10B7D000704F2034A042FAD8BFF34F8FBFF36F8F62
:10B7E00006490520BDE83840FFF74CBD20C50020C4
:10B7F000E57C01208082002080C42620608100201A
:10B8000038B52B4900242B4B2B4A1C600C60117857
:10B810002A4BA1422A4A2B4D21461A600BBF032313
:10B8200004230A20082020222B70274B1870274859
:10B8300010F06AFA0122B4210520254BFFF7A2FC83
:10B840002346B42223492148FFF704FD214B03F18D
:10B85000B401BFF34F8F4FF0E022C2F85C3F2033BA
:10B860009942FAD8BFF34F8FBFF36F8F1749052066
:10B87000FFF71CFD20220021174810F045FA174B56
:10B88000297801220620FFF7AFFC0020FFF76AFDB0
:10B8900020220021124810F037FA0520114B012216
:10B8A000B421FFF7A1FC0020BDE83840FFF778BFC6
:10B8B00084E9002088E90020E97C012020C50020DF
:10B8C0009A99192CE47C0120E57C0120607F0020FE
:10B8D000D17D0100A0C4262040810020097B010009
:10B8E00060810020457F01000378A12B01D000205A
:10B8F0007047C3784078012B08D0022BF7D18138EC
:10B900000328F4D8DFE800F01B17130B10B40E4C1B
:10B91000184664680C705DF8044B1360704701238F
:10B9200000200B7002234870012013607047FF2332
:10B9300000200B70F6E7002318460B70F2E7024B6D
:10B9400098680870587AEDE7705600200378212B2C
:10B9500001D000207047C3784278012B09D0022B18
:10B96000F7D1012AF5D1074B104609781A60996082
:10B970007047012AEDD1034B10460978C3E9002135
:10B98000704700BF70560020124A134BD2F82002B5
:10B9900020F07F40984210B584B002D200EB8000C6
:10B9A00040000E4C01A90A22FEF71CFA01A900234F
:10B9B000204611F8012B01333AB10A2B20F8022F4F
:10B9C000F7D11623237004B010BD5B00DBB22370E7
:10B9D00004B010BD00441F4080969800587A0020A3
:10B9E00000F084BF00F054BF00F0B8BF00F072BF99
:10B9F00001F00EB800F0E4BF0846114600F0D4BFD5
:10BA000038B50E4B04460E4D1B6853B141F60C621F
:10BA1000298891420BD84B1C9BB20A4A2B80545464
:10BA200038BD41F60C6329889942F4D938BD00220B
:10BA30000448984700210123EFE700BFD4E9002024
:10BA40009A7C0120E8E90020F8B5144C4FF0E0257D
:10BA5000134E4FF4003204EB4024124F06EB401615
:10BA60000346C5F88C2121463A883046FFF7F2FBA1
:10BA70003B882344BFF34F8FC5F85C4F2034A3426B
:10BA8000FAD8BFF34F8FBFF36F8F04203146FFF713
:10BA90000DFC4FF40033C5F80C31F8BD60C9262009
:10BAA000807F00208E7C012042684FF6FC71114B94
:10BAB000C2F30E42C0691B889B1A0B4017D00E4977
:10BAC00030B40E4C0E4D227821F810300021013296
:10BAD00025F81010062A94BFD1B20A4621700949F0
:10BAE0000C6823440B60084B985430BC7047FFF738
:10BAF000ABBF00BF8E7C012084DF0020CD7C012005
:10BB0000A0DF00207CDF0020BCDF00202DE9F04F0B
:10BB10000123DFF828A1DFF828B183B0414E9AF85D
:10BB20000020414D414F8BF8003005EB4215338822
:10BB3000D7F80080CDE90002002B6DD13C4CDFF836
:10BB400004912846FFF7C0FB10F080005DD03B68F1
:10BB5000A3EB0803282B04D90123237003B0BDE80D
:10BB6000F08F2378002BF9D199F80030002BF5D015
:10BB700000F098FF3388002BE3D02E4A9AF800108B
:10BB80001288D01A043B2C4C9BB22044338000EB2B
:10BB90004120009E4902C0F8006C93BB04F540644C
:10BBA00028460C442146FFF755FBBFF34F8F04F1A5
:10BBB000200204F50073934234BF012310234FF099
:10BBC000E02204EB4313C2F8704F20349C42FAD1B8
:10BBD000BFF34F8FBFF36F8F04202946FFF752FB4F
:10BBE000019B02200133032B94BFDBB200238AF8B0
:10BBF0000030FEF7ADFE00238BF8003003B0BDE847
:10BC0000F08F0220FEF788FEF5E70A4B9AF8001045
:10BC10001A8820701346B5E7064A01991288D01A8F
:10BC2000B0E700BF927C01208081002090E80020D6
:10BC3000DB7C0120967C012060C92620DF7C01206E
:10BC4000E17C0120E87C0120214B70B51B78002BA2
:10BC50003BD04FF400731E461E4980221E4D002427
:10BC60000B8000211D482B8010F04EF81C4A214605
:10BC70001C4B1470C0221C481C8010F045F81B4A55
:10BC800031461B4B042094609C60C2E90044194A71
:10BC9000C3E900441470184B184A1C70184B146008
:10BCA0002246FFF70BFA2346224629880420FFF795
:10BCB00037FA20460134FFF7C7FE062CF9D10023DE
:10BCC0001049114A0B70137070BD40231E46C3E724
:10BCD000E97C01208E7C0120967C0120808100205F
:10BCE000DF7C0120927C0120807F002084DF002007
:10BCF000A0DF0020CD7C0120CF7C01207CDF002054
:10BD00004D820100DB7C0120E17C0120024B1B788D
:10BD10000BB1FFF7FBBE7047E87C01202DE9F8432B
:10BD2000214B1D7815B9214E33880BB9BDE8F88336
:10BD3000DFF888801E4A98F800701E4C02EB471905
:10BD40001D4A04EB4724128848462146D21A2B4646
:10BD5000FFF780FABFF34F8F04F1200204F5007360
:10BD6000934234BF012310234FF0E02204EB43132E
:10BD7000C2F8704F20349C42FAD1BFF34F8FBFF30B
:10BD80006F8F013749460420FFF77CFA032F4FF0ED
:10BD900000034FF0020098BFFDB2338088F80050D6
:10BDA000BDE8F843FEF7D4BDE17C0120927C012080
:10BDB0008081002060D52620967C0120DF7C012038
:10BDC00012012DE9F041D5B2002942D001290446E3
:10BDD000884657D03A4E45F0040733784BB1407847
:10BDE0002378000640EA0340384340F47040FFF7F0
:10BDF0008DFEA8F10208A31CB8F1020F18D9053472
:10BE00003378A8F103086BB114F8013C14F8022C44
:10BE10001B0614F8030C43EA02433B4343EA0020A9
:10BE2000FFF774FEB8F1020F234604F10304E7D8CC
:10BE3000B8F1020F17D0B8F1010F32D0337833B117
:10BE40004FF205702843BDE8F041FFF75FBEBDE843
:10BE5000F0811B4B1B78002BF9D01A482843BDE812
:10BE6000F041FFF753BE327819785B78002AEED0A4
:10BE70001B04154843EA01232B43BDE8F041184356
:10BE8000FFF744BE0E4B02781B78002BDFD045F045
:10BE900007050E4845EA02452843BDE8F041FFF793
:10BEA00035BE32781B78002AD1D045F0060040EA32
:10BEB0000320BDE8F04140F47700FFF727BE00BF44
:10BEC000E87C012006F0F700070000F700F000F71B
:10BED000F8B54FF400324FF0E023204CC3F88C212A
:10BEE0001F4B227819788A422ED0D3B21D4A1E4F9A
:10BEF00001331E491E4E072B28BF0023D05C37F8A4
:10BF0000102001EB40218D580432316892B204397F
:10BF100027F810203160174931F81010914207D9E5
:10BF20004FF0E0234FF400322846C3F80C21F8BD4F
:10BF3000DBB22370FFF788FD4FF0E0234FF40032AF
:10BF40002846C3F80C21F8BD00254FF0E0234FF43C
:10BF500000322846C3F80C21F8BD00BFCF7C012079
:10BF6000CD7C0120BCDF0020A0DF002060C926209E
:10BF70007CDF002084DF00202DE9F0410746FFF739
:10BF8000A7FF98B1C0F3032300F00F059F4A0446B2
:10BF90005E1CC0F303134FEA10281370A5F10803C9
:10BFA000062B06D8002F47D0BE4245D00020BDE862
:10BFB000F081AB1E5FFA88F0012B19D9F72818BF62
:10BFC000F02801D9052D13D0042D00F089816B1FB5
:10BFD000022B40F249810F2DE8D1F72808D8F0282C
:10BFE00003D08B4B1B88002BE0D0FFF709FDDDE76A
:10BFF000F1380E28DAD801A353F820F02189010086
:10C00000338901004F8901005187010051870100E8
:10C010005D890100518701006B8901005187010092
:10C02000A5880100D9880100C1880100518701005D
:10C03000F188010009890100082DC4F3033318D1E8
:10C04000082B16D173498022734BC4F307450F6840
:10C05000F6B2240E1A701FB1294630462246B84760
:10C060006E4901206E4A6F4B0E7015701C70BDE852
:10C07000F081092D14D1092B12D1220E664B00F04C
:10C08000B7809021C4F30745F6B21970D4B2664B5D
:10C090001B68002BE4D02246294630469847DFE74C
:10C0A0000A2D05D10A2B03D1604BA0215A4A06E084
:10C0B0000B2D11D10B2B0FD15D4BB021564A1B68B4
:10C0C000C4F30745F6B21170240E002BC8D02946E0
:10C0D000304622469847C3E70C2D40F081800C2B58
:10C0E0007ED1544BC0214C4A1B68C4F30745F6B2BD
:10C0F0001170240E002BB3D0294630469847AFE785
:10C100004D4B1B68002B00F0FF80C4F30745984798
:10C11000414AF6B2240E82F80080A1E7474B1B6823
:10C12000002BF2D1464B1B682BB3FC20C4F3074510
:10C130009847EDE7434B1B68002BE6D1404B1B684B
:10C14000CBB1FB20C4F307459847E1E73E4B1B68A2
:10C15000002BDAD13A4B1B686BB1FE20C4F30745C4
:10C160009847D5E7394B1B68002BCED1344B1B6861
:10C170000BB1FF209847C4F30745C9E7344BC4F31C
:10C1800007451B68002BC3D028469847C0E7314BB2
:10C190001A68002AEFD0630CC4F30640250C03F4A0
:10C1A0007E53EDB218439047B2E72B4BC4F30745DB
:10C1B0001B68002BE8D1ABE7284BC4F307451B688D
:10C1C000002BA4D1A4E7264B1B68002B9DD11C4B50
:10C1D0001B68002BCFD0F820C4F30745984797E79A
:10C1E0000D2D62D10D2B60D11E4BD0210A4A7BE769
:10C1F0008021F6B2C4F307451970064B1B68002B6B
:10C2000079D0294630461446984729E7EA7C012030
:10C210009A7C0120ACE90020EE7C0120EB7C01201F
:10C22000EC7C0120ED7C0120B0E90020E4E9002055
:10C23000A8E90020B8E90020C8E90020CCE90020E6
:10C24000BCE90020A4E9002098E90020D8E90020FA
:10C25000DCE90020C0E90020C4E90020E0E900207A
:10C26000A0E900209CE90020FFF7CAFB052D08D0BB
:10C27000C4F30740FFF7C4FB072D02D1200EFFF7E0
:10C28000BFFB2A4B2A4819882A4A0170080A2A4CFF
:10C2900010700020294A1880F0232468137064B3BA
:10C2A00027480122A047012081E60E2D7FF47EAEB3
:10C2B0000E2B7FF47BAE234BE021204A1B681170CC
:10C2C00063B3610CC4F30642F6B201F47E51250C4F
:10C2D0003046240E1143EDB2A1F500519847BFE658
:10C2E000FFF78EFBC4F30740FFF78AFB200EFFF732
:10C2F00087FB00205BE61C46B2E6134B1B6893B13C
:10C300000F489847012052E6104B1B68002B3FF462
:10C3100032AFFA20C4F307459847F9E6C4F307455E
:10C32000F6B2240E9CE6012041E600BF9A7C012073
:10C33000EC7C0120ED7C0120D4E90020EE7C012082
:10C34000E8E90020B4E90020D0E90020BCE90020A1
:10C35000F8B5144C4FF0E025134E4FF4003204EBC7
:10C360004024124F06EB40160346C5F88C212146A7
:10C370003A883046FEF76EFF3B882344BFF34F8F69
:10C38000C5F85C4F2034A342FAD8BFF34F8FBFF3F8
:10C390006F8F03203146FEF789FF4FF40033C5F855
:10C3A0000C31F8BD60DD262040800020907C01200B
:10C3B000244B2DE9F0411C884368C569C3F30E4343
:10C3C000E41A002C24DD204920480A780078D3B2F2
:10C3D0001F4E82421F4807D010F8038036F81870AD
:10C3E000C7F50072944218D90133002226F815408F
:10C3F000082B194E88BF134626F8152098BFDAB2CD
:10C40000C554164B0A701A6814441C60BDE8F081CC
:10C410002846BDE8F041FFF79BBF07EB48201049D5
:10C4200022462744084401EB4521FDF737FC0B4A1F
:10C43000284626F8187013682344BDE8F0411360BD
:10C44000FFF786BF907C0120CE7C0120D07C0120AC
:10C4500090DF0020C4DF0020ACDF002080DF002060
:10C4600060DD26201D4B1A78002A36D102F0FF032A
:10C470001B4A12788AB32DE9F0411A4D2A8852B32B
:10C48000194EC2F50068194F3278194C07EB421764
:10C4900004EBC224424638462146FEF7DBFE04EB9D
:10C4A0000802BFF34F8F4FF0E023C3F8704F2034E2
:10C4B000A242FAD8BFF34F8FBFF36F8F03203946E4
:10C4C000FEF7E0FE33780133DBB2032B88BF002395
:10C4D000337000232B80BDE8F0817047E27C01209F
:10C4E000E87C0120947C0120E07C01200082002077
:10C4F00060ED26202DE9F04F85B0CDE9011000292F
:10C5000000F0BF800023604CDFF89881DFF898A12D
:10C510005E4F009301235E4A23705E4B1978B8F892
:10C52000003002EB4119002B40F0A7801E461D464B
:10C530009B464846FEF7C8FE10F0800000F08C8055
:10C54000BFF34F8F9AF8003084F800B005B93E6809
:10C55000002B7DD13B689B1B782B00F287804E4BD4
:10C560001B78002B74D000F09DFA0122B8F800303F
:10C5700015462270002BDCD0464AC3F500601178C6
:10C580001A4600EBC120454DC9022844019D954241
:10C5900017D20393DDE901512A46FDF77FFB039B88
:10C5A0004FF040425B1BA8F800303D4BC3F884209D
:10C5B000BFF34F8F009800232844237005B0BDE8D7
:10C5C000F08F364BCD180299FDF768FB00234FF42E
:10C5D000006229464846FEF73DFEBFF34F8F05F146
:10C5E000200205F50063934234BF012340234FF03E
:10C5F000E02205EB4313C2F8705F2035AB42FAD15D
:10C60000BFF34F8FBFF36F8F03204946FEF73AFE0B
:10C61000204A13780133DBB2032B84BF00231D4A69
:10C620001370B8F80030019AD11A009A1A44019197
:10C630000092029A1A4400230292194AA8F8003084
:10C64000C2F88430BFF34F8F237000297FF462AFAC
:10C65000009805B0BDE8F08F4FF400620D4B8AF8EA
:10C66000000019781346A8F800208AE701230098F3
:10C670008AF8003005B0BDE8F08F1A46C3F50060B7
:10C680007FE70198E5E700BFE27C012090E8002009
:10C6900000820020E07C0120E87C012060ED262063
:10C6A00000002E40947C0120DC7C0120704700BFFC
:10C6B0002D4B002180222D4870B51B7800242C4D75
:10C6C0008B422C4E0CBF40234FF400732B803380E1
:10C6D0000FF01AFB284A2146284B14704FF4807241
:10C6E00027481C800FF010FB264A1021264B022001
:10C6F000C2E90044C2E90244244AC3E90044147078
:10C70000234AC3E90244234B1C702346146022468B
:10C71000FEF706FD2246318803201F4BFEF7CEFCB4
:10C720002346012229880320FEF7FAFC2046013423
:10C73000FFF70EFE082CF9D1184B00214A221848A9
:10C74000184C0460C3F88410C3F88020D3F8482143
:10C75000154942F08072C3F8482121B1134A137879
:10C7600043F00103137070BDE97C012000820020BA
:10C77000987C0120907C0120E07C0120947C0120A9
:10C780004080002090DF0020ACDF0020CE7C012024
:10C7900080DF0020D07C0120558B010000002E405E
:10C7A000F8070120098C010000000000F07C012046
:10C7B0002DE9F04F4FF0E0234FF40032DFF8C8A02E
:10C7C00083B0C3F88C218B469AF8004000294FD0E3
:10C7D0008046E4B20027DFF8B490264BABEB0702AB
:10C7E00025491B78A34204F101043FD0092C234BB7
:10C7F000404628BF00241E5D39F816C00CEB4623C6
:10C8000019441F4B33F81650A5EB0C05AA421CD255
:10C810000CEB462C18491B4C61440192FDF73EFA83
:10C82000216839F816505846019AA1EB0B012A44A9
:10C83000394429F8162021604FF0E0234FF40032EC
:10C84000C3F80C2103B0BDE8F08F2A462F44FDF752
:10C8500025FA0C49E3B230460A68A844521B0A6024
:10C860008AF80030FFF774FDBB45B6D83846E3E7D9
:10C870000846E1E7CE7C012060DD2620C4DF0020F1
:10C8800090DF002080DF0020D07C0120ACDF002082
:10C890000B4B0C4A12781978D3B28A420DD001336F
:10C8A00009480A4A092B0A4928BF0023C35C31F80A
:10C8B000131002EB4323585C70474FF0FF30704772
:10C8C000CE7C0120D07C0120C4DF002060DD26204A
:10C8D000ACDF0020044B10B51C680CB1204610BD25
:10C8E00000F0E0F8204610BD80DF00202DE9F84F71
:10C8F000144E154D33782A78934221D0DCB2DFF8FC
:10C900005090DFF850B0DFF85080104F0134082C01
:10C910005FFA84FA01D90024A24619F80400DBF872
:10C92000003038F8102037F81010521A9B1ACBF844
:10C930000030FFF70DFD86F800A02B78A342E5D16B
:10C94000BDE8F88FD07C0120CE7C0120ACDF002038
:10C95000C4DF002080DF002090DF002000B583B01E
:10C9600001210DF10700FFF723FF20B19DF807001B
:10C9700003B05DF804FB4FF0FF30F9E7094B00B559
:10C9800083B01B788DF807003BB101210DF1070042
:10C99000FFF7B0FD03B05DF804FB03F0FF0003B048
:10C9A0005DF804FBE87C0120044B1B7803F0FF02D8
:10C9B0000BB1FFF79FBD1046704700BFE87C012018
:10C9C0002DE9F0410024DFF8448001230D4D274676
:10C9D0000D4E88F80030337828462035A34204F104
:10C9E000010405D0FEF770FC030658BF07F5006789
:10C9F000042CF0D1BFF34F8F0023384688F8003065
:10CA0000BDE8F08100820020E07C0120E27C012072
:10CA10002DE9F8431D4B1B7813B11D4D2A880AB927
:10CA2000BDE8F8831B4EC2F500691B4933784A46BE
:10CA30001A4C01EB43181A4F04EBC3240123404660
:10CA40003B7021460023FEF705FC04EB0902BFF30F
:10CA50004F8F4FF0E023C3F8704F2034A242FAD832
:10CA6000BFF34F8FBFF36F8F03204146FEF70AFCE1
:10CA700033780133DBB2032B88BF002333700023EC
:10CA80002B80BFF34F8F3B70BDE8F883E87C01201B
:10CA9000947C0120E07C01200082002060ED2620B3
:10CAA000E27C01202DE9F8432D4B1E7866B12D4F15
:10CAB0003B784BB90123F1073B7043D4B20726D42E
:10CAC00000233B70730701D4BDE8F883264B1A6836
:10CAD000002AF9D0EFF30582002AF5D1EFF3108593
:10CAE00072B61868002834D0204C2178002930D143
:10CAF0000122227042691A60002A2ED0916105B984
:10CB000062B600258368457798472570DCE7DFF833
:10CB1000648098F80030002BD2D00025DFF85890C0
:10CB20002B4659F823400135236820461B69984756
:10CB300010B163699B68984798F80020EBB29A425D
:10CB4000EFD8BDE7FFF7C6FE0028B7D0AFF30080EF
:10CB5000B4E7002DB8D162B6B6E7054B1A60CEE750
:10CB6000F07C0120AC7C012088840020A17C012085
:10CB700094840020A27C01209C84002070B5EFF3F7
:10CB8000108272B60C4C206880B10C4E00254369AF
:10CB9000236073B19D6102B962B683684577984797
:10CBA000EFF3108272B620680028F0D102B962B6A5
:10CBB00070BD3360EFE700BF908400208C840020BC
:10CBC000FFF7DCBF0449054A4968054B1960136843
:10CBD00001331360704700BF001000E090E80020B0
:10CBE0008CE8002070B5960838D001F1100400F1EF
:10CBF000080335469FED227A33F908EC013D03F135
:10CC0000080304F1100407EE90EAF8EEE77A67EE05
:10CC1000877A44ED087A33F90EEC07EE90EAF8EEE5
:10CC2000E77A67EE877A44ED077A33F90CEC07EE82
:10CC300090EAF8EEE77A67EE877A44ED067A33F900
:10CC40000AEC07EE90EAF8EEE77A67EE877A44EDB1
:10CC5000057AD1D101EB061100EBC60012F00302F8
:10CC60000DD09FED077A30F9023B013A07EE903A7A
:10CC7000F8EEE77A67EE877AE1EC017AF3D170BDDE
:10CC8000000000380346084619460FF08FB800BF71
:10CC9000004870478C2E002010B5034B03600446FB
:10CCA00000F0CEF8204610BD0832002010B5054B2C
:10CCB0000360044600F0C4F82046FDF78DF82046D6
:10CCC00010BD00BF0832002008B5042000F07CF839
:10CCD000024B034A0349036000F044F90832002084
:10CCE0003D940100D42E002020494B6830B550F807
:10CCF000085CA0F108045BB304EB050E734527D86C
:10CD000021D05A6801F1040C32B90FE0516803F1E7
:10CD1000040C21B313460A469645F7D304BFDEE957
:10CD200000215960DCF8003008BFAD181A68991866
:10CD30008C4211D05B6840F8043CDCF8003040F8CD
:10CD4000085C5C6030BD1A685B682A4440F8082CB7
:10CD500040F8043C4C6030BD2A441A6030BD5B682A
:10CD60001A6899188C42E5D1F6E700BF308400209C
:10CD7000144900F108034868082B38BF0823F8B1AC
:10CD8000073323F00703043102E0011D406880B13E
:10CD900002689342F9D830B4D41A072C0AD9C518BE
:10CDA00042686A60C450086803600D60083030BC97
:10CDB00070477047456802600D60083030BC7047AE
:10CDC000704700BF3084002010B500F18004204679
:10CDD0000EF00EFC034630B18022002118460EF002
:10CDE00093FF803010BD2046FFF7C2FF03460028A6
:10CDF000F2D100F03DF800BF064A936880389842AF
:10CE000005D9D2681344984201D2FFF76DBF0EF0E6
:10CE1000F7BB00BF3084002038B5084C4FF41E65C6
:10CE20002846E5600EF0E4FBA06020B10023C0E9D5
:10CE30000053606038BDE060606038BD3084002021
:10CE4000704700BF704700BF00487047782E002031
:10CE500010B504210446FCF7C3FF204610BD00BFF7
:10CE600008B58047FDF714FC06F00AFBFDF710FC3F
:10CE700008B5034B1868BFF35B8FFFF7F1FF00BFE6
:10CE80006856002008B58047FFF7F2FF08B5034B4E
:10CE90001868BFF35B8FFFF7F5FF00BF6C560020EB
:10CEA000024B1868BFF35B8F704700BF68560020C5
:10CEB000024B1868BFF35B8F704700BF6C560020B1
:10CEC00000B5012883B01DD8BFF35B8FA1F1280303
:10CED00053E8002F013A43E800200028F8D1BFF3BF
:10CEE0005B8F62B951F81C3C01F1580013B10190FD
:10CEF0009847019803B05DF804EBFFF77DBF03B0DE
:10CF00005DF804FB51F8140CFFF7AAFF38B50025B3
:10CF100040E91E1240F8805C0446FFF7C9FF44F860
:10CF2000700CFFF7BDFF43222B23472104F8552C3B
:10CF300004F8542C04F8533C04F8523C4E22552378
:10CF400004F8581C04F8515C054904F8572C04F8FF
:10CF5000563C44F86C0C44F8501CA4F1800038BDD9
:10CF60006596010010B582B0CDE90021044606F0B7
:10CF70000FFB03464068009A019901305860204633
:10CF8000FFF7C4FF0446012344F8283B20460AF07B
:10CF9000D7FB204606F074FAFFF76AFF10B506F0DB
:10CFA000F7FAD0E900420132426064B194F82020DF
:10CFB000472A0AD000220260203420460AF0E4FB0F
:10CFC000204606F05DFAFFF753FF94F821204E2A21
:10CFD000F0D194F82220552AECD194F82320432A4A
:10CFE000E8D194F82420432AE4D194F825202B2A70
:10CFF000E0D194F826202B2ADCD194F82720012AAE
:10D00000D8D8626952426261D6E700BF10B5034BBF
:10D010000360044600F044F9204610BDC8310020EA
:10D0200010B5054B0360044600F03AF920460C2188
:10D03000FCF7D6FE204610BDC831002070B582B086
:10D040000446069E96420D4609D0A06804680696DE
:10D05000246A2946A44602B0BDE8704060471946DC
:10D060000192009300F060F8DDE900320028ECD076
:10D07000062002B070BD00BF2DE9F04F0C4681B014
:10D080001946DDE90A69DDE90C879B4605469246AB
:10D0900000F04AF880B9464522D0A86821460468C5
:10D0A000CDE90C87CDE90A69E4695B465246A4469E
:10D0B00001B0BDE8F04F6047002C3E6087F804A047
:10D0C00009DB2644B0450CBF06260126BE710020B0
:10D0D00001B0BDE8F08F0234F9D10123BB71F6E74E
:10D0E0004946284600F020F80028D6D087F805A049
:10D0F000EDE700BF2DE9F04106460F4614461D46F8
:10D1000000F008F948B9B068016822468C692B46DE
:10D110003946A446BDE8F0416047BDE8F08100BF54
:10D12000704700BF00207047814211D008B54068A9
:10D1300003782A2B0AD049680B782A2B08BF0131C3
:10D140000EF0A0FEB0FA80F0400908BD002008BD36
:10D150000120704770B53B4B1A7882B0002A41D14C
:10D1600001241C7006F02EFD002831D04468364D95
:10D1700023782A2B08BF013400224FF0FF301146DC
:10D1800001AB0190204606F051F82B683022DB6895
:10D19000064601212D480CF03FFC019B93B12B6802
:10D1A0002046D9680CF0BEF92B682948DB680222BA
:10D1B00001210CF031FC019B13B930460EF020FA2E
:10D1C000FFF7ECFE2B683046D9680CF0ABF9EBE7C3
:10D1D0001D4B20481B682D22DB6821460CF01CFCEF
:10D1E000FDF756FA184B1C481B681D22DB6801210D
:10D1F0000CF012FCFDF74CFA01290C4619D106F08F
:10D200003FF903689B6898472B682146DB68044612
:10D210000B2212480CF000FC2B682046D9680CF059
:10D2200081F92B680A20D9680CF006F906F066F936
:10D23000D6E706F025F906F061F9D1E706F05EF9C8
:10D2400006F056F8AE7C01201C5C0020042E002065
:10D25000382E00203C2E0020E42D00206C2E0020D3
:10D2600070B5036884B000249E69039410231546AA
:10D270000293CDE900446B461268B0479DF8043034
:10D2800003F00603062B03BF009B2B600120204602
:10D2900004B070BD0098904214BF01200620704772
:10D2A00010B5034B03600446FFF73AFF204610BD5C
:10D2B0009C31002010B5054B03600446FFF730FF9A
:10D2C00020460821FCF78CFD204610BD9C31002033
:10D2D0002DE9F041069F0899099E8F420446904629
:10D2E0001D460CD029462046FFF71EFF20B1012322
:10D2F000376086F80480B3710020BDE8F08107999B
:10D30000FFF712FF0028EDD086F805800020BDE869
:10D31000F08100BF38B515461C46FFF705FF00B980
:10D3200038BD082206232560E260237138BD00BFA6
:10D330002DE9F041064617461D460C46FFF7F4FE60
:10D3400048B9032D07D823683A46314620465B6921
:10D35000BDE8F0411847BDE8F08100BF312970B544
:10D36000864645D828292AD80A2920D9A1F10B0CAC
:10D37000324C5FFA8CFC012000FA0CF00440002CC7
:10D380004DD0D2B1DEE90540844216DADEF8105005
:10D3900004EB840C05EB8C0001340026C0E9016627
:10D3A000CEF8144005F82C10C0E9032370BD042901
:10D3B00030D9A1F109000128E3D9002070BDA1F105
:10D3C00029000828F9D801A454F820F0299B01006D
:10D3D000BD9B0100B99B01005F9B0100B99B01004F
:10D3E000299B0100299B0100279B0100BD9B010097
:10D3F000A1F13400C0B21D28DFD8114C4FF0010C50
:10D400000CFA00FC0CEA0404002CBAD10D480CEA1A
:10D41000000070B1002AD0D0002BB3D1CDE710F4BA
:10D420007F1FAFD1084C0440002CC6D0002AF3D196
:10D43000C3E71CF0505CC0D0A4E700BFFE1F802FE4
:10D440000711C701F82E000A01004000F0B5C268BC
:10D4500011786E29864625D03039CBB2092B2BD8CE
:10D460000026164D00206FF0004402E0B0EBD30F11
:10D4700015DC0132CEF80C201378303B5FFA83FCC8
:10D4800000EB800001EB4000BCF1090F1946A4EB52
:10D490000303A5FB0373E9D906B14042F0BD4FF089
:10D4A000FF30F0BD531CC36051783039CAB2092A2D
:10D4B00002D81A460126D4E70020F0BDCDCCCCCC52
:10D4C00010B5044629B9C3681A786AB15A1CC260FB
:10D4D000197868290CD0762906D12046FFF7B6FFC7
:10D4E000E3681A785F2A01D0002010BD0133E360A1
:10D4F0002046FFF7ABFFE3681A785F2AF4D10133C7
:10D50000E360012010BD00BF10B4C3680A4619785B
:10D51000522910D04F2903D010465DF8044B7047B4
:10D52000C46A202103340133C462C3605DF8044B34
:10D530000023FFF713BFC46A1F210234F3E700BFC3
:10D54000002966D038B505460C46A368012B39DCA6
:10D55000D5F81C01B0F5806F03F1010332DC2278AD
:10D56000A360531E502B2DD8DFE803F03131314C2E
:10D570002C2C2D2D313131313131313131313131AD
:10D580003131312C3131313131313131313142426E
:10D5900031312C313131312931313131312C2D3191
:10D5A000313131313131313131313131312C2C3175
:10D5B000292929292C313131313131313100E468C7
:10D5C000002CC2D138BD2469002CBED1FAE7E16835
:10D5D000431CC5F81C312846FFF7B2FF21692846D5
:10D5E000FFF7AEFFD5F81C31013BC5F81C3138BD43
:10D5F000E1680B78052BEBD1D5F838310133C5F84C
:10D600003831E5E7D5F84431E1680133C5F84431F4
:10D61000DEE77047034648B1002304E0C2682AB140
:10D620000069013310B102782F2AF7D018467047ED
:10D63000C3681A785F2A01D00120704710B55A1CC0
:10D64000C2605A785F2A044604D0FFF7FFFEC04349
:10D65000C00F10BD0233C360FFF7F8FE002809DBDE
:10D66000092805DDE3681A785F2A03D10133E360F6
:10D67000012010BD002010BD20B909E039B10069BA
:10D68000013930B103782F2BF8D000207047C068E3
:10D6900070477047F0B514465268A5684B1C134498
:10D6A000AB4283B00E46074611D8E5686DB9636892
:10D6B0002068324618443946FCF7F0FAD4E90032C3
:10D6C00033449D5463683344636003B0F0BDE26843
:10D6D000002AFAD155B16D00AB42FCD8206829462A
:10D6E0000FF0B8FC38B12060A560DEE7022B4FF0E8
:10D6F0000205F0D8F2E7019020680DF081FF019B50
:10D700000122C4E90033C4E90232DEE70378722B58
:10D7100007D0562B05D04B2B03D0442B03D0002031
:10D72000704701207047407800F0DF034F2BF8D09E
:10D73000773801288CBF002001207047D0F80031D5
:10D74000FF2B70B504460D4606D05A1CC4F80021C4
:10D75000E55484F8045170BD0026194680F8FF6036
:10D76000D0E942329847D4F8283101221344C4F852
:10D7700028313346C4F80021E55484F8045170BDC3
:10D78000D0F810319BB1CA685B68002A1B6909DBBD
:10D7900023B907E042B11B69013A1BB119782F295F
:10D7A000F8D0002318467047DB68184670470122FE
:10D7B000C0F81821F6E700BF002940D02DE9F0415C
:10D7C000DFF884801F4F05460C4601262378082B7E
:10D7D00013D8082B1ED8DFE803F00D1D1D1D1D27D3
:10D7E0000D232300172B15D9183BDBB227FA03F3BF
:10D7F000DB070FD50020BDE8F0812C2BF2D9323B9E
:10D80000DBB21B2B06D806FA03F212EA080FF1D19D
:10D81000012B05D0E1682846FFF7CEFF0028EAD1AA
:10D820002469002CD2D1E5E721462846FFF7A8FF5E
:10D830000028DFD003782F2BDCD1BDE8F081002059
:10D84000704700BF018010000100E30C2DE9F0419A
:10D85000044608460D4610F041FD40B3013DD4F8A2
:10D8600000112F184FF0000809E00B46BD4201F1EE
:10D870000101C4F80011E65484F8046117D0FF29AF
:10D8800015F8016FF1D1D4E9423284F8FF802046C7
:10D890009847D4F8283101210B44C4F828310023DB
:10D8A000BD42C4F80011E65484F80461E7D1BDE834
:10D8B000F08100BF38B5C3681A78542A24D15A1CA5
:10D8C000C2605A785F2A044620D06E2A1CD0FFF727
:10D8D000BDFD411C18D4E3681A785F2A14D10133C6
:10D8E000D4E905208242E3600EDA236902EB820C60
:10D8F00003EB8C0001320025C0E90155626105226D
:10D9000003F82C20C16038BD002038BD023300214F
:10D91000E6E700BF2DE9F04188B00A4604461A49FF
:10D9200001A80BF00BFE01A810F0D8FC40B301AD2C
:10D93000D4F800112F184FF0000809E00B46BD4243
:10D9400001F10101C4F80011E65484F8046117D014
:10D95000FF2915F8016BF1D1D4E9423284F8FF8038
:10D9600020469847D4F8283101210B44C4F82831C7
:10D970000023BD42C4F80011E65484F80461E7D1E5
:10D9800008B0BDE8F08100BF443E002070B50446F9
:10D99000FFF75CFD051E46DDE66863689B1B9D4244
:10D9A0003EDCA26873195207E36004D5725D242A35
:10D9B00004BF0133E360092D22DD2A4908223046E5
:10D9C0000EF0D6F830B9337A2E2B2ED05F2B2CD018
:10D9D000242B2AD0D4E90532934221DA206903EBC3
:10D9E000830200EB820001330022C0E9012263615F
:10D9F00000230370C0E90133C0E90365A06270BD74
:10DA0000D4E9053293420BDA206903EB830200EB81
:10DA1000820001330022C0E901226361002EE7D1B8
:10DA20000020A06270BD002070BD737A4E2BD1D152
:10DA3000E26A6369A1691632521B8B42E262EFDA35
:10DA4000226903EB830081000133636102EB8000F4
:10DA50000023C0E901335354034A1523C0E90323CB
:10DA6000DFE700BF94410020A04100202DE9F041F4
:10DA7000C3681A78532A31D15A1CC2605A780446B6
:10DA8000A2B39A1CC2605A785F2A44D0A2F1300334
:10DA9000D8B2092826D800210DE0303B99421DD884
:10DAA000E06802781946451C1AB1E56002785F2AE1
:10DAB0003BD0A2F13003D8B2092801EBC103A2F197
:10DAC000410C02EB8303E8D9BCF1190F06D801EB36
:10DAD000C10302EB8303373B9942E1D90025284675
:10DAE000BDE8F081A2F141001928D4D9A36803F060
:10DAF0000803002B14BF0125002500D1B9B93F4B05
:10DB0000742103F1A80001E013F81C1F914215D005
:10DB10008342F9D1E2E70023226A9A42DED9E26920
:10DB200052F823502846BDE8F0810133F4E7E3685A
:10DB30001B78433B012B98BF0D46E0E75E69002E42
:10DB400054D0D4E905208242D3F8188053DA2769EB
:10DB500002EB820C07EB8C014FF0000EC1E901EEE5
:10DB600001324FF0180E626107F82CE0C1E903683A
:10DB7000A162002D37D0D3E90371E36A82420B44DE
:10DB8000E36236DA236902EB820003EB800501329F
:10DB90000026C5E901666261182203F82020C5E964
:10DBA0000371E3681A78422A99D1A66A0133E360C7
:10DBB0002046FFF7EBFE2A4603464D212046FFF79D
:10DBC000CDFBE3681A78422A0546EFD0A66200280A
:10DBD00084D0D4E90832934280DAE1695A1C41F8D2
:10DBE000230022627BE7D3E90171C6E7D4E905206F
:10DBF000BFE70025D5E70021BAE700BFC4460020F3
:10DC00002DE9F043C26883B004461046FFF77EFD5D
:10DC1000002866D113785A2B31D82F2B5CD9303B92
:10DC20002A2B59D8DFE813F08C008C008C008C0074
:10DC30008C008C008C008C008C008C0058005800EC
:10DC400058005800580058005800D6015800D90014
:10DC5000ED005800E70060015800580058005800D7
:10DC6000580018028C00CB00BD005800AF00950191
:10DC70006E01BE0158005800580058008C00613BEE
:10DC80005FFA83FCBCF1190F26D8C44D012101FABB
:10DC90000CF10D40EDB1C24903EB830301EB8301AD
:10DCA000D4E90535AB4280F2C583266903EB830CCA
:10DCB00006EB8C050133C5E901006361272306F8F3
:10DCC0002C30E960E36A496801320B44E260E362A8
:10DCD00003E0BCF1140F48D00025284603B0BDE88E
:10DCE000F083002201A9204601F0B4FA054600287D
:10DCF000F2D0E3681B78462B20461ED0FFF780FF4A
:10DD000028600028E8D003781F3B012B05D8019A32
:10DD1000C368C2602A6801922B60019D002DDBD090
:10DD2000D4E908329342D7DAE1695A1C284641F80F
:10DD30002350226203B0BDE8F08300F0FDFBDFE773
:10DD4000204601F06BFD05460190002DC4D0D4E9BA
:10DD500008329342C0DAE16941F82350019D5A1C10
:10DD60002846226203B0BDE8F0830132E26020461B
:10DD7000FFF70CFE2B46024628212046FFF7EEFA5D
:10DD800005460190E1E70132E2602046FFF738FFE7
:10DD90000023024623212046FFF7E0FA05460190C2
:10DDA000D3E70132E2602046FFF72AFF0023024654
:10DDB00022212046FFF7D2FA05460190C5E701323D
:10DDC000E2602046FFF71CFF002302462421204684
:10DDD000FFF7C4FA05460190B7E70132E26020463A
:10DDE000FFF70EFF0023024625212046FFF7B6FA73
:10DDF00005460190A9E7204600F09EFB05460190EC
:10DE0000A3E7531CE3605378002B3FF465AF931CEA
:10DE1000E3605378463B302B3FF65EAF01A151F8EB
:10DE200023F000BF69A801007DA401007DA40100CA
:10DE30007DA401007DA401007DA401007DA401005A
:10DE40007DA401007DA401007DA401007DA401004A
:10DE50007DA401007DA401007DA401002DA8010086
:10DE60007DA401007DA401007DA401007DA401002A
:10DE70007DA401007DA401007DA401007DA401001A
:10DE80007DA401007DA401007DA401007DA401000A
:10DE900001A901007DA40100D5A80100EFAA01009D
:10DEA000BFAA01005DA901007DA401002DA9010008
:10DEB0008FAA01007DA401007DA401007DA40100C2
:10DEC0007DA401005FAA01007DA4010047AA010012
:10DED0007DA401007DA4010017AA01002DA8010066
:10DEE000E7A901008DA901000132E2602046FFF799
:10DEF00087FE0023024626212046FFF72FFA05461B
:10DF0000019022E72046FFF7D5FCE66801903378C0
:10DF1000492B05467FF419AF636B002B40F0578205
:10DF200000283FF4D9AED4E908218A42BFF6D4AE26
:10DF3000E16941F82200013222623278493A012A2D
:10DF400005D80136E660204600F00CFE03462A465E
:10DF50001CE05378A3F13002092A05D95F2B03D0C6
:10DF6000413B192B00F2268200212046FFF77EFD5F
:10DF7000E36801901A78492A05467FF4AEAE013372
:10DF8000E360204600F0EEFD2A46034604212046C9
:10DF9000FFF7E4F905460190D7E600BFFF7BEC03ED
:10DFA0000C3700200132E2602046FFF7EFFCE36807
:10DFB00001901A78492A054600F0E1812046FFF7D2
:10DFC0001FFE2B46024621212046FFF7C7F90546D2
:10DFD0000190BAE6551CE56053785F2B00F0CD81C7
:10DFE000303B092B00F2D8812B469C460133E3607D
:10DFF000197830390929F8D9D4E905108142ACEBF8
:10E000000202BFF669AE276901EB810007EB8006CB
:10E010004FEA800E002001318242C6E901006161B1
:10E020007FF75AAEC6E9010007F80E00C6E90352B1
:10E030009CF801201D465F2A7FF44EAE0135E56055
:10E040002046FFF7DDFD324603462A212046FFF732
:10E0500085F90546019078E60132E2602046FFF737
:10E06000CFFD054600283FF437AE2046FFF7C8FD38
:10E07000034600283FF430AE2A462B212046FFF706
:10E080006DF90546019060E60123256B2363204668
:10E0900000F030FE25630246002344212046FFF7AE
:10E0A0005DF90546019000283FF416AEE3681A7842
:10E0B000002A3FF411AE5A1CE2601B78452B7FF416
:10E0C0000BAE44E6D4E905318B4280F2B58121697B
:10E0D00003EB830001EB800501330026C5E90166EF
:10E0E00063612C2301F8203093780195303BDBB23B
:10E0F000092B94BF012333462B8202D82046FFF719
:10E10000A5F92046FFF77CFDE86000283FF4E4AD68
:10E110002046FFF79BF9E268137813B1531CE360C4
:10E120001378A3F17303B3FA83F35B096B82D4E52D
:10E13000D4E905329342BFF6CFAD2269C04903EB63
:10E140008305A8000133636102EB85050023C5E95F
:10E15000013313540E23C5E90313BEE5D4E9053298
:10E160009342BFF6B9AD2269B64903EB8305A80017
:10E170000133636102EB85050023C5E901331354C4
:10E180000423C5E90313A8E5D4E90532934280F2DC
:10E190006B81226903EB830102EB810501330020CF
:10E1A000C5E901006361272302F82130E36AA64A2A
:10E1B000EA600433E36290E5D4E90532934280F2E9
:10E1C0005381226903EB830102EB810501330020B7
:10E1D000C5E901006361272302F82130E36A9B4A05
:10E1E000EA600933E36278E593785F2B00F01481ED
:10E1F000D4E905329342BFF66FAD226903EB830188
:10E2000002EB810501330020C5E90100636143236E
:10E2100002F821302046FFF719F9E860E3681A7820
:10E220005F2A7FF459AD0133E3602046FFF7E8FC35
:10E230002A4603462D212046FFF790F80546019017
:10E2400083E5D4E90532934280F20E81226903EB23
:10E25000830102EB810501330020C5E90100636100
:10E26000272302F82130E36A794AEA600733E36240
:10E2700033E5D4E90532934280F2F680226903EB5C
:10E28000830102EB810501330020C5E901006361D0
:10E29000272302F82130E36A6E4AEA600833E3621A
:10E2A0001BE52046FFF7ACFC002302464C2120462C
:10E2B000FFF754F80546019047E5D4E9053293424B
:10E2C00080F2D280226903EB830102EB81050133E6
:10E2D0000020C5E901006361272302F82130E36AC9
:10E2E0005D4AEA601133E362F7E4D4E90532934210
:10E2F00080F2BA80226903EB830102EB81050133CE
:10E300000020C5E901006361272302F82130E36A98
:10E31000524AEA600833E362DFE4D4E9053293420B
:10E3200080F2A280226903EB830102EB81050133B5
:10E330000020C5E901006361272302F82130E36A68
:10E34000474AEA600A33E362C7E4D4E905329342FC
:10E3500080F28A80226903EB830102EB810501339D
:10E360000020C5E901006361272302F82130E36A38
:10E370003C4AEA600933E362AFE400265EE601331B
:10E38000E360204600F0EEFB2A46034604212046C7
:10E39000FEF7E4FF054611E60123256B23632046C3
:10E3A00000F0A8FC2563064600283FF495ACE5681C
:10E3B0002A7840E6204601F031FA0546019000280F
:10E3C0003FF48AAC0378182B7FF4C1AC85E4731C4E
:10E3D000E3602046D4F81490D4F82080E76A00F077
:10E3E000C1FBE3681B78492B06D0E660C4F81490A3
:10E3F000C4F82080E762A8E4002D3FF46DACD4E9B6
:10E4000008139942BFF668ACE26942F82150013125
:10E4100003462A462162B9E503320123256BE260F7
:10E420002363204600F066FC2563054600287FF440
:10E43000F5AE51E4C368FFDE00231B70FFDE00BFB2
:10E44000C0410020B841002050390020143900207C
:10E450006439002078390020A03900208C39002050
:10E460003C390020283900200023DB68FFDE00BF94
:10E4700030B5C26883B0002301931378002B34D0E9
:10E48000044601AD4F2B0CD009D82E2B01D0452BC3
:10E490000AD1019848B30369CBB103B030BD522B08
:10E4A00002D15378452BF4D02046FFF7A9FB024652
:10E4B00000232E212046C2B1FEF750FF2860A0B1F4
:10E4C000E268137800F11005002BDBD1E1E7C268A8
:10E4D00011782729E1D1D268117C0929DDD1E16ABF
:10E4E0005268891AE162C360D7E7002003B030BDEB
:10E4F00070B5C3681A784A2A05461AD081B12846F1
:10E50000FFF77EFB044690B12846FFF7B1FF0346B4
:10E5100068B1224628462921BDE87040FEF71EBF9B
:10E5200028460C46FFF7A4FF03460028F1D100203F
:10E5300070BD0133C360E2E710B50446806810F493
:10E5400080200BD1E26BB2F5006F06D8511CE36856
:10E55000E1631978462907D0E26310BDE3681A78B1
:10E56000462A01D0002010BD5A1CE2605A78592A70
:10E5700004BF0233E36001212046FFF7B9FF0146E3
:10E580002046FEF7C1FFE3681A78452A04BF01332D
:10E59000E360A36818BF00205B03DED4E26B013A9E
:10E5A000DAE700BFF8B5C3681F78064677BB4FF0BF
:10E5B000000E3D4D482100228B1A03EBD37302EB72
:10E5C0006303180105EB031C2C582078B84206D0D1
:10E5D00094BF5A1C19468A42EED10020F8BD6078DB
:10E5E0007045F5D1D6E905329342F6DA326903EB8C
:10E5F000830102EB810001330024C0E9014473610F
:10E60000322302F82130C0F80CC0F8BD5A1CC26099
:10E6100093F801E01F78BEF1000F02D1762FC8D029
:10E62000C5E79A1CC260762F93F801E01FD1AEF1C6
:10E630003004E3B2092BBCD8FFF7A8F9D6E90531BD
:10E640008B420246C9DA376903EB830107EB81008D
:10E6500001330025C0E9015589007361002ABCD04F
:10E660003323C0E901557B54C0E90342F8BD632F51
:10E670009FD1BEF1760F9CD1D0E90C34B3FA83F36D
:10E680005B094363FFF7BCFA736B024633B10023A7
:10E6900035213046FEF762FE7463F8BD3421304602
:10E6A000FEF75CFEF8E700BFB4390020F8B5C36898
:10E6B0001A78A2F130010929044665D9552A6CD08F
:10E6C00038D8442A0FD94C2A0AD10133C360FFF746
:10E6D0005DF9054620B12046FEF7AAFF00283BD190
:10E6E00000252846F8BD422AFAD9816A41B1087846
:10E6F000002840F09180E26A08690244E2621A78D8
:10E70000432A00F0C880442A40F084805A78303A86
:10E71000052AE5D801A050F822F000BFCBAF0100D8
:10E7200023B0010011B0010085AE01001DB0010051
:10E7300017B00100A2F161011929D1D86F2A056B28
:10E7400000F0A0802046FFF72DFF2563054618B195
:10E750000378322B00F0C680E3681A78422AC0D1D1
:10E76000A66A0133E3602046FFF710F92A46034604
:10E770004D212046FEF7F2FDE3681A78422A05464D
:10E78000EFD0A6622846F8BDFFF700F9E3681A78D3
:10E790000546422AE4D02846F8BD5A786C2A00F093
:10E7A000C180742A9CD1591CC1605A78742A37D10F
:10E7B0009A1CC2609A785F2A00F008816E2A8FD076
:10E7C000FEF744FE0130E36800F1FD801A785F2A0D
:10E7D00020D10133D4E905218A42E36080F200812F
:10E7E000266902EB820706EB870501320021C5E9A5
:10E7F00001116261492206F82720E860D4E9082067
:10E80000824280F2EA80E16941F8225001322262BC
:10E810001A78BEE70025BCE718287FF471AF6AE7D5
:10E820000B460025B5E74FF0010ED4E905209F1CEB
:10E830008242E76080F2C280D4F810C002EB82000E
:10E840000CEB800501320026C5E90166800062619B
:10E85000002900F0B380C5E9016608220CF8002009
:10E8600085F80CE029619A783B4692E74FF0030E59
:10E87000DBE74FF0050ED8E74FF0040ED5E74FF079
:10E88000020ED2E75A786E2A7FF45CAF0233002280
:10E89000C360026356E75A78492A7FD0A2F131005B
:10E8A00004283FF61DAF303A0233D6B2E360D4E914
:10E8B0000532934280F28680276903EB830207EBDF
:10E8C000820501330020C5E901009200636100293F
:10E8D00078D00723C5E90100BB54E3682E73296192
:10E8E0001A7856E7C268E36A9168126807330B44E6
:10E8F000E36213786C2B7FF42FAF5378692B7FF48E
:10E900002BAF9378002B7FF427AF2046FFF73EF81C
:10E910002A46034637212046FEF720FDE3680546D8
:10E920001A7836E7591CC1605A786C2A7FF478AFA0
:10E930000233C360FFF79CFDE3680646002842D01F
:10E940001A78452A7FF466AF5A1CE2605A785F2A2B
:10E9500049D06E2A3FF4C4AE2046FEF777FD013061
:10E96000E36830D41A785F2A7FF454AF01336269C8
:10E97000A169E3608A4233DA216902EB820701EB85
:10E98000870501324FF0000CC5E901CC62614722D6
:10E9900001F82720C5E903601A78FAE6591CE160FE
:10E9A0009A78A2F13100042813D80333303AE36097
:10E9B0002046D6B2FFF724F9A16A78E79A780025B5
:10E9C0003B46E6E6E3681A780025E2E603330020DA
:10E9D00000E75A7800250B46DBE61A780D46D8E6A4
:10E9E0001A780025D5E602330020C0E7F8B5C268E2
:10E9F00013784C2B32D1531CC36051785F290446E5
:10EA000051D05A2913D15A1CE2605B78472B43D06E
:10EA1000542B41D00021204601F04EF8E3681A78CB
:10EA20000646452A1AD10133E3603046F8BDFFF7A8
:10EA3000E7F8064690B10378272B12D0E2681578E4
:10EA40006E2D23D03D21452D59D0134603E0E360C0
:10EA50001D78452D2FD00133002DF8D100263046EA
:10EA6000F8BDC3681A7C1AB1E26A5968521AE262A8
:10EA7000254918680DF006FA0028DFD1E2681578FC
:10EA8000452D3ED06E2D01D03D21DEE7531CE360C5
:10EA900055783E211A46D6E7204600F085FCE3680B
:10EAA00006461A78BDE7931CC36092785A2A18BFAD
:10EAB0000026B6D1A7E79D1AD4E9050398421CDACF
:10EAC000D4F810E000EB80070EEB87034FEA870CC9
:10EAD00000270130BD42C3E9017760610DDDC3E964
:10EAE00001770EF80C70C3E9032532462046FEF785
:10EAF00035FCE36806461A7893E70023F5E700251E
:10EB0000DAE70132E260AAE7483E002038B5C26881
:10EB100013784C2B20D0044608D8493B012B16D83B
:10EB20000132BDE83840C26000F01CB8582B0ED14D
:10EB300001320123056BC260036300F0DBF8E36878
:10EB400025631A78452A0BD10133E36038BD20468E
:10EB5000BDE83840FFF754B8BDE83840FFF746BF7E
:10EB6000002038BD70B5C368866A1A78452A82B01D
:10EB700004461FD00023019301AD09E0FEF7EEFB30
:10EB8000286000F1100560B1E3681A78452A0BD0BF
:10EB90002046FFF7BBFF024600232F212046002A14
:10EBA000ECD1002002B070BD0198A6620133E36091
:10EBB00002B070BD5A1C0023C2602F211A4602B059
:10EBC000BDE87040FEF7CABBF8B5C268147894B3CC
:10EBD00006460F460025A4F130034A2B2BD8DFE868
:10EBE00003F02D2D2D2D2D2D2D2D2D2D2A2A2A2AC8
:10EBF0002A2A2A2A2A2D772B2A2A2A682A2A2D5FAE
:10EC00002A2A2A2A2A534B2D2A2A2A2A2A2A2A2A17
:10EC10002A2A2A2D2D2D2D2D2D2D2D2D2D2D2D2D2D
:10EC20002D2D2D2D2D2D2D2D2D2D2D2D2D00F26841
:10EC30001478002CCFD100252846F8BD3046FFF7C8
:10EC400035FD0346002D4ED10546532CEFD0F2681A
:10EC50001478452CF0D0002FEBD0002DEBD0D6E966
:10EC600008318B42E7DAF16941F82350013333620E
:10EC70001478002CAFD1DEE73046FEF71BFE0346CA
:10EC8000002D30D11D46E2E701213046FEF7EEFEB1
:10EC9000034645BBF26814781D46002C9BD1CAE799
:10ECA000002DC8D0531CF36054781A46002C92D122
:10ECB000C1E7002DBFD00132F2603046FFF752FFAE
:10ECC000042103462A463046FEF748FB0546BCE7CA
:10ECD000537803F0DF03542B304606D0FFF7E6FCF1
:10ECE0000346002DCED00121ECE7FEF789FF034655
:10ECF000C6E700BFC26813784C2B00F08980542B04
:10ED000000F08880F0B5732B83B004465AD0662B90
:10ED100028D0A3F1300109290CD82046FFF7C6FC02
:10ED20000546002870D0E3681A78492A74D028462E
:10ED300003B0F0BD6F2B61D0692B7BD153786C2B66
:10ED400047D10232E2600025117800295CD0537867
:10ED5000002B59D04521204600F042FA2A460346AE
:10ED6000312161E05378702B33D1931CC3609378C9
:10ED7000542B00F048815F2B00F086806E2B43D02F
:10ED8000FEF764FB411C3FD4E3681A785F2A3BD14D
:10ED90006FF0004201339142E36035D00230D4E994
:10EDA0000532934230DA226903EB830102EB8105DD
:10EDB00001330026C5E901666361062302F82130AC
:10EDC000E860B4E75378722B00F0F880702B00F005
:10EDD00012812046FFF7E6FB0546A8B10378322BE7
:10EDE00035D0342B00F09B810ED8332B0CD1C36867
:10EDF000032B09D8DFE803F06DCE080853786E2B9B
:10EE0000E7D10232C26088E70025284603B0F0BD92
:10EE1000FFF7ECBDFEF74EBD0133E3602046FFF780
:10EE2000A1FE2A4603460421204603B0BDE8F04077
:10EE3000FEF794BA742B40F0B28053786C2BC8D193
:10EE40000232E260FEF7DCFEE26805467CE7C1685C
:10EE5000E36A8A680E68023A1344E3623378732BDC
:10EE60000BD17278742A08D1B27832B92046FEF7F5
:10EE7000C7FE2A4603463721D6E7CF68032FC3D8FB
:10EE8000DFE807F02706542B0332C260012086E733
:10EE90003278702A00F0C0806D2A00F0BD80002713
:10EEA000732B40F0B4807378502B40F0B080B3786F
:10EEB000002B40F0AC802046FFF754FE03462FB1F4
:10EEC0001A4639212046FEF749FA03462A463721D9
:10EED000AAE700232A463621A6E7712B40F0C4801A
:10EEE0007278752A40F0C080B278002A40F0BC8069
:10EEF0002046FFF7FFFE06462046FFF7FBFE0746CB
:10EF00002046FFF7F7FE034600283FF47DAF3A4660
:10EF10003C212046FEF722FA324603463B2120469A
:10EF2000FEF71CFA2A4603463A217DE7EB681B6888
:10EF30005A78632A00F00E813378662B00F0338113
:10EF4000642B40F027817378692B40F02381B378DC
:10EF5000002B40F01F812046FFF7A8FB07463378BF
:10EF6000632B40F0B48072786C2A40F0B080B278A5
:10EF7000002A40F0AC804521204600F031F90246DD
:10EF8000134639213A462046FEF7E8F92A46034659
:10EF9000382149E72046FFF7ADFE034696E7752B7B
:10EFA0007FF417AF0132C260FEF7F0FC01902046FB
:10EFB000FFF7D8FD019A03463F2135E7931C816B8B
:10EFC000C360937831B1552B4AD8422B32D8303BAD
:10EFD000092B36D92046FEF713FE05462046FFF7DB
:10EFE00065FBE36819784929024600F0A5801346BD
:10EFF00001212A4618E70232C260FFF77BFE002398
:10F0000002464C2110E70332C2600020C7E62046CA
:10F01000FFF770FE034652E7717891427FF43FAFED
:10F02000E26811785F297FF43BAF0132E260337808
:10F03000002735E7684A433BDBB222FA03F3DB07DC
:10F04000C8D54FF0FF33A36300212046FFF7BCFD76
:10F05000E3681A78452A0546C0D10133E360BDE76D
:10F06000613B192BB6D8ECE7642B06D17378582B8B
:10F0700003D1B378002B3FF43BAF3378662B00F01D
:10F0800097806E2B7FF4C0AE7378772B02D0612B04
:10F090007FF4BAAE5F21204600F0A2F80646204673
:10F0A000FEF7AEFDE3681A78452A074600F0908027
:10F0B000702A00F08180692A7FF4A6AE5B786C2B01
:10F0C0007FF4A2AE2046FFF715FE03461FE7642B30
:10F0D00053D17278742A50D1B278002A4DD1E368A6
:10F0E0001A78672A5BD0732A02D15B78722B4CD0D6
:10F0F0002046FFF7DBFAE3681978492902467FF4D6
:10F100003FAF0133E36020460192FFF72BFD019AE8
:10F11000034604212046FEF721F9024630E7E36862
:10F120001A785F2A7FF436AF0133E3604521204629
:10F1300000F056F80346C9E60133E3602046019229
:10F14000FFF710FD019A034604212046FEF706F959
:10F1500002464CE71B78732B0AD0633BDBB20F2BC4
:10F160003FF6EAAE1D4A52F82330002B3FF4E4AEDE
:10F170002046FEF745FD0746F1E6702B05D1737872
:10F18000742B02D1B378002BA9D02046FFF7B2FD33
:10F190000246F5E62046FFF7ADFD0746DFE65B7861
:10F1A000732BA5D1F1E72046FFF7FCF90746D6E619
:10F1B0002046FFF7F7F99EE65A78692A7FF424AED5
:10F1C0000233E3604521204600F00AF803469EE63C
:10F1D0000133E36000239AE601020400B421002019
:10F1E0002DE9F041C2680E46117882B00023B14289
:10F1F0000446019324D0D0F8308001AD012709E006
:10F20000FEF7ACF8286000F1100578B1E3681A78D1
:10F21000B2420FD027632046FFF76CFD0246002361
:10F220002E212046C4F83080002AE9D1002002B007
:10F23000BDE8F08101980133E36002B0BDE8F081E0
:10F240000132C2602E211A4602B0BDE8F041FEF73D
:10F2500085B800BF2DE9F04F0F46C168B2F1000933
:10F2600083B00A78044615BF4FF01E0A4FF01B0A00
:10F270004FF01D084FF01A0814BF1C2619263D46F2
:10F280004FF0010B1BE0562A33D04B2A37D04B7876
:10F2900053B38B1CE3604B78782B4FD06F2B34D15A
:10F2A000E36A0933E3625021002300222046FEF77F
:10F2B00055F82860C0B1E1680A7800F10C050846ED
:10F2C000FEF724FA00283FD04B1C722AE360DAD103
:10F2D000E36A0933E3623146002300222046FEF749
:10F2E0003DF828600028E6D10025284603B0BDE897
:10F2F000F08FE36A0933E36241460023D5E7E36A0E
:10F300000633E36251460023CFE74F2B38D1E36A3F
:10F310000933E3622046236BC4F830B00193FFF752
:10F32000E9FC019B236303460028DDD0E2681178E5
:10F330004529D9D10132E2605021B6E7E36A1133A1
:10F34000E3624E210023B0E7B9F1000FCDD1462A88
:10F35000CBD1BD42C9D01D201E211C2204E0192B97
:10F360000CD00C37BD42C0D03F683B781A2B03D07D
:10F370001B2BF4D13970F4E73870F2E73A70F0E7FC
:10F38000772BB1D1E36A0633E3622046FFF770F8CA
:10F3900003460028A8D0E26811784529A4D101329B
:10F3A000E260512181E700BF2DE9F041C16AC368E5
:10F3B00001F11402C2621A78542A82B0044675D050
:10F3C000472A28D15A1CC2605A7822B39A1CC260BC
:10F3D0005A78562A23D8402A1DD9413A152A1AD8D4
:10F3E000DFE812F01D0119001900190019001900B9
:10F3F0001900190019001900190019001900190045
:10F40000190019001900FF001900E9001900DE00B9
:10F41000E3680233E360002002B0BDE8F081722AA5
:10F42000F9D1FEF713F80128F5DDE3681A78002A10
:10F43000F1D05E1CE6601B785F2BECD10022451EEC
:10F4400017464FF042083378002BE4D0242B40F0CD
:10F450009F817378532B00F0BF815F2B00F0BA813E
:10F46000242BD8D11946D4E905039842D0DA26696D
:10F4700000EB800C06EB8C030130C3E9017760617F
:10F4800006F82C80E668D960023D0236E660002A64
:10F4900000F09E8141212046FDF760FF02460028D2
:10F4A000B9D0002DCFDC002340217EE05A1CC26081
:10F4B0005A78002AAFD09A1CC2605B78413B352B4A
:10F4C000A9D801A252F823F033BE0100BBBB010052
:10F4D000FFBD0100BBBB0100BBBB01003FBE010083
:10F4E000BBBB0100A3BE01001DBF010011BF010095
:10F4F000BBBB0100BBBB0100BBBB0100BBBB010030
:10F50000BBBB0100BBBB0100BBBB0100BBBB01001F
:10F5100029BF0100AFBE0100BBBB0100BFBE01009F
:10F52000CFBE0100BBBB0100BBBB0100BBBB0100E8
:10F53000BBBB0100BBBB0100BBBB0100BBBB0100EF
:10F54000BBBB0100BBBB0100BBBB0100BBBB0100DF
:10F55000DBBE0100BBBB0100BBBB0100BBBB0100AC
:10F56000BBBB01004BBE0100BBBB0100BBBB01002C
:10F57000BBBB0100BBBB0100BBBB0100BBBB0100AF
:10F58000BBBB0100BBBB0100BBBB0100BBBB01009F
:10F59000BBBB0100BBBB0100BBBB010077BE0100D0
:10F5A00000F03CF9002302461321204602B0BDE8DA
:10F5B000F041FDF7D3BE9A78002A00F00F81DA1CE3
:10F5C000C2609A78DB786E2A3AD0472B02D0542B4F
:10F5D00040F004812046FFF7E7FE024600234A215F
:10F5E000E3E700F01BF9D4E905139942024680F2E3
:10F5F000FF800190206901EB810600EB8605002366
:10F60000C5E9013301314323616100F8263020460A
:10F61000FDF71CFF019AE8602B461621C5E79B7891
:10F62000472B01D0542B06D12046FFF7BDFE0246E2
:10F6300000231721B9E7002100F03EFA0246F7E760
:10F64000472B00F0E180542B00F0DE80002100F019
:10F6500033FA024600234B21A7E7FEF7D1FA05460D
:10F660002046FDF7F3FE0028FFF6D5AEE3681A78D2
:10F670005F2A7FF4D0AE0133E3602046FEF7C0FA84
:10F68000E16A0531E16202462B460B218DE7FFF767
:10F690003DFA00230246302187E7FEF7B1FA002346
:10F6A00002460E2181E76821FDF70AFF00283FF49A
:10F6B000B2AEE3681B78472B00F0A180542B00F01A
:10F6C0009E800021204600F0F7F9024600230F211A
:10F6D0006BE77621FDF7F4FE00283FF49CAEE3686B
:10F6E0001B78472B00F08680542B00F0838000218C
:10F6F000204600F0E1F902460023102155E700F012
:10F700008DF80023024614214FE70A31C162FEF74B
:10F7100077FA002302460A2147E70F31C162FEF75C
:10F720006FFA0023024609213FE700F077F8002333
:10F730000246152139E70021FDF7C2FE00283FF4FB
:10F740006AAE00212046FDF7BBFE00283FF463AE01
:10F75000E3681B78472B5CD0542B5AD000212046FD
:10F7600000F0AAF90246002311211EE7FEF748FA2D
:10F7700000230246122118E7FEF742FA0023024650
:10F780000C2112E7FEF73CFA002302460D210CE79C
:10F79000B446002104E01CF8013F23B1242B02D021
:10F7A0000131A942F7DBD4E9053083421CDA206934
:10F7B00003EB830C0133636100EB8C03C3E9017736
:10F7C00000F82C70C3E90361E6686D1A0E445DE62B
:10F7D0001A4666E62E2146E62F2144E60021204601
:10F7E00000F06AF90246F9E6E3680B44E36012E6CA
:10F7F000002511E72046FFF7D7FD02467CE72046AB
:10F80000FFF7D2FD024661E72046FFF7CDFD024635
:10F8100020E72046FFF7C8FD0246A4E7F0B5C2681E
:10F8200013784E3B83B004460C2B08D8DFE803F076
:10F830003107070707170712070707075500FEF7E5
:10F8400035FFE3681A78492A054600F0D280284639
:10F8500003B0F0BD03B0BDE8F040FEF727BF53781A
:10F86000742B00F08E800021FEF700F9E3681A780F
:10F87000492A0546EBD10133E3602046FFF772F9D0
:10F8800003462A460421204603B0BDE8F040FDF7B8
:10F8900065BD0132C26001A90122FFF7DBFC05460C
:10F8A000002800F0B78000212046FDF72DFE012141
:10F8B00006462046FFF788F92860002800F0AA8055
:10F8C00016B1019BF3600196E3681A78452A40F06F
:10F8D000A1800133019DE360B9E7531CC3605378F5
:10F8E000472B02D0542B40F099802046FFF75CFD57
:10F8F0000546002D00F08E80E3681A78452A40F016
:10F9000089805A1CE2605A78732A00F0AD80642A1C
:10F9100000F089802046FFF781FF034628B3027874
:10F92000472A22D0492A20D01F464FF0FF362046D2
:10F93000FDF77EFE00286DD0731C08BF3B4614D037
:10F94000D4E905239A4280F2B080216902EB82005B
:10F9500001EB800301324FF0000CC3E901CC62617E
:10F96000482201F82020C3E903762A78032A05D12A
:10F970002A691178292904BF0021D1602A46022171
:10F9800081E7D0E9053102328B42C26080F2888083
:10F99000026903EB8305A9000133436102EB85058E
:10F9A0000023C5E901335354414A0323C5E9032326
:10F9B0002046FEF77BFE2A46034601212046FDF73E
:10F9C000CDFCE26AE3680332E2621A78492A05460E
:10F9D0007FF43DAFF0B1D4E908218A421ADAE16937
:10F9E00041F82200013222621A78493A012A0FD8DE
:10F9F00041E778B1D4E908218A420BDAE16941F89C
:10FA00002200013222621A78493A012A7FF633AF86
:10FA1000002336E70025284603B0F0BD002100F0A2
:10FA20004BF8054665E79A1CE2609A785F2A39D060
:10FA30006E2AEFD02046FDF709FD461CEAD4E368A4
:10FA40001A785F2AE6D10133E3602046FFF7E6FE2D
:10FA5000074600283FF474AF3B78472B3FF470AF64
:10FA6000492B3FF46DAF62E70233E3602046FDF7B8
:10FA7000DFFD0028CED0D4E905239A4215DA2169AA
:10FA800002EB820398000132626101EB83030022E2
:10FA9000C3E901220A5407490E22C3E9031264E7AD
:10FAA000002585E703330026CEE700235DE700BF8E
:10FAB000843E0020743E002070B505460E46FFF7D8
:10FAC000ADFE00B304460EB3AB68DB071ED423784B
:10FAD0004E2BA3F11C01A3F150023AD037D80429D0
:10FAE00037D9022B10D123696BB11A784E2AA2F1B3
:10FAF0001C00A2F1500102D03DD8042804D8DB68D4
:10FB00002361002BF1D10024204670BDEB681B78E7
:10FB1000002BF9D0452BF7D021460B78042B2DD0A4
:10FB20001ED8022B1AD109690029F6D12846FEF702
:10FB3000DFFC0028E7D016B92378022B32D0034629
:10FB4000224628460321BDE87040FDF707BC012A84
:10FB5000DAD8E468BBE71C3B042B08D90021E5E7B1
:10FB60004E2BA3F1500202D0F5D9012AF6D8C9686C
:10FB70000029D2D1DAE70129C6D8C0E7CB685BB14A
:10FB80001978082901F1FF3208D80629E6D8012A98
:10FB900002D81B69002BF3D10121C7E7353918BF03
:10FBA0000121C3E70378292B08BFC660C7E700BF60
:10FBB0002DE9F04F044695B0002A66D0D0F81851D0
:10FBC000002D65D117781646512F5ED8DFE817F063
:10FBD0005C091B011B01EE049808DE024A04970031
:10FBE0008B00F908D208A603B80191016A01470702
:10FBF0002007F906E307BC0795076E077F03230478
:10FC0000F8039900990099006300630063006300A2
:10FC1000630063006300C500C500630063008709DB
:10FC20008300C8048D06AF006B06AF00E600E60057
:10FC3000580334030A0331085D000A0863064606C8
:10FC4000EB055D0020095D005D002A012A015504D5
:10FC50005E085808BA0478044F05C4059D0576056A
:10FC60005D00A4027D0256020A02DF016300CD039B
:10FC700063006300D4F824110029C1F22584FDF744
:10FC8000FBFC0246002841F01F840123C4F8183110
:10FC900015B0BDE8F08F0022D4F814310493D4F8E5
:10FCA0001031079304ABC4F8143100230596069372
:10FCB000002A01F0E6871121204601F0F3FF069BA0
:10FCC000002B01F0E982049BC4F81431002DDFD031
:10FCD000C4F81081DCE7F2681121204615B0BDE8B8
:10FCE000F04F01F0DFBFD0F80011FF2901F05F8570
:10FCF0004A1C7E23C4F80021635484F8043132691D
:10FD0000EAE7D0F814C1BCF1000F0ED06346996841
:10FD100041B95A681278A2F11900022801F2EF8461
:10FD20009742D8D01B68002BF1D1F2682BE0D0E9C4
:10FD3000443104AAC0F814210022CDE90416069229
:10FD400011213269079301F0ADFF069B002B01F0F2
:10FD5000C384049BC4F814319AE7D268D0F82051C8
:10FD60001378002D41F07083052B01F0D2851046E9
:10FD7000232B01F0D8829F4201F0D582242B01F081
:10FD80000A86D4F814C1D4F81031079304ABC4F830
:10FD900014310023CDE904C606938CE7D26812B172
:10FDA000112101F07FFF3369002B3FF471AFD4F8CC
:10FDB0000051FD2D01F2A784DFF884832C2708F180
:10FDC000010A4FF0000929460BE00B460131D045EE
:10FDD000C4F80011E75484F8047101F0648218F843
:10FDE000017FFF29F1D1D4F80831D4F80C2184F82F
:10FDF000FF9020469847D4F828310133C4F82831C1
:10FE000001210023E3E7D268112101F04BFFC7492C
:10FE10002046FDF71BFD37693B78482B01F08B80AE
:10FE20003A4659E7D2681378272B41F05A83D368B2
:10FE30001D7C062D01F27D82002D41F01C85D4F839
:10FE40000011FF2901F0F0844B1CC4F80031282375
:10FE500063542046112184F8043101F023FFD4F8C3
:10FE60000011FF2901F0F7844B1CC4F8003129234D
:10FE7000635484F8043133783E2B01F0E684082D76
:10FE80007FF43DAF5B212046FDF758FC112132691C
:10FE9000204601F007FF5D21204615B0BDE8F04F78
:10FEA000FDF74CBCA24FD0F8001107F10F097425E3
:10FEB0004FF000080BE00B4601314F45C4F800112C
:10FEC000E55484F804513FF406AF17F8015FFF29A9
:10FED000F1D1D4F80831D4F80C2184F8FF80204601
:10FEE0009847D4F828310133C4F828310121002380
:10FEF000E3E7904FD0F8001107F1110974254FF096
:10FF000000080BE00B460131B945C4F80011E55477
:10FF100084F804513FF4DFAE17F8015FFF29F1D1F7
:10FF2000D4F80831D4F80C2184F8FF802046984793
:10FF3000D4F828310133C4F8283101210023E3E744
:10FF40007D4FD0F8001107F10C0974254FF000081F
:10FF50000BE00B4601314F45C4F80011E55484F81D
:10FF600004513FF4B8AE17F8015FFF29F1D1D4F87E
:10FF70000831D4F80C2184F8FF8020469847D4F843
:10FF800028310133C4F8283101210023E3E76B4F06
:10FF9000D268112101F086FE07F10409D4F800119E
:10FFA0005B254FF000080BE00B460131B945C4F862
:10FFB0000011E55484F8045100F0F38717F8015F4D
:10FFC000FF29F1D1D4F80831D4F80C2184F8FF804E
:10FFD00020469847D4F828310133C4F8283101214C
:10FFE0000023E3E7D2F80CA05146FDF7E5FB4FF004
:10FFF000000810B901F020BDC84603782F2B08F186
:02000004600298
:10000000010941F08781C368002B01F083810069F9
:100010000028F1D103E001354D45BFF639AEC4F8F3
:10002000245152461121204601F03CFEA845F2DD44
:10003000434FD4F8001107F1010B2C260AE00B46C0
:100040000131BB45C4F80011E65484F80461E2D0E4
:1000500017F8016FFF29F2D14FF00002D4F80831F0
:1000600084F8FF202046D4F80C219847D4F8283192
:100070000133C4F8283101210023E2E7314FD0F8E1
:10008000001107F119096E254FF000080BE00B462F
:100090000131B945C4F80011E55484F804513FF426
:1000A0001AAE17F8015FFF29F1D1D4F80831D4F85E
:1000B0000C2184F8FF8020469847D4F8283101337A
:1000C000C4F8283101210023E3E71F4FD0F80011C5
:1000D00007F1150974254FF000080BE00B460131BC
:1000E000B945C4F80011E55484F804513FF4F3AD68
:1000F00017F8015FFF29F1D1D4F80831D4F80C21A9
:1001000084F8FF8020469847D4F828310133C4F89A
:10011000283101210023E3E70C4FD0F8001107F14B
:100120000D097B254FF000081EE000BF903E002027
:10013000303F00201C3F00200C3F0020883E002064
:1001400030400020FC3F00200040002004410020FF
:100150000B4601314F45C4F80011E55484F80451B1
:1001600000F0398717F8015FFF29F1D1D4F8083181
:10017000D4F80C2184F8FF8020469847D4F8283121
:100180000133C4F8283101210023E3E7D0F82031FE
:10019000002B01F08E81D34FD0F8001107F1040934
:1001A00061254FF000080BE00B460131B945C4F85A
:1001B0000011E55484F8045101F04A8117F8015FF9
:1001C000FF29F1D1D4F80831D4F80C2184F8FF804C
:1001D00020469847D4F828310133C4F8283101214A
:1001E0000023E3E7D768C04ED7F80880D0F80011A5
:1001F00006F1070A6F254FF000090BE00B460131AD
:10020000B245C4F80011E55484F8045100F0268783
:1002100016F8015FFF29F1D1D4F80831D4F80C2188
:1002200084F8FF9020469847D4F828310133C4F869
:10023000283101210023E3E7D2E9032512B111217E
:1002400001F030FDD4F80011FF2901F06D824A1C45
:100250007B23C4F80021204663542A46112184F8E8
:10026000043101F01FFDD4F80011FF2900F0E686EB
:100270004A1C7D23C4F80021635484F8043107E547
:100280009A4FD0F8001107F11D0974254FF00008AE
:100290000BE00B460131B945C4F80011E55484F870
:1002A00004513FF418AD17F8015FFF29F1D1D4F8DC
:1002B0000831D4F80C2184F8FF8020469847D4F800
:1002C00028310133C4F8283101210023E3E7884FA6
:1002D000D0F8001107F1140972254FF000080BE067
:1002E0000B460131B945C4F80011E55484F80451B6
:1002F00000F0F48617F8015FFF29F1D1D4F8083136
:10030000D4F80C2184F8FF8020469847D4F828318F
:100310000133C4F8283101210023E3E7754FD0F8F9
:10032000001107F1170963254FF000080BE00B4699
:1003300001314F45C4F80011E55484F8045100F030
:100340007C8717F8015FFF29F1D1D4F80831D4F880
:100350000C2184F8FF8020469847D4F828310133D7
:10036000C4F8283101210023E3E7634FD26811214B
:1003700001F098FC07F10709D4F8001120254FF08F
:1003800000080BE00B460131B945C4F80011E554F3
:1003900084F8045100F0058617F8015FFF29F1D1B8
:1003A000D4F80831D4F80C2184F8FF80204698470F
:1003B000D4F828310133C4F8283101210023E3E7C0
:1003C000D2E90353002B3FF463AC2B44D0F8001167
:1003D000013D5F1E4FF0000809E00B460131AF42BE
:1003E000C4F80011E65484F804613FF451ACFF29CD
:1003F00015F8016FF1D1D4F80831D4F80C2184F844
:10040000FF8020469847D4F828310133C4F82831BA
:1004100001210023E3E7394FD0F8001107F110095B
:1004200068254FF000080BE00B460131B945C4F8D0
:100430000011E55484F804513FF44DAC17F8015F06
:10044000FF29F1D1D4F80831D4F80C2184F8FF80C9
:1004500020469847D4F828310133C4F828310121C7
:100460000023E3E7D568002D40F0A187244920460A
:1004700015B0BDE8F04FFDF7E9B91121D26801F0E0
:1004800011FCD4F80011FF2901F06E814A1C2823C9
:10049000C4F80021635484F80431326911212046E4
:1004A00001F000FCD4F80011FF2901F02C804A1C57
:1004B0002923C4F80021635484F80431FFF7E8BB12
:1004C000D268104904A809F039F804A80DF006FF15
:1004D00000283FF4DDAB04ADD4F800112F184FF025
:1004E00000081BE0A83E002034400020B03E002061
:1004F000D03F0020E83E002014410020E83F0020CB
:10050000A4400020443E00200B460131AF42C4F815
:100510000011E65484F804613FF4BAABFF2915F8E2
:10052000016BF1D1D4F80831D4F80C2184F8FF80A4
:1005300020469847D4F828310133C4F828310121E6
:100540000023E3E7D0F80011157BFF2901F01E819D
:100550004B1CC4F80031655484F80451FFF798BB74
:10056000D268CAB1D0F8141104ABC0F8143100231A
:10057000CDE9041606931121D0F81031079301F04C
:1005800091FB069B049AC4F81421002B7FF480ABE6
:1005900020212046FDF7D2F8D4F81431324611213B
:1005A000204615B0BDE8F04F01F0C6BED768D0F8C0
:1005B00014910022C0F81421002F3FF466AB0DF116
:1005C0001008D0F810C1434611469646C3E90027EB
:1005D000C3E902EC3A784E2A9A46A2F11C0BA2F12A
:1005E000500001F1010500F0888600F2ED84BBF1B6
:1005F000040F40F28286022AC4F8143114D13F69F4
:100600003A78482A01F0508208EB01114FF0000AB5
:100610004E2AA2F15003A2F11C0000F0878700F2DD
:100620008287042840F28287042A04D1CDE902C7D8
:1006300002ABC4F8103132691121204601F032FBBF
:100640003B78042B02D1029BC4F8103108EB05184B
:10065000202758F8086C013D002E00F03B86A8F1D9
:100660001008002DF5D1C4F81491FFF711BBAB4F62
:10067000D0F8001107F1090964254FF000080BE0DC
:100680000B4601314F45C4F80011E55484F804517C
:1006900000F0FF8517F8015FFF29F1D1D4F8083188
:1006A000D4F80C2184F8FF8020469847D4F82831EC
:1006B0000133C4F8283101210023E3E7984FD0F833
:1006C000001107F107097B254FF000080BE00B46EE
:1006D00001314F45C4F80011E55484F8045100F08D
:1006E000468517F8015FFF29F1D1D4F80831D4F815
:1006F0000C2184F8FF8020469847D4F82831013334
:10070000C4F8283101210023E3E7864FD0F8001117
:1007100007F11B0967254FF000080BE00B4601317C
:10072000B945C4F80011E55484F804513FF4D3AA44
:1007300017F8015FFF29F1D1D4F80831D4F80C2162
:1007400084F8FF8020469847D4F828310133C4F854
:10075000283101210023E3E7734FD0F8001107F19E
:100760001C0967254FF000080BE00B460131B94525
:10077000C4F80011E55484F804513FF4ACAA17F80A
:10078000015FFF29F1D1D4F80831D4F80C2184F8A5
:10079000FF8020469847D4F828310133C4F8283127
:1007A00001210023E3E713691B78392B7FF46DAA3D
:1007B000D268D3681B685978632901F0818032467A
:1007C0001121204602F016FB00287FF461AA324670
:1007D0001121204602F038FC00287FF459AAF36862
:1007E0001A78322A01F0DD81DB68504918680BF075
:1007F00049FB336920B9DA681178032901F00082D6
:10080000DA681121204602F087FAF5684849EB685A
:100810001F6838460BF036FB002801F0E1814349A0
:1008200038460BF02FFB002841F0F8813369112185
:100830001A69204602F070FAF3681A78322A7FF4B7
:1008400027AADB689A68012A7FF422AA5B681B78D2
:100850003E2B7FF41DAA2921FFF71EBBD2E90375A9
:100860003B78322B00F0B186342B41F00D822821E9
:10087000FCF764FF20461121FA6801F013FA2921E0
:100880002046FCF75BFF2A461121204615B0BDE843
:10089000F04F02F041BAD2681121204615B0BDE8F0
:1008A000F04F02F03DB8B2F91230002B40F01B8738
:1008B000F268204BD16899420FD01121204601F0F7
:1008C000F1F9D4F80011FF2901F0BE8020234A1C61
:1008D000C4F80021635484F80431B6F91080B8F1EB
:1008E000000F00F040851449C1E5D0F814C1D0F8DC
:1008F000103107930DF110080023E146CDF810C028
:10090000C0F8148105920693BCF1000F01F03D81FF
:1009100001276546BE469446464628E0944000209E
:10092000F4400020D4400020B4400020504000207B
:1009300054400020AC37002020400020AB68A3B911
:10094000032F3FF6A2A914AB03EB071B95E80F009A
:10095000ABF1400A8AE80F004BF8406C08EB071631
:10096000C4F814610137C5F808E02D6825B16B683B
:100970001B78193B022BE1D9DCF81020112120460D
:10098000664601F08FF9069BC4F81491002B7FF4A2
:100990007FA9012F0CD008EB071858F80C2C013F49
:1009A0001121204601F0ACF9012FA8F11008F4D173
:1009B000D4F8143132461121204601F0CDFEFFF764
:1009C00067B9C64FD0F8001107F1190963254FF038
:1009D00000080BE00B460131B945C4F80011E5549D
:1009E00084F804513FF477A917F8015FFF29F1D18A
:1009F000D4F80831D4F80C2184F8FF8020469847B9
:100A0000D4F828310133C4F8283101210023E3E769
:100A1000B34FD0F8001107F1100976254FF0000808
:100A20000BE00B460131B945C4F80011E55484F8D8
:100A300004513FF450A917F8015FFF29F1D1D4F810
:100A40000831D4F80C2184F8FF8020469847D4F868
:100A500028310133C4F8283101210023E3E7A14FF5
:100A6000D0F8001107F114096E254FF000080BE0D3
:100A70000B460131B945C4F80011E55484F804511E
:100A80003FF429A917F8015FFF29F1D1D4F8083103
:100A9000D4F80C2184F8FF8020469847D4F82831F8
:100AA0000133C4F8283101210023E3E78E4FD0F849
:100AB000001107F1180954254FF000080BE00B4610
:100AC0000131B945C4F80011E55484F804513FF4EC
:100AD00002A917F8015FFF29F1D1D4F80831D4F841
:100AE0000C2184F8FF8020469847D4F82831013340
:100AF000C4F8283101210023E3E77C4FD0F800112E
:100B000007F1150954254FF000080BE00B460131A1
:100B1000B945C4F80011E55484F804513FF4DBA84A
:100B200017F8015FFF29F1D1D4F80831D4F80C216E
:100B300084F8FF8020469847D4F828310133C4F860
:100B4000283101210023E3E7694FD0F8001107F1B4
:100B5000120967254FF000080BE00B460131B9453B
:100B6000C4F80011E55484F804513FF4B4A817F810
:100B7000015FFF29F1D1D4F80831D4F80C2184F8B1
:100B8000FF8020469847D4F828310133C4F8283133
:100B900001210023E3E7574FD0F8001107F10E09B8
:100BA0006A254FF000080BE00B460131B945C4F847
:100BB0000011E55484F804513FF48DA817F8015F43
:100BC000FF29F1D1D4F80831D4F80C2184F8FF8042
:100BD00020469847D4F828310133C4F82831012140
:100BE0000023E3E7444FD0F8001107F108096F250F
:100BF0004FF000080BE00B460131B945C4F8001175
:100C0000E55484F8045100F0958217F8015FFF293C
:100C1000F1D1D4F80831D4F80C2184F8FF802046B3
:100C20009847D4F828310133C4F828310121002332
:100C3000E3E7314FD0F8001107F108096F254FF0B5
:100C400000080BE00B460131B945C4F80011E5542A
:100C500084F804513FF453A817F8015FFF29F1D13C
:100C6000D4F80831D4F80C2184F8FF802046984746
:100C7000D4F828310133C4F8283101210023E3E7F7
:100C8000D268112101F00EF8FFF739B81B4FD0F8E8
:100C9000001107F10D096A254FF000080BE00B4623
:100CA0000131B945C4F80011E55484F804513FF40A
:100CB00012A817F8015FFF29F1D1D4F80831D4F850
:100CC0000C2184F8FF8020469847D4F8283101335E
:100CD000C4F8283101210023E3E700BF5C3F002076
:100CE000483F0020443F0020B43F00209C3F0020AC
:100CF000883F0020783F00204040002084400020B2
:100D00000023D0F81481D0F84871C4F8482111218B
:100D1000C0F81431D26800F0C5FF94F804313C2BC0
:100D200000F07C85D4F80011FF2900F067854B1C8A
:100D3000C4F800313C23635484F804313269112132
:100D4000204600F0AFFF94F804313E2B00F05085B0
:100D5000D4F80011FF2900F03B854B1CC4F800318A
:100D60003E23635484F80431C4F81481C4F84871F4
:100D7000FEF78EBFC44FD0F8001107F107095625C2
:100D80004FF000080BE00B4601314F45C4F800114D
:100D9000E55484F804513EF49EAF17F8015FFF2933
:100DA000F1D1D4F80831D4F80C2184F8FF80204622
:100DB0009847D4F828310133C4F8283101210023A1
:100DC000E3E7B24FD0F8001107F10A0976254FF09A
:100DD00000080BE00B460131B945C4F80011E55499
:100DE00084F804513EF477AF17F8015FFF29F1D181
:100DF000D4F80831D4F80C2184F8FF8020469847B5
:100E0000D4F828310133C4F8283101210023E3E765
:100E100013691A783B2A7EF438AF1B691B783C2B88
:100E20007EF433AF3246112101F0E4FF00287EF456
:100E30002FAF32461121204602F006F900287EF439
:100E400027AFD6E90383D3E90363D8F80C20904990
:100E50001068D3E903750BF015F8002840F0E5861B
:100E600032462046112101F057FF4246204611210B
:100E700001F056FD20463A46112101F04DFF85490B
:100E80002046FCF7E3FCFEE4D2E90353002B3EF4DA
:100E9000FFAE2B44D0F80011013D5F1E4FF000085B
:100EA00009E00B460131AF42C4F80011E65484F862
:100EB00004613EF4EDAEFF2915F8016FF1D1D4F8CD
:100EC0000831D4F80C2184F8FF8020469847D4F8E4
:100ED00028310133C4F8283101210023E3E7D26827
:100EE000D2E90053002B3EF4D3AE2B44D0F80011CE
:100EF000013D5F1E4FF0000809E00B460131AF4293
:100F0000C4F80011E65484F804613EF4C1AEFF2930
:100F100015F8016FF1D1D4F80831D4F80C2184F818
:100F2000FF8020469847D4F828310133C4F828318F
:100F300001210023E3E758492046FCF787FC3A6982
:100F40005649013204A808F0F9FA04A80DF0C6F9D0
:100F5000002800F0FB8304ADD4F8001105EB000974
:100F60004FF0000809E00B460131A945C4F8001113
:100F7000E65484F8046100F0E983FF2915F8016B59
:100F8000F1D1D4F80831D4F80C2184F8FF80204640
:100F90009847D4F828310133C4F8283101210023BF
:100FA000E3E711213269204600F07CFED4F80011FD
:100FB000FF2900F099824A1C5D23C4F80021635484
:100FC00084F80431FEF764BE012840F29681C4F82B
:100FD0001431FFF730BBF2683049013204A808F041
:100FE000ADFA04A80DF07AF918B304ADD4F80011E5
:100FF0002F184FF0000808E00B460131AF42C4F84B
:101000000011E65484F8046115D0FF2915F8016B2E
:10101000F2D1D4F80831D4F80C2184F8FF802046AE
:101020009847D4F828310133C4F82831012100232E
:10103000E4E7D4F80011FF297FF41AA90025D4E9C8
:10104000423284F8FF5020469847D4F828310122D4
:101050001344C4F828312946FFF70BB97D682B7873
:10106000613B192B40F22D8308F1FF37EB5D202BFC
:1010700018BF4746002F3EF40BAE013DD4F80011D7
:101080002F444FF0000815E0DC3E0020D03E002049
:10109000584000205C400020943E0020443E002048
:1010A0000B460131AF42C4F80011E65484F80461E4
:1010B0003EF4EEADFF2915F8016FF1D1D4F80831F7
:1010C000D4F80C2184F8FF8020469847D4F82831C2
:1010D0000133C4F8283101210023E3E7CC4F326902
:1010E0001121204600F0DEFD07F10409D4F80011BB
:1010F00020254FF000080BE00B460131B945C4F83C
:101100000011E55484F804513EF4E5AD17F8015F91
:10111000FF29F1D1D4F80831D4F80C2184F8FF80EC
:1011200020469847D4F828310133C4F828310121EA
:101130000023E3E7D4F8483133B1D4F81011049117
:1011400004AAC4F810210593F2681378042B00F068
:1011500007821121204600F0A5FDD4F84831002B6C
:101160003EF496AD049BC4F81031FEF791BDD4F85F
:101170002031F268A74F0133C4F8203111212046F5
:1011800000F090FDD4F82031D4F80011013BC4F8F0
:10119000203107F1010929254FF000080AE00B462C
:1011A00001314F45C4F80011E55484F8045113D0BF
:1011B00017F8015FFF29F2D1D4F80831D4F80C21D7
:1011C00084F8FF8020469847D4F828310133C4F8CA
:1011D000283101210023E4E732698F49013204A854
:1011E00008F0ACF904A80DF079F800283FF421AF1D
:1011F00004ADD4F800112F184FF0000809E00B4699
:101200000131BD42C4F80011E65484F804613FF492
:1012100012AFFF2915F8016BF1D1D4F80831D4F8D9
:101220000C2184F8FF8020469847D4F828310133F8
:10123000C4F8283101210023E3E7784FF268112137
:10124000204600F02FFD07F10309D4F800112D25E9
:101250004FF000080BE00B460131B945C4F800110E
:10126000E55484F804513EF44AAD17F8015FFF29B4
:10127000F1D1D4F80831D4F80C2184F8FF8020464D
:101280009847D4F828310133C4F8283101210023CC
:10129000E3E7F268FFF702B932461121204600F079
:1012A0002FFDFEF710BD3269D4F828610D462046A7
:1012B000112100F0F7FCD4F82831B3427EF4E8ACF9
:1012C000D4F800319D427EF4E3AC023DC4F80051F5
:1012D000FEF7DEBCD4F80011FF2900F05F834B1C41
:1012E000C4F8003158F80C2C6754204684F8047177
:1012F000112100F005FDFFF7B2B9FF685246002F3B
:1013000000F0AC84042D03F1100300F0F1812946B4
:10131000FFF75CB9B8F1000F3EF4BAACC14608F172
:10132000FF38FEF77CBED4F814C1C2680646FEF74B
:101330002ABD072D7EF483AD3369197800297EF428
:101340007EAD196901297EF47AAD3D2F7EF477AD2B
:10135000DB681B78302B00F09D84312B7EF46FAD61
:101360002F49FFF784B82F4ED4F80011771D5F2561
:101370000BE00B460131B742C4F80011E55484F884
:1013800004513EF485AC16F8015FFF29F1D1D4F881
:101390000831D4F80C2184F8FF8020469847D4F80F
:1013A00028310133C4F8283101210023E3E71E4925
:1013B000FCF74CFA18492A4604A808F0BFF804A81C
:1013C0000CF08CFF90B304ADD4F800112F184FF03F
:1013D000000808E00B460131BD42C4F80011E65494
:1013E00084F8046124D0FF2915F8016BF2D1D4F8F8
:1013F0000831D4F80C2184F8FF8020469847D4F8AF
:1014000028310133C4F8283101210023E4E700BF6B
:10141000C83F002000410020443E0020043F00203F
:101420007C40002028400020AC400020D4F800116F
:10143000FF2900F0F3827D234A1CC4F80021635485
:1014400084F80431FEF724BC10460025FEF790BC5A
:10145000F268C249013204A808F070F804A80CF040
:101460003DFF00283EF414AC04ADD4F800112F1851
:101470004FF0000809E00B460131BD42C4F80011ED
:10148000E65484F804613EF403ACFF2915F8016BBF
:10149000F1D1D4F80831D4F80C2184F8FF8020462B
:1014A0009847D4F828310133C4F8283101210023AA
:1014B000E3E71146FCF764F9024600283EF4E5AB89
:1014C00003782F2B3EF4D6ABD4F810512B68C4F818
:1014D00010311121204600F0E5FBC4F81051FEF751
:1014E000D7BB0025FEF7ABBC0025D4E9423284F817
:1014F000FF5020469847D4F8283101221344C4F8FD
:101500002831294658E50025D4E9423284F8FF50B5
:1015100020469847D4F8283101221344C4F82831D2
:101520002946FEF7C5BF012B3FF685A8042D3EF4E2
:10153000ACAB8E4601F1100B0FC98BE80F00CEE962
:10154000017AFF68CEF810E00135CEF80CC059469C
:10155000C4F814B1002F3EF498AB3A78FFF758B8AE
:10156000D2681121204600F09DFBD4F8483113B118
:10157000049BC4F8103194F804313C2B00F0BE8277
:10158000D4F80011FF2900F0A9824A1C3C23C4F8BA
:101590000021635484F80431F36811211A6920464C
:1015A00000F080FB94F804313E2B00F09282D4F8D6
:1015B0000011FF2900F07F823E234A1CC4F800215D
:1015C000635484F80431FEF763BBFB681E6833780C
:1015D000612B40F092807278642A40F08E80B2785D
:1015E000002A40F08A802A78032A00F08C82392A67
:1015F00000F09482732B11D172785A2A35D1B278C7
:101600009ABB29462046FCF7D7F8FCF703F80146B9
:10161000204615B0BDE8F04FFCF77CB93A461121E1
:10162000204601F07DF93378672B07D17278732A51
:1016300004D1B27812B92A46FEF74EBB732B7FF461
:1016400022A97378742B7FF41EA9B378002B7FF442
:101650001AA928212046FCF771F811212A462046B4
:1016600000F020FB2921FEF717BC732BD6D173782D
:10167000502BD3D1B378002BD0D11E4604E00136D5
:101680002D69002D00F09A812B782F2B40F0968148
:10169000EB68002B00F092811A784C2AEFD1D968C0
:1016A0002046FCF789F8034648B1002304E0C268ED
:1016B0002AB10069013310B102782F2AF7D01E44F5
:1016C000DEE7FF2900F0D1814B1CC4F80031202354
:1016D000635484F80431C7E432461121204600F0F7
:1016E0000FFBFEF736BB1E49FCF7B0F8FFF7E0B87A
:1016F0000123C4E945A3FEF7CBBA2A7877E7F2685D
:101700000D46FEF740BB002767552946D4E9423213
:1017100020469847D4F82831C4F800710133C4F842
:1017200028313D46FEF748BB0026D4F80831D4F8EE
:101730000C2184F8FF6020469847D4F82831012214
:101740001344C4F828313146FEF782BD05492046CE
:10175000FCF77CF8FF683A46FEF7BEBA443E00202C
:1017600018400020A43E00200025D4F80831D4F809
:101770000C2184F8FF5020469847D4F828310122E4
:101780001344C4F828312946FEF781BE0026D0F85C
:101790000831D0F80C2180F8FF609847D4F8282150
:1017A00001231A44C4F828213146FEF7D2BE002591
:1017B000D0F80831D0F80C2180F8FF509847D4F8C1
:1017C000283101221344C4F828312946FEF791BA82
:1017D0000025D4E9423284F8FF5020469847D4F8D7
:1017E00028310133C4F8283129460123FFF7B6BA5E
:1017F00020212046FBF7A2FFFFF7AABA0025D4E973
:10180000423284F8FF5020469847D4F828310133FB
:10181000C4F8283129460123FFF78ABA202120463F
:10182000FBF78CFFFFF77EBA0027D4E9423284F839
:10183000FF7020469847D4F82831F2680133C4F885
:10184000283139460123FEF700BB2D212046FBF746
:1018500075FFFEF714BB0027D4E9423284F8FF700D
:1018600020469847D4F828310133C4F82831394646
:101870000123FEF7FABA33691B78002B7EF4DFAA46
:101880003E2F00F0F681326911212046023D00F022
:1018900009FA042D3EF6FCA9DFE805F00F0C090655
:1018A0000300C849FEF7E3BDC749FEF7E0BDC749DD
:1018B000FEF7DDBD6C21FEF7EFBA7521FEF7ECBA3D
:1018C0001B78732B0AD0633BDBB20F2B3EF677AF4E
:1018D000BF4951F82330002B3EF471AF112120464F
:1018E00001F01EF83C212046FBF728FF3369112147
:1018F000DA68204600F0D6F9B6492046FBF7A6FF85
:10190000336911211A69204600F0CCF92921FEF72C
:10191000C3BAD0F834C1BCF1000F40F30781D0F84E
:1019200030E12B46704604E0634500F1080000F00A
:10193000FD805EF833108A4203F10103F4D1D4F83C
:101940002CC16346BCF1000F04D19DE05B68002B05
:1019500000F09A801968914203D0B142F6D19C45BB
:10196000F4D0114620460192FBF70AFF019A0028A5
:101970003EF48BA903782F2B7EF4FAA9D4F8241116
:101980000029FEF6FEA9FBF777FE002800F06A8129
:101990000378FEF7EDB9C268FEF77EB9D4F80831D6
:1019A000D4F80C2184F8FF6020469847D4F82831F9
:1019B0000133C4F828313146012391E48649324687
:1019C00004A807F0BBFD04A80CF088FC00283EF436
:1019D0005FA904ADD4F800112F184FF0000809E0FA
:1019E0000B460131AF42C4F80011E65484F804619B
:1019F0003EF44EA9FF2915F8016BF1D1D4F8083156
:101A0000D4F80C2184F8FF8020469847D4F8283178
:101A10000133C4F8283101210023E3E70025D4E98C
:101A2000423284F8FF5020469847D4F828310133D9
:101A30002946C4F82831FEE411212046524601F01F
:101A40006BF96649FEF713BD0025D4F80831D4F8C8
:101A50000C2184F8FF5020469847D4F828310133F0
:101A60002946C4F82831FEF731BF0026D4E94232B6
:101A700084F8FF6020469847D4F828317D68013308
:101A8000C4F8283131461FE64368D4F81081C4F801
:101A90001031114620460192FBF772FE019A002890
:101AA00000F0E380012565E7FF68002F3EF4EDA814
:101AB0003A78FEF7A9BD0025D4E9423284F8FF50F8
:101AC00020469847D4F8283101332946C4F82831F4
:101AD00072E520212046FBF731FE68E50025D4F8A9
:101AE0000831D4F80C2184F8FF5020469847D4F8E8
:101AF000283101332946C4F8283146E52021204603
:101B0000FBF71CFE3CE5EA68117801297FF472AD11
:101B100029690978292908BF15466BE5EA6811216A
:101B2000204601F0F9F83A46FEF7B6BED4F838314F
:101B300063457EF7AAA8D4F83011D4F810E101EB80
:101B4000CC030CF10100C4F83401043341F83C200B
:101B5000BEF1000F00F09280D4E95009944610E0E5
:101B6000D4F83C11DEF8042001EBC0010130C4F8C8
:101B700040014A601960DEF800E00B46BEF1000F3C
:101B80007BD08145ECDCFEF780B81269112100F0B2
:101B900089F8069BC4F81491002B3EF409AFFEF7B8
:101BA00077B8DA68916801297EF41EAE526812781F
:101BB0003E2A7EF419AE28212046FBF7BFFDF368CC
:101BC000FEF712BE704000206C40002068400020EC
:101BD000B42100204C400020443E0020A0400020C2
:101BE00020465B21FBF7AAFD336920461A691121C3
:101BF00000F058F85D212046FBF7A0FDFEF71CBE63
:101C00001369D2681B78292B1CBF0123C4F8183133
:101C10001121204601F080F8FEF7F7BD2A46112178
:101C2000204600F07DFEFEF701BE1C492046FBF772
:101C30000DFEF36843B111212046324601F06CF8E5
:101C400020212046FBF77AFD3A461121204600F07C
:101C500029F8002D7EF417AEFEF71AB8C4F8143137
:101C6000FEF713B8002D3EF410A8C4F81081FEF75B
:101C70000CB82D21FBF762FD05E6624600211960D4
:101C80006FE6F268FEF717B83A46112100F048FEF9
:101C9000FEF7F9BD0249FEF7EABB00BF6040002035
:101CA0007440002030B5054683B01AB35368012B49
:101CB00014461FDCD0F81C11B1F5806F1ADC01331B
:101CC00053600131D0F82C31C0F81C11C0F82CD170
:101CD0001121CDE90023FDF76BFF6268D5F81C31B7
:101CE0000199C5F82C11013A013B6260C5F81C311D
:101CF00003B030BD0123C5F8183103B030BD00BFBB
:101D00002DE9F8431378033B154604464E2B50D873
:101D1000DFE813F01C014F004F004F004F004F0051
:101D20004F004F004F004F004F004F004F004F003B
:101D30004F004F004F004F004F004F004F004F002B
:101D400055007C00A30055007C00A300EF00FC00C0
:101D5000090187022201300155017B014F004F002C
:101D60004F004F00A1014F00D1014F004F004F0025
:101D70004F004F004F004F004F004F004F004F00EB
:101D80004F004F004F004F004F004F004F004F00DB
:101D90004F004F004F004F004F004F004F004F00CB
:101DA0004F004F004F004F004F00F8014F0034022A
:101DB000C8002A461121BDE8F843FFF773BFD64E8D
:101DC000D0F8001106F1080720254FF000080BE0BD
:101DD0000B460131BE42C4F80011E55484F80451A9
:101DE00000F0C68016F8015FFF29F1D1D4F8083160
:101DF000D4F80C2184F8FF8020469847D4F8283185
:101E00000133C4F8283101210023E3E7C34ED0F8A1
:101E1000001106F1080720254FF000080BE00B46E3
:101E20000131B742C4F80011E55484F8045100F0C0
:101E30009F8016F8015FFF29F1D1D4F80831D4F85A
:101E40000C2184F8FF8020469847D4F828310133CC
:101E5000C4F8283101210023E3E7B14ED0F8001186
:101E6000771D20254FF000080AE00B460131B742EC
:101E7000C4F80011E55484F8045179D016F8015FD4
:101E8000FF29F2D1D4F80831D4F80C2184F8FF806E
:101E900020469847D4F828310133C4F8283101216D
:101EA0000023E4E79F4FD0F8001107F10509202631
:101EB0004FF000080BE00B460131B945C4F80011A2
:101EC000E65484F8046100F07F8117F8016FFF2960
:101ED000F1D1D4F80831D4F80C2184F8FF802046E1
:101EE0009847D4F828310133C4F828310121002360
:101EF000E3E7D0F80031FF2B00F0D0812022591CFD
:101F0000C0F80011C25480F8042127E0D0F8003155
:101F1000FF2B00F0B481591C2022C4F80011E254B8
:101F200084F8042128E0D0F80011FF2900F09781FF
:101F30004A1C2023C4F80021635484F804312A6920
:101F400020461121BDE8F843FFF7ACBEEA68112135
:101F5000BDE8F843FFF7A6BED0F80011FF2900F056
:101F6000BC814A1C2623C4F80021635484F8043140
:101F7000BDE8F883D0F800116B4D26266F1C4FF09A
:101F800000080AE00B460131BD42C4F80011E654D6
:101F900084F80461ECD015F8016FFF29F2D1D4F870
:101FA0000831D4F80C2184F8FF8020469847D4F8F3
:101FB00028310133C4F8283101210023E4E75B4EC6
:101FC000D0F8001106F1080720254FF000080AE0BC
:101FD0000B460131B742C4F80011E55484F80451AE
:101FE000C6D016F8015FFF29F2D1D4F80831D4F831
:101FF0000C2184F8FF8020469847D4F8283101331B
:10200000C4F8283101210023E4E7494ED0F800113B
:1020100006F10A0720254FF000080AE00B460131BF
:10202000B742C4F80011E55484F80451A0D016F862
:10203000015FFF29F2D1D4F80831D4F80C2184F8DB
:10204000FF8020469847D4F828310133C4F828315E
:1020500001210023E4E790F80431282B40F0D580DB
:10206000344EEA6811212046FFF71CFEB71CD4F855
:1020700000113A254FF000080BE00B460131B74242
:10208000C4F80011E55484F804513FF471AF16F818
:10209000015FFF29F1D1D4F80831D4F80C2184F87C
:1020A000FF8020469847D4F828310133C4F82831FE
:1020B00001210023E3E7204FD0F8001107F10909BF
:1020C00020264FF000080BE00B4601314F45C4F8C5
:1020D0000011E65484F8046100F0858017F8016F60
:1020E000FF29F1D1D4F80831D4F80C2184F8FF800D
:1020F00020469847D4F828310133C4F8283101210B
:102100000023E3E70D4ED0F8001106F1100720255B
:102110004FF0000820E000BF204100202C410020AB
:102120003841002060410020684100206C410020BF
:102130007841002084410020884100204041002057
:102140000B460131B742C4F80011E55484F804513C
:102150003FF40EAF16F8015FFF29F1D1D4F8083132
:10216000D4F80C2184F8FF8020469847D4F8283111
:102170000133C4F8283101210023E3E76D4FD0F883
:10218000001107F1080920264FF000080AE00B466D
:102190000131B945C4F80011E65484F8046113D044
:1021A00017F8016FFF29F2D1D4F80831D4F80C21C7
:1021B00084F8FF8020469847D4F828310133C4F8CA
:1021C000283101210023E4E72A69002A3FF4D0AE38
:1021D000FF2932D0481C2823C4F800016354112180
:1021E00084F8043101E0EA6811212046FFF75AFD26
:1021F000D4F80011FF2961D04A1C2923C4F800211A
:10220000635484F80431BDE8F883D0F80011FF2945
:1022100072D04A1C2023C4F80021635484F804318E
:102220001EE7D0F80011FF2976D04A1C2A23C4F8F3
:102230000021635484F804319AE60026D4F808316A
:10224000D4F80C2184F8FF6020469847D4F8283150
:102250002A690133C4F8283101203146BBE7002642
:10226000D0F80831D0F80C2180F8FF609847D4F8F6
:10227000283101221344C4F82831314659E600259B
:10228000194680F8FF50D0E942329847D4F82831F7
:1022900001210B44C4F828312B463DE60021D0E94A
:1022A000425280F8FF101946A847D4F8283120225E
:1022B0000133C4F828312270012152E60025D4E907
:1022C000423284F8FF5020469847D4F82831012242
:1022D0001344C4F8283129468FE70025D4E9423257
:1022E00084F8FF5020469847D4F82831012213443F
:1022F000C4F82831294635E60026D0F80831D0F850
:102300000C2180F8FF609847D4F82831012213444B
:10231000C4F8283131467DE70025D0E9423280F803
:10232000FF509847D4F8283101221344C4F82831CB
:1023300029467BE7544100202DE9F8430446164620
:102340001D469BB1714F01209A687AB95A6811787D
:102350001939C9B2122900FA01F204D83A4235D12A
:1023600012F4606F74D11B68002BEDD10023D4F8F8
:102370001471C4F814312A461121204600F0C8F81F
:10238000D4F80031FF2B4BD02822591CC4F800117F
:10239000E25484F8042132692AB111212046FFF762
:1023A00081FCD4F80011FF2976D04B1C2922C4F8F7
:1023B000003120466254012384F8042111212A4669
:1023C00000F0A6F8C4F81471BDE8F88394F804315D
:1023D000202B45D1D4F80011FF294ED04B1C4FF0D3
:1023E0002808C4F8003104F801804FF00009D4F83F
:1023F000147184F804811121C4F814914B462A46C3
:10240000204600F085F8D4F80011FF2953D04B1C6A
:102410002922FF2BC4F80031625484F80421B3D17F
:102420001946002384F8FF302046D4E94232984709
:10243000D4F828310133C4F828312823237084F8D4
:10244000043132690121C4F80011002AA5D1ACE79A
:1024500094F8043103F0FD02282ABBD0202BB9D018
:10246000D4F80031FF2B3ED0591C2022FF29C4F89C
:102470000011E25484F80421B0D10027D4E942329B
:1024800084F8FF7020469847D4F828310133C4F807
:10249000283139460123A2E70026D4E9423284F8E4
:1024A000FF6020469847D4F828310133C4F828311A
:1024B000314601237AE7D4E9423284F8FF9020467E
:1024C000984742F62903238084F80481D4F8283100
:1024D000326901330221C4F82831C4F80011002AFE
:1024E0007FF45BAF61E70022194684F8FF20D4F83F
:1024F0000871D4F80C212046B847D4F8283120229E
:102500000133C4F828312270012167E70731040044
:10251000002A00F0C2802DE9F047054688B01E462B
:1025200014460127D5F81821CAB9A2680ABB626807
:102530001178BEB1E368D5F81081A7602929C5F8E4
:10254000103124D02A292CD0022934D01121284638
:10255000FFF7D6FB2468C5F81081002CE2D108B043
:10256000BDE8F0874E2904D007D8A1F11C03042B45
:10257000E0D82468002CD5D1F1E750390129F8D9E9
:10258000E368D5F81081A760C5F81031DEE723684D
:1025900011212846FFF7D0FEC5F8108108B0BDE82C
:1025A000F08723681121284600F0D6F8C5F810817D
:1025B00008B0BDE8F087644ED5F81471D2684FF0CA
:1025C00000091121C5F814912846FFF76BFB06F1AD
:1025D000010AC5F81471D5F800113A270AE00B4634
:1025E00001315645C5F80011EF5485F8047113D038
:1025F00016F8017FFF29F2D1D5F80831D5F80C2162
:1026000085F8FF9028469847D5F828310133C5F85A
:10261000283101210023E4E763681C692378482BF3
:1026200017D04E2BA3F15002A3F11C010ED00BD8F2
:1026300004290BD9224611212846FFF733FBC5F8A0
:10264000108108B0BDE8F087012AF3D8E468237848
:10265000E7E73E4F7B2607F10C0A4FF000090AE03E
:102660000B4601315745C5F80011EE5485F8046159
:1026700014D017F8016FFF29F2D1D5F80831D5F839
:102680000C2185F8FF9028469847D5F8283101336A
:10269000C5F8283101210023E4E7704722692C495D
:1026A000013201A806F04AFF01A80BF017FE20B383
:1026B00001AED5F8001106EB000A4FF0000908E062
:1026C0000B4601315645C5F80011EF5485F80471E9
:1026D00015D0FF2916F8017BF2D1D5F80831D5F8CD
:1026E0000C2185F8FF9028469847D5F8283101330A
:1026F000C5F8283101210023E4E7D5F80011154F72
:102700007D2607F1020A4FF000090AE00B4601316D
:102710005745C5F80011EE5485F8046196D017F8B6
:10272000016FFF29F2D1D5F80831D5F80C2185F8D1
:10273000FF9028469847D5F828310133C5F828314D
:1027400001210023E4E700BF903E0020943E0020DA
:10275000443E0020A43E00202DE9F04704461746E1
:1027600053B11E469D687DB31B68002BFAD13246DB
:1027700011212046FFF7CCFED4F80031FF2B00F0EA
:102780009D80591C2022FF29C4F80011E25484F8CE
:10279000042127D05B224B1CC4F80031625484F81A
:1027A0000421FA682AB111212046FFF77BFAD4F8F8
:1027B0000031FF2B2FD0591C5D22C4F80011E254C8
:1027C00084F80421BDE8F0875B681B782A2B32D19E
:1027D00011212B4632462046FFF79AFED4F800110D
:1027E000FF29D7D10022D4F8083184F8FF202046F1
:1027F000D4F80C2198475B22D4F82831227084F851
:102800000421FA68591C0123C4F82811C4F80031C6
:10281000002AC8D1CFE70025194684F8FF50D4E933
:10282000423220469847D4F8283101210B44C4F89D
:1028300028312B46C0E7DFF8E480D4F800114FF0D0
:10284000200908F1010A0CE00B46D04501F1010115
:10285000C4F8001104F8039084F804911AD018F811
:10286000019FFF29F0D1D4F80831D4F80C2184F865
:10287000FF5020469847D4F828310133C4F8283156
:1028800000230121D045C4F8001104F8039084F816
:102890000491E4D11121002332462046FFF738FE8F
:1028A000D4F80011FF2926D04B1C2922FF2BC4F895
:1028B0000031625484F804217FF463AF002219468A
:1028C00084F8FF20D4F80851D4F80C212046A847FA
:1028D000D4F828315B2245F62031218084F8042188
:1028E000FA680133C4F828310223C4F80031002A01
:1028F0007FF459AF5FE70022D4F8083184F8FF2055
:102900002046D4F80C219847D4F8283129220133E5
:10291000C4F828312270012333E700BF9C40002017
:102920001178322902D01121FFF7BCB9D3682DE903
:10293000F041D3E9015767B32F44D0F800110446A2
:10294000013D013F4FF0000809E00B46BD4201F197
:102950000101C4F80011E65484F8046119D0FF297C
:1029600015F8016FF1D1D4F80831D4F80C2184F8AE
:10297000FF8020469847D4F828310133C4F8283125
:1029800000230121BD42C4F80011E65484F804611B
:10299000E5D1BDE8F08100BF2DE9F04F2DED028BB0
:1029A000E7B0037800AF5F2BC7E90021054600F0D0
:1029B0004481A9490822284606F0C6FC002800F0F8
:1029C00007814FF000090123B9F1020F7B640CBFAE
:1029D00045234623A9F1020A08EE103A5FFA8AFA63
:1029E00028460BF07BFC2B1842000021C7E903535B
:1029F000B2F5006F4FF01103C7E90535C7E90812BA
:102A0000C7E90B10C7E90D11C7E90F11B96400F24E
:102A10001B818300E84600EB80000733A8EBC00071
:102A2000854623F007036E46B9F1010FADEB030DA8
:102A3000FE61C7F828D040D0BAF1010F35D8EB7A43
:102A400005F10B045F2BBC6103D12B7B5A2B00F0EB
:102A5000B080002A40F3AB8020460BF03FFC0023FF
:102A60000122C6E901333A62002800F0A080C6E9DD
:102A7000034033700023324618EE101A07F10C00A1
:102A8000FAF76CFC064620460BF028FC2318BB61C5
:102A9000235C13B9002E40F0E1807B6C013340F0E1
:102AA000C38000237B64C5469AE707F10C00FBF75F
:102AB000A7F8BB6906461B78EBE72B785F2BECD1B8
:102AC0006B786A1C5A2BBA61E7D1AB78AA1C472BEA
:102AD000BA6100F09B80542B00F09880494607F1C2
:102AE0000C00FCF7E9FF7B69DB07064640F19780A5
:102AF000BA6913782E2BCCD1334616461A46737812
:102B0000A3F1610119294FF0000B45D95F2B43D088
:102B1000303B092B00F2FD80317834462E2912D14A
:102B20006378303B092B0ED8A378A3F13001A01CA9
:102B30000929044605D814F8013FA3F130010929F9
:102B4000F9D92E2BECD0D7E908139942BC61A4EB3C
:102B5000060067DAD7F81CC001EB810E0CEB8E0380
:102B600001310028C3E901BB39625BDDC3E901BB68
:102B70000CF82EB0C3E903604F2107F10C00FAF7FF
:102B8000EDFB23782E2B024640F0C1802646737859
:102B9000A3F161011929B9D8B31C1C4613F8011B14
:102BA000A1F161001928F8D95F29F6D0B6E700260F
:102BB00060E76B7B05F10D02472BBA6107F10C0052
:102BC00001D0542B1DD1FCF7EFFBBC69064651E741
:102BD0002B7A2E2B04D05F2B02D0242B7FF4F1AE66
:102BE0006B7A442B02D0492B7FF4EBAEAA7A5F2A92
:102BF0007FF4E7AE492B0CBF4FF002094FF00309F9
:102C0000E1E6FCF759FFBC69064633E707F10C0023
:102C1000FCF7CAFB7B69DB0706463FF569AFBB697A
:102C20001B7836E70023A7E7002007F5CE77C546D7
:102C3000BD46BDEC028BBDE8F08F43785A2B7FF484
:102C4000B8AE4FF00109BEE6084607F5CE77BD469F
:102C5000BDEC028BBDE8F08F9441002007F14C04DD
:102C60007A68C4F8082131463A68C4F80C21204635
:102C7000C4E94433C4E94933C4E94633C4E94D33B4
:102C8000C4E950337B60C4F8003184F80431C4F8DF
:102C90002031C4F82C31FAF753FCD4F81C217B689E
:102CA000B2F5006F01DAC4F81C31D4F83811D4F849
:102CB0004431012901FB03F33246B8BF01216E46BE
:102CC000A6EBC101012B8D46C4F844316846B8BF5C
:102CD0000123A0EBC3039D460025C4F83011204614
:102CE0001121C4F83CD1C4F84851FEF7DBFFD4F8F9
:102CF0000011D4F8083165542046D4F80C21B546AB
:102D00009847D4F81801B0FA80F040098DE70646DC
:102D1000BFE6164683E700BF70B51378012B82B07B
:102D20001546044603D9312B01D0062B38D1012694
:102D30006B68012B22DCD4F81C21B2F5806F1DDCFE
:102D4000013301326B601121D4F82C31C4F81C21FD
:102D5000C4F82CD12A46204601930095FCF728FFA1
:102D60006A68D4F81C310199C4F82C11013A013B6E
:102D70006A60C4F81C3136B102B070BD0123C4F8DA
:102D80001831002EF8D1D4F80011FF2915D04A1CB3
:102D90002923C4F80021635484F8043102B070BDC3
:102DA000D0F80011FF2916D04A1C2823C4F80021AE
:102DB0000026635484F80431BAE7D4E9423284F837
:102DC000FF6020469847D4F8283101221344C4F804
:102DD00028313146DCE70026D0E9423280F8FF6036
:102DE0009847D4F8283101221344C4F828313146D9
:102DF000DBE700BF2DE9F84FD368DB681B68197863
:102E0000662978D11269D0F82471D2E9038A9AF838
:102E100000203C2A4FF0FF3208BFDAE903A9C0F8CE
:102E200024215B7818BF4FF000096C2B044600F09A
:102E3000A28063D84C2B01D0522B57D1D4F800116B
:102E4000FF2900F0EB804B1CC4F8003128236354A9
:102E5000524684F8043111212046784EFFF75CFF7A
:102E6000112142462046FFF75BFD06F1020BD4F824
:102E700000112E254FF0000A0BE00B465E4501F1D4
:102E80000101C4F80011E55484F8045119D016F872
:102E9000015FFF29F1D1D4F80831D4F80C2184F86E
:102EA000FFA020469847D4F828310133C4F82831D0
:102EB000002301215E45C4F80011E55484F8045153
:102EC000E5D1424611212046FFF72AFD4A4611214D
:102ED0002046FFF721FFD4F80011FF297FD04A1CBC
:102EE0002923C4F80021635484F80431C4F8247100
:102EF0000120BDE8F88F0020BDE8F88F722BF5D1D6
:102F0000D0F80011FF297BD04B1CC4F800312823D6
:102F10006354524684F8043111212046484EFFF78D
:102F2000FBFE424611212046FFF7FAFC06F1030999
:102F3000D4F800112E254FF000080AE00B460131AD
:102F40004E45C4F80011E55484F80451CED016F86B
:102F5000015FFF29F2D1D4F80831D4F80C2184F8AC
:102F6000FF8020469847D4F828310133C4F828312F
:102F700001210023E4E7334DD0F80011282605F1A4
:102F8000030B4FF000090BE00B46AB4501F10101CB
:102F9000C4F80011E65484F8046119D015F8016FE3
:102FA000FF29F1D1D4F80831D4F80C2184F8FF902E
:102FB00020469847D4F828310133C4F8283100233B
:102FC0000121AB45C4F80011E65484F80461E5D151
:102FD000424611212046FFF7A3FC524677E7002521
:102FE000D4F80831D4F80C2184F8FF5020469847D3
:102FF000D4F8283101221344C4F8283129466FE758
:103000000025D0E9423280F8FF509847D4F82831A3
:103010000133C4F828312946012376E70025D4E995
:10302000423284F8FF5020469847D4F828310133C3
:10303000C4F828312946012306E700BFA04000203C
:103040006C3E0020643E0020137803F0FD03382B13
:1030500001D000207047D3682DE9F047DB681F6876
:103060003B78642B02D00020BDE8F0877B78692B89
:10307000044611D003F0DF03582BF4D1D0F800112F
:103080001369FF29D3E9035600F08E804B1CC4F866
:1030900000315B2363540CE0D0F800111369FF2961
:1030A000D3E9035600F0B1804B1CC4F800312E2345
:1030B000635484F804312A4611212046FEF7F2FDBC
:1030C0007B78582B3AD0692B0BD0D4F80011FF290C
:1030D00000F08A804A1C5D23C4F80021635484F800
:1030E0000431337803F0FD03382B12D0D4F80011EB
:1030F000FF2968D04A1C3D23C4F8002120466354B0
:103100003246112184F80431FFF706FE0120BDE8A4
:10311000F087F368DB681B681A78642AE6D15B786D
:10312000692B03D003F0DF03582BDFD12046324652
:103130001121FEF7B7FD0120BDE8F087DFF8E88038
:10314000D4F8001108F1040A20254FF000090BE023
:103150000B46C24501F10101C4F80011E55484F8A1
:10316000045119D018F8015FFF29F1D1D4F80831C2
:10317000D4F80C2184F8FF9020469847D4F82831E1
:103180000133C4F8283100230121C245C4F80011DD
:10319000E55484F80451E5D1F26811212046FEF788
:1031A00081FD36697B788EE74FF00008D4E9423222
:1031B00084F8FF809847D4F828310133C4F82831C7
:1031C0004146012363E70025D4F80831D4F80C21E7
:1031D00084F8FF5020469847D4F828310122134440
:1031E000C4F82831294686E70025D4F80831D4F8F8
:1031F0000C2184F8FF5020469847D4F8283101224A
:103200001344C4F82831294665E74FF00008D4E993
:10321000423284F8FF809847D4F828310133C4F84B
:1032200028314146012340E75C3E00202DE9F04172
:103230001E4684B0002840D00C46154609B1002A2D
:103240003BD0002329496A46CDE90033CDE902335A
:10325000FFF7A2FB002839D0039B009FD3B9DDF80C
:103260000880002F3CD02CB338460BF037F82B6881
:10327000984219D23946421C2046F6F70FFD3846CF
:1032800008F0BEF927460EB100233360384604B07B
:10329000BDE8F0814FF00108002FE4D18EB14FF06E
:1032A000FF3333600027F1E7204608F0A9F9C5F89D
:1032B0000080E8E7002DFAD1E5E716B16FF00203D0
:1032C00033600027384604B0BDE8F081009808F06C
:1032D00097F9002EF5D06FF0010333600027D5E792
:1032E000002EEED0B8F1010FD9D0F4E7399E0100DD
:1032F0001EB400F08DF81EBC04F034FAF0B502786C
:10330000472A83B00C461D4619D0264E002033684C
:1033100001909B683046984778B1019B1B680193E8
:1033200002272368314620461E6901AA0123B047BF
:1033300010BB0746384603B0F0BD0127F1E74378DC
:103340004E2BE2D18378552BDFD1C378432BDCD1D0
:103350000379462B1AD00379432BD6D143792B2BF3
:10336000D3D183792B2BD0D1C379012BCDD808D0E1
:1033700050F8206C5830CAE7019B2B60384603B0E8
:10338000F0BD50F8200C50F8786CC0E743794F2B13
:10339000E1D18379522BDED1C379002BDBD1024EF0
:1033A0001846B4E7B42E0020A02E002010B5044625
:1033B00000F0EEF8224612F82039472B04D083683B
:1033C00023BB8260012010BD63784E2BF7D1A37818
:1033D000552BF4D1E378432BF1D12379432BEED154
:1033E00063792B2BEBD1A3792B2BE8D1E379012B3C
:1033F000E5D854F8043C0133012B44F8043CE1D1F6
:10340000836844F8083C8260012010BDF9F730FD64
:1034100008B500F0BDF8836883B393F82020472AED
:1034200004D00022826003F1200008BD93F821201F
:103430004E2AF6D193F82220552AF2D193F8232070
:10344000432AEED193F82420432AEAD193F8252089
:103450002B2AE6D193F826202B2AE2D193F82720B5
:10346000012ADED8DA69013ADA61002ADBD19969EA
:10347000816000229A6103F1200008BDF9F7F8FC91
:1034800038B5044600F084F82246056812F8203961
:10349000472B03D085BB0260284638BD63784E2B8E
:1034A000F8D1A378552BF5D1E378432BF2D12379CA
:1034B000432BEFD163792B2BECD1A3792B2BE9D1C3
:1034C000E379012BE6D854F80C3C002B11DB0133D7
:1034D00044F80C3C4368013B4360954218BF44F8F4
:1034E000105C656A18BF0260204603F061FD284643
:1034F00038BDC3F10103EBE7F9F7BAFC08B500F0FA
:1035000043F803687BB393F82020472A07D00022B2
:10351000026003F12000BDE8084003F04BBD93F8C2
:1035200021204E2AF3D193F82220552AEFD193F887
:103530002320432AEBD193F82420432AE7D193F8A0
:1035400025202B2AE3D193F826202B2ADFD193F8CC
:103550002720012ADBD85A69002A05DB013A08D066
:10356000511C0ED05A6108BD0132FBD119690160AE
:10357000F8E71A69026003F12000BDE8084003F093
:1035800019BDF9F775FC00BF00487047A4830020FF
:1035900000487047A4830020502870B51DD0844691
:1035A00000F00F000C2855D8DFE800F0074426078C
:1035B0001E545454542A22071E00104650F8046B1F
:1035C0004EB10CF07004102C08BF11460E441CF0D4
:1035D000800F18BF36681E6070BDD01C20F003003D
:1035E00050F8046B1E6070BD104650F8086BE7E79A
:1035F000104630F9026BE3E7104630F8026BDFE764
:1036000000261046344610F8015B05F07F0E0EFAD6
:1036100004FE15F0800F46EA0E0604F10704F2D10D
:103620001F2CCDD86D06CBD54FF0FF3505FA04F42D
:103630002643C6E700261046344610F8015B05F025
:103640007F0E0EFA04FE2D0646EA0E0604F107046C
:10365000F3D4B5E7F7F71CF8FF2808B5034619D0EF
:1036600003F07002302A084616D005D8202A09D166
:10367000BDE8084004F059BA402A09D1BDE8084025
:1036800004F040BA02D813F0600F03D0F7F700F847
:10369000502AFBD1002008BDBDE8084004F042BA22
:1036A000F8B50C461546064608B104F02BFA28601A
:1036B00014F8017BFF2F28D16860204610F8013BE9
:1036C000FF2B32D0102300242B75224610F8011B4B
:1036D00001F07F039340090644EA030402F1070264
:1036E000F4D40444EC6010F8013B6B7500242246CE
:1036F00010F8011B01F07F0393401C430B0602F1FD
:103700000702F5D404442C61F8BD31463846FFF772
:10371000A3FF224601462B1D3846FFF73DFF044616
:10372000204610F8013BFF2BCCD12B750024D9E7A4
:103730002DE9F04F00F0030493B00023012C08930F
:103740000F46904613D0022C08D14146384604F06B
:10375000C3F940B9082013B0BDE8F08F002C00F089
:103760009380F6F795FF092013B0BDE8F08F0DF1B7
:10377000300A10F00804CDF800A000F09A8044F060
:10378000020202920C910C221946404603F03EFCC4
:10379000404604F0BDF983460028D6D05246014683
:1037A0004046FFF77DFF414605469DF84400FFF780
:1037B00053FF0DF12C0900230E901946CDF800900F
:1037C0000F22404603F0FCFB0B9B23F001035E1E1F
:1037D000109B9D4280F0BD809DF845400021204611
:1037E000FFF73AFF2A46014609AB2046FFF7D4FE11
:1037F0009DF84550044600212846FFF72DFF22463C
:1038000001460AAB2846FFF7C7FE9DF8455004461F
:1038100000212846FFF720FF224601464B46284656
:10382000FFF7BAFE00240546224615F8011B01F0F9
:103830007F0393401C430B0602F10702F5D40C9B57
:10384000099A1344B34217D9029BD8072DD50024F7
:10385000039400231946CDF8009040460D22089DA0
:1038600003F0AEFB039B3B630B9BC7F82CB0C7E98F
:10387000095406203B626EE70A9A1344B34272D899
:10388000109BAB42A8D8DFE702073FF55EAF0123EC
:1038900002930DF1300A0023CDF800A00C22194646
:1038A00040460C9703F0B2FB72E7190758D5F9F7B9
:1038B000DFFA0D6A23460D222146404603F080FBC5
:1038C0000C9B9D4202D002230293E4E7234621464B
:1038D0000C22CDF800A040460C9703F097FB3A6B02
:1038E0000392D7E90A43002A3AD09B460DF12C09EE
:1038F000002C54DB032500231A461946CDF800900E
:1039000040460B9703F082FB002319460122CDF8B5
:10391000009040460B9403F079FB002319460F22D8
:10392000CDF80090404603F04BFB0B9A0399CDF87D
:10393000009002F001020A4300230B9240460F223E
:10394000194603F063FB022D24D0072013B0BDE815
:10395000F08F029BDE073FF57AAF029B1B07A6D4D0
:10396000384600F05BF90B9B002B3FF4EEAE0D9A4E
:1039700013440393002C36D1002B3FF4E6AE029B98
:10398000DD073FF5E2AE029B1A0740F116810024E5
:103990000225B0E73846FFF709FD0720DBE66FF0A8
:1039A00040431B1B1E46524659464046FFF778FED1
:1039B0009DF844004146FFF74FFE0E9005460F98D4
:1039C00050F8263000EB860033B10246002352F84F
:1039D000041F01330029FAD1C7E90A3504237863AB
:1039E0003B63032587E7109E039B013C2644002B85
:1039F0003FF4ABAE029B002E00F0D78013F008031B
:103A0000049300F0C98047233B704E237B705523FD
:103A1000BB704323FB7046233B714F237B715223C2
:103A2000BB710023FB710023CDF818B0CDF81480D2
:103A30009B46CDF81CA00024224616F8011B01F07D
:103A40007F039340080644EA030402F10702F4D41A
:103A50001F2A05D8490603D5012393405B421C4326
:103A6000002530462A4610F8011B01F07F039340E1
:103A70001D430B0602F10702F5D41F2A05D84B0699
:103A800003D5012393405B421D43002C34D036DC28
:103A900017B1049B002B4FD06FF0404A0F9BAAEB4D
:103AA000040A53F82A30B3B1002D6AD02E44C2E77D
:103AB000A3005B420F9A0E991A444B46FFF76CFD28
:103AC0000B9941B1002FEFD008AB00223846FFF729
:103AD00015FC0028E8D0029BDDF81CA0DB07DDE91F
:103AE000058B3FF5B6AE049B002B3FF401AF002CD5
:103AF000BFF600AFF9F7CAF94FF0010BD4E79DF814
:103B00004400FF2831D000F00703042B3FF629AE14
:103B100001A252F823F000BF5502020007FF010086
:103B2000D702020055020200D1020200E3005B420C
:103B3000C0E763005B42BDE76FF0404A0F9B089A05
:103B40000B92AAEB040A03EB8A0853F82A1019B95E
:103B50000DE058F8041F51B141444B46002238464D
:103B6000FFF7CCFB0028F4D09EE70023A2E7029BDE
:103B7000D8075646DDE9058BDDF81CA03FF569AE98
:103B800011E75B46DDF81480002B3FF4DEAD029BAD
:103B9000D9073FF5DAADFAE6FB79012B0CBF57F8F0
:103BA000203C07F1580308933DE7DA073FF5CDAD18
:103BB000029B13F008047FF4EAAE02259BE6FFF7B0
:103BC0005FFC74E608B5FFF7E3FC006830B190F8DD
:103BD0002730012B04BF00687838006808BD00BF9B
:103BE0000378472B01D00020704743784E2BFAD141
:103BF0008378552BF7D1C378432BF4D10379432B2A
:103C0000F1D143792B2BEED183792B2BEBD1C079DA
:103C100001288CBF00200120704700BF10B530B1D3
:103C20000446FFF72DFC2046FFF7DAFF08B9F9F745
:103C30001FF954F8140CF9F713F900BF2DE9F04FF0
:103C400085B00246FFF7CCFF38B152E90674D2E9DD
:103C50000C85D2F828A0002605E004460746012678
:103C60000546804682461046FFF70AFC0EB1F9F77A
:103C70000DF93846F9F706F9FFF702FC0EB1F9F72E
:103C8000F7F8FFF781FC0768DFF890B097F8273066
:103C9000012B0CBF3B6807F17803029328F0030364
:103CA000019320374FF00009CA4520DDD5F8008088
:103CB000B8F1000F00D0A84402AB002241463846BC
:103CC000FFF71CFB08B1F9F769F9D8F80030039049
:103CD00003AA40465946D3F810800123C047019BF0
:103CE000002818BF064609F101091D44DCE746B16A
:103CF0000420F9F769F8074B074A08490360F9F708
:103D000031F92046F9F7ACF8FFF7F8FBFFF7F6FBBF
:103D1000FFF7EEFAF4310020E9950100C82E0020EB
:103D200090F8A32090F8A200101A704790F8A230E3
:103D300090F8A3209A4205D95A1C034480F8A22087
:103D4000987E70474FF0FF30704700BF90F8A23068
:103D500090F8A3209A4202D91844807E70474FF011
:103D6000FF307047704700BF0346B0F8300178B1AC
:103D700093F82F21882A03D9012200205A60704726
:103D800002F1010C01201A4483F82FC182F8A5101A
:103D9000704700BF38B5B0F830410CB9204638BD87
:103DA00090F82F310546C3F18904A2420DD814467C
:103DB00005F1A50022461844F5F770FF95F82F315C
:103DC0002046234485F82F3138BD01224260EFE7B9
:103DD0002DE9F04FD0F814A01524017E8146437ED2
:103DE00083B00AEB0111384A0AEB0313374F097A03
:103DF00093F8283002EB01150901E86852F80180B8
:103E000002EB0311D5F804B01B01CE68D558CBF8EE
:103E10000040C8F88400D8F804304A6803432C49AD
:103E20000192C8F804301460C5F884606B683343AD
:103E30006B60284B4C683A68A3FB0232920C02EB91
:103E4000820252004B681B1B9A42FBD84FF0090CB0
:103E50001F4ADFF880E0D8F80830034202D0AB6890
:103E600033422FD1C5F8886054683968AEFB013100
:103E7000890C01EB810153681B1B9942FBD8C5F8E3
:103E8000846054683968AEFB0131890C01EB810113
:103E900053681B1B9942FBD8BCF1010CDBD1604677
:103EA00099F81830019A0AEB0313DB68CBF800305D
:103EB00099F819300AEB031ADAF82C30136003B0C2
:103EC000BDE8F08F0120EBE7DC4100209452002098
:103ED000001000E083DE1B430E4A10B51168046930
:103EE00005E0DB0107D413685B1A102B08D863695F
:103EF00013F0007FF5D14FF4FE430120636110BD44
:103F0000FFF766FF0028FAD04FF4FE4301206361FB
:103F1000F5E700BF90E800202DE9F04790F82FA1C9
:103F20000569BAF1000F4FD081468846FFF7D4FFEC
:103F3000002849D0374E0024376818E06B6919050E
:103F400051D4DA0455D4580559D4990441D432686F
:103F5000D21B322A3DD8544507D9EA6D520704D105
:103F60009B0555D4B8F1000F52D0F8F79BFD54458E
:103F7000E4D8EA6D500702F00703DFD413E099F8A4
:103F8000A5200133022442F48062042B2A661ED04D
:103F90008A4503F1010309EB01020ED992F8A5202D
:103FA000042B2A66CAD00121002CE8D02146013317
:103FB00001348A4509EB0102F0D8B8F1000FBDD0F9
:103FC0004FF400732B66B9E70420BDE8F0870124A5
:103FD000B4E72B694FF40072042043F440732B6163
:103FE0002A66BDE8F0872B69042043F440732B61F7
:103FF000EBE72B69052043F440732B61E5E72B6960
:104000004FF40072022043F440732B612A66DCE710
:104010000020DAE790E800202DE9F84F83460C46AF
:1040200015461F46D0F810A0FFF756FF002800F0F5
:104030009E806100012DDFF83C8140F20146CBB249
:104040004FF0000138BF0125D8F800900C461E4300
:10405000ABF8A21020E09BF8A330872B3FD9DAF809
:10406000142010055AD412F4105F70D1D8F8003023
:10407000A3EB0903322B6AD89BF8A330AB4209D3D8
:10408000022C07D9DAF85C30590703D193054BD4D9
:10409000002F49D0F8F706FD022CDCD8DAF85C30A6
:1040A00003F007025B07D6D4681E224440F48070F8
:1040B0004CB9CAF860600134131B032BCBD8022C17
:1040C000C9D8002CF5D0012C37D01FB14FF40073A4
:1040D000CAF860309BF8A3300324872BBFD8DAF8E6
:1040E0005C2012F4E02FC2F3024CB8D0591C9C445F
:1040F0001933C9B25FFA8CFC5BFA83F3DAF870000B
:104100004A1C61458BF8A310D1B203F8010FA6D069
:104110008929F3D1DAF814201005A4D5DAF8103083
:1041200043F44073CAF81030DAF85C3013F4E02F2F
:1041300006D19BF8A300BDE8F88FCAF86000BAE783
:10414000DAF8103043F40073CAF81030F1E7DAF807
:1041500010304FF4007243F44073CAF81030CAF8BC
:104160006020DAF85C3013F4E02FE2D0E8E70420B6
:10417000BDE8F88F90E80020F8B506690446D6F847
:10418000145115F4706301D0C6F81431A8070BD58B
:10419000D6F8702111043DD50023012184F8A23006
:1041A000234484F8A3109A76EA0710D594F8307166
:1041B000F7B194F82E7194F82F31BB4226D97B1CAD
:1041C000274484F82E3197F8A530C6F86031AB0546
:1041D0000DD594F8A30018B1D4F83C3103B1984739
:1041E0000023A4F8A230A4F82E3184F83031F8BDB1
:1041F000D4F8383103B19847002384F82E310123D5
:1042000084F8303194F82F31BB42D8D80023C6F857
:104210006031DCE794F8A330872BC5D8591CC9B2AC
:10422000BEE700BF0148FFF7A7BF00BFA8520020AC
:104230000148FFF7A1BF00BFE85300200148FFF786
:104240009BBF00BF2855002010B4144C0022036906
:10425000A1421A6114D8124C012012494FF4303295
:104260009C6458629962DA629C6C00204FF00111E4
:1042700001221C6518625DF8044B99651A6170474C
:104280000948814207D9094C09480A499C645A6285
:104290009862D962E8E7084C0848F6E77F1A0600FA
:1042A0003B372819B80B05053F420F000A090704E0
:1042B00060090101007F05001C1A120C100E020299
:1042C000F0B4046840F201251E462561A3B121B374
:1042D00011F8015B013B6566256FAF0707D41546F2
:1042E000013E676F1AB105F8017B2A4604686569CB
:1042F000ED07F1D5002BEAD16EB10368196F89077C
:10430000FAD41146013E5B6F002AF5D001F8013B5B
:104310000A46002EF1D1F0BC704790F83C50D9E726
:1043200043682DE9F04FD3E90041814D4FF0B80AC1
:1043300022684FF0020822EA01027E492260AA693F
:1043400011407D4A0A43AA6190F810E07B4A03EBD2
:104350000E0603EB8E0E317C02EB01118968C1F869
:1043600000A090F811C003EB0C0503EB8C0C95F842
:10437000201002EB01118968C1F800A0817C03EBD9
:10438000010903EB810199F830B002EB0B1BDBF85C
:1043900008B0CBF800A0D4F800A05F684AEA070A8A
:1043A000C4F800A0347CDEF814E002EB0414646866
:1043B000C4F800E095F82040DCF824C002EB0414B7
:1043C0006468C4F800C0496B99F8304002EB0412ED
:1043D00052681160DA6B99F838101160DA69317E31
:1043E000DB6A116095F828201A600F220368C3F871
:1043F00010809A65C27C002A31D072B6C37CDC077B
:1044000008D54FF0E0214469D1F880212240826232
:10441000C1F88021990708D54FF0E0218469D1F8CF
:1044200084212240C262C1F884215A0708D54FF086
:10443000E021C469D1F8882122400263C1F88821B3
:104440001F0708D54FF0E021046AD1F88C212240E3
:104450004263C1F88C21DE0655D462B60368384C3D
:104460008268A24259D0324A846092693549C2F3C7
:104470000116C2F38262344D51F826100132B1FBAD
:10448000F2F2AA4231D80022C260002403211C614A
:104490000724596201211A641C661961C37C13B395
:1044A000DD0704D5816A4FF0E022C2F800119C07B5
:1044B00004D5C16A4FF0E022C2F80411590704D5AF
:1044C000016B4FF0E022C2F808111A0704D5416BC6
:1044D0004FF0E022C2F80C11DB0604D5826B4FF0DE
:1044E000E023C3F81021BDE8F08F1849A1FB025169
:1044F000090DB2FBF1F2A24288BF0131B1F5817F13
:104500000DD3134AC0E74FF0E022416AD2F8903150
:104510000B408363C2F890319FE7C268B5E7022978
:10452000B1D902394C08220242EA04420A43ABE7FD
:1045300000C00F40CFFFFFE310000008DC41002067
:1045400000093D008C320020FF083D0083DE1B4344
:10455000FF7F7F000BB1FFF7B3BE70470122202120
:104560004FF0100C027642760277427780F82020D6
:1045700080F8272080F82820C022C17680F82F20DC
:104580000022C177FF2180F8252080F8262080F8BE
:104590002B2080F82C2080F82D2080F8302080F807
:1045A000312080F8322080F8332080F834200270E7
:1045B0000F2280F81AC080F81EC080F821C04FF08A
:1045C000110C80F8221080F8291080F82A1041F68A
:1045D000FF7180F8232080F82420142280F82EC058
:1045E00000B54FF0280E80F816E0C27501825DF824
:1045F00004FB00BFC80B704741FA02F202F0010051
:10460000704700BFF8B501270E461D461146C36826
:1046100006FA07F2044683F8A52083F8307183F880
:104620002F71C06803681B6898470021E068FFF796
:1046300073FC3B463A463146E068FFF7EDFC002349
:104640000E4A2B70E06803685B6993420ED190F8C4
:10465000A23090F8A3209A420ED9DA19034480F8C8
:10466000A22028789B7E18432870F8BD98472B78A5
:104670001843C0B22870F8BDFF20F5E7D10402004E
:1046800050B50646007883B0D8B13346002403E025
:104690000134E2B2904216D913F8012F8A42F7D1C1
:1046A0000022304626440DF107038DF807205D22D5
:1046B000FFF7A8FF9DF80730B07CC01AB0FA80F071
:1046C000400903B050BD002003B050BD70B5044692
:1046D000012548001E46E368114683F8305183F8EF
:1046E0002F5183F8A500E06803681B689847E068CD
:1046F000314603681B6898472946E068BDE870406A
:10470000FFF70ABC03781BB303F1FF3C421C0346CE
:1047100052FA8CFC30B5054683B00C4601E0634587
:1047200014D013F8012FA242F9D101AB5E22214629
:104730002846FFF767FF9DF804305E22214623F0EC
:104740003F0328468DF80430FFF7C0FF03B030BDAB
:10475000704700BF70B50C46017882B069B3164649
:104760000139421C0546034652FA81F101E08B42B1
:1047700023D013F801CFA445F9D101AB5E22214625
:104780002846FFF73FFF00235E2221462846FFF719
:104790009DFF9DF804305E2221462846FFF796FFD4
:1047A0009DF804C05E22214666F3871C28465FFA06
:1047B0008CF38DF804C0FFF789FF02B070BD00BF15
:1047C0002DE9F04190460278A2B31F46013A431CFE
:1047D0000D460646014653FA82F201E08A4229D08C
:1047E00011F8013FAB42F9D1474525D806F1350311
:1047F0005E22294630464124FFF704FF2946304611
:10480000FFF780FF2246434629463046FFF75EFF0A
:10481000621C02343B462946D2B2E4B23046FFF76E
:1048200055FF5B2CEED196F835305E222946304696
:10483000FFF74CFFBDE8F0814346B8461F46D5E779
:10484000F8B5037893B1002504460E461746AC46EA
:10485000A444013520463B469CF801103246FFF740
:10486000AFFF20785FFA85FC6045F1D8F8BD00BF46
:1048700070B50C46017851B3054601390130AC469C
:1048800050FA81F101E08C4521D01CF801EFA645DA
:10489000F9D11E0102F0070105F135035E2206F091
:1048A000700628460E432146FFF7ACFE21462846F7
:1048B000FFF728FF33465B2221462846FFF706FF15
:1048C00095F835305E2221462846FFF7FFFE70BD81
:1048D00070B50C46017882B0C9B316460139421C46
:1048E0000546034652FA81F101E08B422FD013F8BE
:1048F00001CFA445F9D101AB5C2221462846FFF740
:1049000081FE3F2E32469DF8041028BF3F2205F15C
:1049100035032846012A38BF012262F305015E22D1
:104920008DF804102146FFF76DFE21462846FFF75B
:10493000E9FE9DF804305C2221462846FFF7C6FEBA
:1049400095F835305E2221462846FFF7BFFE02B0BB
:1049500070BD00BFF0B50D46017883B0A9B306461F
:1049600017460346002404E001345FFA84FC8C45BA
:104970002BD213F801CFAC45F6D101AB5D2229460D
:104980003046FFF73FFE9DF8042006F13503294627
:1049900067F34712304634448DF804205E22FFF757
:1049A00031FE29463046FFF7ADFE9DF804705D22CA
:1049B00029463B463046FFF789FEA7745E2229460A
:1049C00096F835303046FFF781FE03B0F0BD00BFEA
:1049D00070B50C46017882B091B316460139421C7D
:1049E0000546034652FA81F101E08B4228D013F8C4
:1049F00001CFA445F9D101AB5C2221462846FFF73F
:104A000001FE9DF8042005F13503214666F3871267
:104A100028468DF804205E22FFF7F4FD2146284643
:104A2000FFF770FE9DF804305C2221462846FFF710
:104A30004DFE95F835305E2221462846FFF746FEAA
:104A400002B070BDF0B50D46017883B0A9B306463B
:104A500017460346002404E001345FFA84FC8C45C9
:104A60002BD213F801CFAC45F6D101AB5D2229461C
:104A70003046FFF7C7FD9DF8042006F135032946AF
:104A800067F3C402304634448DF804205E22FFF7F9
:104A9000B9FD29463046FFF735FE9DF804705D22CA
:104AA00029463B463046FFF711FEA7745E22294691
:104AB00096F835303046FFF709FE03B0F0BD00BF71
:104AC000F0B50D46017883B0A9B3064617460346F4
:104AD000002404E001345FFA84FC8C452BD213F8E7
:104AE00001CFAC45F6D101AB5D2229463046FFF738
:104AF00089FD9DF8042006F13503294667F302027B
:104B0000304634448DF804205E22FFF77BFD2946B1
:104B10003046FFF7F7FD9DF804705D2229463B46BD
:104B20003046FFF7D3FDA7745E22294696F835304C
:104B30003046FFF7CBFD03B0F0BD00BF70B51446A3
:104B400005460E46FFF7DEFDA378284631462B22A8
:104B5000FFF7BCFDE378314628462C22FFF7B6FD6F
:104B60002379314628462D22FFF7B0FD637931467F
:104B700028462E22FFF7AAFDA379314628462F2288
:104B8000FFF7A4FDE379314628463022FFF79EFD6A
:104B9000237A314628463122FFF798FD637A314661
:104BA00028463222FFF792FDA37A31462846332267
:104BB000FFF78CFDE37A314628463422FFF786FD65
:104BC000237B314628463522FFF780FD637B314643
:104BD00028463622FFF77AFDA37B31462846372246
:104BE000FFF774FDE37B314628463822FFF76EFD60
:104BF000237C314628463922FFF768FD637C314625
:104C000028463A22FFF762FDA37C314628463B2224
:104C1000FFF75CFDE37C314628463C22FFF756FD5A
:104C2000237D314628463D22FFF750FD637D314606
:104C300028463E22FFF74AFDA37D314628463F2203
:104C4000FFF744FDE37D314628464022FFF73EFD55
:104C5000237E314628465B22FFF738FD637E3146CE
:104C600028465E22FFF732FDA37E314628467B228E
:104C7000FFF72CFDE37E314628467C22FFF726FD18
:104C8000237F314628467D22FFF720FD637F314692
:104C900028467E22FFF71AFDA37F314628467F2251
:104CA000FFF714FD6378227831462846BDE870404E
:104CB000FFF786BD70B50D460178E9B1064603469B
:104CC000002403E00134E2B2914215D913F8012F18
:104CD000AA42F7D18022294663233046FFF7F6FC2B
:104CE000344424230120A374F4F7DCFD2946304624
:104CF000FFF7C6FC044610B90024204670BD3046BC
:104D000006F116022946FFF719FF204670BD00BFC5
:104D100070B504461E4608461546E1600BF046FC99
:104D200086B92378032B07D8E218013300212370BA
:104D3000242355705171937429462046BDE8704074
:104D4000FFF7B8BF0249E068FFF77EFAE9E700BF66
:104D5000801A06002DE9F0410F464FF00108114678
:104D60001D4607FA08F2C36804461C4E83F8A520C6
:104D700083F8308183F82F81C06803681B689847E7
:104D80000021E068FFF7C8F8434639460222E06890
:104D9000FFF742F900231F462B80E06803685B6938
:104DA000B34214D190F8A23090F8A310994203F1C5
:104DB000010103440ED980F8A2109A7E2B88BA40D4
:104DC00008371A43102F2A80E7D1BDE8F0819847B1
:104DD0000246F3E74FF0FF32F0E700BFD1040200D4
:104DE00000B583B000220DF10603FFF7B3FFBDF855
:104DF000060003B05DF804FB70B504461D460126AD
:104E00004800E368114683F8306183F82F6183F826
:104E1000A500E06803681B689847E068E9B203688A
:104E20001B689847E068290A03681B689847314661
:104E3000E068BDE87040FFF76FB800BF70B50C4682
:104E4000017882B079B3064615468446002304E013
:104E500001335FFA83FE8E4525D21CF801EFA6458B
:104E6000F6D106EB030C21464FF4004300223046F6
:104E70008CF80550FFF7C0FF214601AB5E2230469B
:104E8000FFF7C0FB9DF804002B01214620F03F04F2
:104E90005E2203F03003304643F00C0323438DF8C9
:104EA0000430FFF713FC02B070BD00BF037883B17C
:104EB00070B5002504460E462B4623440135204696
:104EC00032465978FFF7BAFF2078EBB29842F4D80F
:104ED00070BD70472DE9F04F5BEC10AB2DED0A8BE8
:104EE0004FEA1B5C11EE90EA0CF1FF3640F2FD70C8
:104EF000864210EE101A11EE103A89B05A466546F5
:104F00004FEA1E5400F2C680C4F30A06A6F2BE366B
:104F10007F2E98BF002000F2BD80BFEE000BE14C59
:104F2000E14B1444C4F3463503EB451693ED006B97
:104F300093ED027B96ED128B96ED189B96ED162B5A
:104F4000260D241505EE904A360593ED0C4BB8EE70
:104F5000E55B951BA5EE062BA5EE079B93ED04AB39
:104F600093ED105B93ED08BB93ED067B93ED0A6B1D
:104F700093ED0E3B0C1E45EC1C4BACEE080BA0EE6B
:104F8000053BA0EE046B20EE0A5B30EE024B20EEF8
:104F9000058BA0EE0B7BA8EE036B32EE442BA8EE44
:104FA000067B32EE002BB0EE483B39EE022B95EE3D
:104FB000003B34EE085B20EE080B34EE454B32EE3E
:104FC000036B34EE084B36EE046BA0EE076B35EE48
:104FD000064B21EE048B18EE902AB0EE487BC2F30C
:104FE0000A556FF47273EB183E2B91EE047B35EE8D
:104FF000445B35EE065BA1EE057B00F29380AB4B84
:1050000093ED024B93ED005BB0EE441B93ED042B4C
:10501000A8EE051B93ED066B11EE101A31EE441B42
:1050200001F07F0293ED0E4BA1EE028BA1EE068BF9
:1050300093ED0C6B37EE087B27EE072B921802F1ED
:105040000F0403EBC202A7EE046B92ED1C4B03EBC3
:10505000C40293ED0A3B93ED085B53F83460576844
:10506000A7EE035B4018002422EE023B37EE047BE0
:10507000A219A2EE057B07EB4033A3EE067B002DC1
:105080005FD043EC102BA7EE000B09B0BDEC0A8BF0
:10509000BDE8F08FD8184EEB0E09461E37466FF06C
:1050A000010849F1FF36B8456FF4001777EB0606A3
:1050B000C0F02081481842EB0209461E374669F1CC
:1050C0000006B8456FF4001777EB0606C0F039818B
:1050D000002A6ADB0020C4F30A06A6F2BE337F2B47
:1050E00040F2FF774FD9724B00209A4208BF8142AD
:1050F00000F0FD8040F2BD35AE4240F291800129C2
:1051000072EB030334BF01230023BC428CBF002495
:105110000124A3420ED109B0BDEC0A8BBDE8F04FCB
:1051200000F04CBB002BC0F2CE80B5F5816F75D975
:10513000002AF0DB09B0BDEC0A8BBDE8F04F00F0AF
:1051400045BBA14280F21381B7EE003B03F17F51D2
:1051500001F50011104641EC150B27EE057B35EEED
:10516000076BB0EEC64BB4EEC34BF1EE10FA61D450
:105170009FED480B26EE000B09B0BDEC0A8BBDE895
:10518000F04F00F053BB002D7FF4C7AE9FED437B83
:105190004BEC16AB26EE077B53EC172B23F00042AB
:1051A00017EE101AA2F15072B7E6C4F30A0640F2E5
:1051B000FE3086427EDD40F23340864200F3FA80C4
:1051C000801BA0F120054FF0FF374FF0FF398740DB
:1051D00009FA05F9C0F12008019547EA09054FF0E1
:1051E000FF3727FA08F945EA0905874023EA070748
:1051F0002EEA05053D435DD1019DC3400EFA08F836
:1052000043EA08032EFA05FE43EA0E0303F0010306
:10521000980422F00042CCF30A055EE70025EEE692
:1052200088429341B7EE000B34BF31EE000B30EEF5
:10523000410B2AE7B5EEC06BF1EE10FA35EE465B96
:10524000BFEE004B35EE075B58BFB0EE434B36EE7A
:10525000043B34EE437B37EE067B37EE057B37EEBF
:10526000037B37EE446BB5EE406BF1EE10FA04D1E0
:105270002A4601F0004343EC162B9FED065B8DEDB3
:10528000045B9DED047B27EE057B8DED067B6FE7D0
:10529000AFF30080000000000000100000000000DC
:1052A00000003043AB6A19C0200E0020C00400206B
:1052B0000000F03F4BEC10AB09B0BDEC0A8BBDE831
:1052C000F04F00F0A3BAB7EE000B38EE000B002849
:1052D0003FF4DBAEB1EE400BD7E64918594B82F4F0
:1052E00000224FF000005241884293415DD3B7EE57
:1052F000000BCAE650EA0904EFD0534C0025A24245
:1053000008BFA94247D04918504B52418D4273EB18
:1053100002044AD3994508BFA84246D103F100438D
:105320009A4208BFA942E2D09A426FEA0E0E34BFF9
:10533000002201224FEADE7E724577D09FED3D0BC1
:10534000A3E64BEC17AB002A27EE070B34DB002259
:1053500050EA09095DD1BEF1000FBFF696AE1046C6
:1053600009B0BDEC0A8BBDE8F04F00F037BA03F18D
:1053700040419FED326B01F57001104641EC100B7E
:10538000A7EE000B20EE060B09B0BDEC0A8BBDE8C2
:10539000F04F00F057BADB182A4A8EF4002E4EEB7D
:1053A0000E0E9D4272EB0E02A1D24BEC17AB37EE04
:1053B000010B6AE600202CE7C4F30A02A2F2FF31D7
:1053C0003429C4D8C2F586624FF0FF31A2F11D0521
:1053D000033201FA05F701FA02F4C2F120063C4358
:1053E00021FA06F73C43914023EA01012EEA040426
:1053F0002143ACD123FA02F20EFA06F632432EFA1A
:1054000005F52A4312F00102A2D0B1EE400B0122B1
:105410009EE7BEF1000FBFF638AEB7EE006B86EE2A
:10542000007B8DED027B9DED020B2EE621EE010B44
:105430002BE600BF0000000000000000000000009C
:105440000000007F0000F0FF0000F03F0000E0FFE0
:1054500010EE101AC1F3C7520029A2F17F0CB4BF9D
:105460004FF0FF300120BCF11E0F0FDCBCF1000F2C
:105470001DDBC1F31603BCF1160F43F400030ADD74
:10548000963A03FA02F202FB00F07047FDEEC07A92
:1054900017EE900A70474FF4800242FA0CF21A4459
:1054A000CCF1170C22FA0CF202FB00F07047BCF1B1
:1054B000FF3F18BF002070470000000030B510EE1D
:1054C000104AC4F30A53B3F57D7FB7EEC06A83B0C8
:1054D0001BD226EE065BB3F5667F6ED326EE052B58
:1054E00025EE021B734B93ED1A3B93ED187B93ED66
:1054F000164BA5EE037BA2EE046BB0EE460BA7EEB7
:10550000010BB7EEC00B03B030BD40F22E42934208
:105510005ED8684991ED087B26EE077BFDEEC77BE0
:1055200091ED0A5B17EE903A03F500031B1613F09A
:10553000020F07EE903A01F1700208BF0A46D80741
:10554000B8EEE77BA7EE456B26EE067B1BD403F097
:10555000030301EBC30192ED1A4B91ED002B92ED89
:10556000185B26EE026B92ED163BA7EE045B26EE6F
:10557000074B27EE047BA4EE036BA5EE076BB7EE9B
:10558000C60B03B030BD92ED142B27EE075B92EDF6
:10559000126B92ED0E3BA7EE026B92ED0C0B92EDAF
:1055A000104BA7EE030B27EE057BA5EE040BA6EE32
:1055B000070BB7EEC00B03B030BD220D12F4FF6F26
:1055C000DFD1B7EEC55B00EE104A8DED015AD8E78A
:1055D000B3F5FF6F4BD2384BC4F3836203EB820009
:1055E00053F822200569C4F31603C4F3C25143F4EF
:1055F00000038B40016A03FB02F2A3FB0110E3FBF3
:10560000050202F100518D0F01F04041511A01F0E5
:1056100059F92A4B9FED257B05EBD47441EC160B11
:1056200014F0020FA3F1700208BF1346E90726EE3B
:10563000077B27EE076B1FD404F0030402EBC402C0
:1056400093ED1A4B92ED002B93ED185B27EE027B46
:1056500093ED163BA6EE045B27EE064B26EE046B9D
:10566000A4EE037BA5EE067BB7EEC70B89E703B07C
:10567000BDE8304000F030B893ED142B26EE065B09
:1056800093ED127B93ED0E3BA6EE027B93ED0C0B9C
:1056900093ED104BA6EE030B26EE056BA5EE040B67
:1056A000A7EE060BB7EEC00B6BE700BF182D4454F6
:1056B000FB21193C681E002054340020D81E002015
:1056C00010B582B08DED010A044604F0B5F99DEDE8
:1056D000010A046002B010BD70EE407AB4EE400AD8
:1056E00087EEA77AF1EE10FAB0EE470A02D6212033
:1056F000FFF7E6BF704700BF00000000B0EE407B40
:1057000017EE903A1B4A23F0004393421CDD1A4ADD
:10571000934202DD30EE400B704700B585B068461D
:1057200000F094F900F0030001289DED021B9DEDAF
:10573000000B0ED0022813D070B100F097F8B1EE34
:10574000400B05B05DF804FB9FED081B002000F046
:1057500025B900F08BF8F4E7012000F01FF9F0E71D
:10576000012000F01BF9B1EE400BEAE70000000059
:1057700000000000FB21E93FFFFFEF7F10B582B082
:105780008DED000B044604F057F99DED000B04600D
:1057900002B010BD82B058B1B1EE407B8DED007B00
:1057A0009DED007B222020EE070B02B0FFF7E6BF45
:1057B000B0EE407BF2E700BF000000009FED010B60
:1057C000FFF7E8BF00000000000000109FED010B94
:1057D000FFF7E0BF000000000000007082B000286A
:1057E000B7EE006BBFEE007B06FE077B8DED007B06
:1057F0009DED000B9FED037B222080EE070B02B096
:10580000FFF7BCBF0000000000000000B4EE400B3A
:10581000F1EE10FA30EE407B87EE076BB0EE460BF0
:1058200002D62120FFF7AABF704700BFB5EE400B9C
:10583000F1EE10FA00D070472220FFF79FBF00BFA3
:10584000000000009FED076BB0EEC07BB4EE467B1E
:10585000F1EE10FA00DC70472220FFF78FBF00BF87
:10586000AFF30080FFFFFFFFFFFFEF7F10EE903AE6
:1058700023F00043B3F1795F2DED028B2EDAFDEEBC
:10588000C07B17EE903A002B65D020EE004B9FEDC9
:10589000358B9FED362B9FED373BA4EE082B9FED0C
:1058A000375BA4EE023B9FED376BA4EE035B9FEDED
:1058B000377BA4EE056BA4EE067B24EE077B21EE7E
:1058C000401BB6EE006BA4EE071BB7EE000B94EE88
:1058D000061BBDEC028B30EE410B70479FED218B18
:1058E00020EE004B9FED212B9FED223BA4EE082BD9
:1058F0009FED225BA2EE043B9FED226BA3EE045BC7
:105900009FED227BA5EE046B224AA6EE047B934218
:1059100027EE047BD3DD204A934217DCB7EE006B01
:105920000020A3F5001141EC150B36EE456B21EE7E
:10593000401BB6EE003BA4EE071B94EE035BBDECF0
:10594000028B35EE410B36EE400B7047B6EE076B1F
:10595000B5EE025BEBE7B7EE000BBDEC028B7047D8
:10596000AFF30080D43888BEE9FAA8BDC4B1B4BD95
:105970009EEE213EAD529C804F7E92BE9015CB197B
:10598000A001FA3E7751C1166CC156BF4C55555512
:105990005555A53F3233D33F0000E93F10EE903A12
:1059A00023F00043B3F1795F04DAFDEEC07B17EE1C
:1059B000903A5BB320EE007B9FED162B9FED173BDB
:1059C0009FED184BA7EE023B9FED185BA3EE074B34
:1059D0009FED186BA4EE075BA5EE076B20EE075B4F
:1059E00030B99FED164BA7EE064BA4EE050B7047A2
:1059F0009FED144B26EE456BB6EE003BA1EE036B1C
:105A000096EE071BA5EE041B30EE410B704700BF5E
:105A1000AFF300807CD5CF5A3AD9E53DEB9C2B8A79
:105A2000E6E55ABE7DFEB157E31DC73ED561C119FB
:105A3000A0012ABFA6F810111111813F49555555F3
:105A40005555C5BF495555555555C53F70B553ECCE
:105A5000102B9C4923F000458D4288B004466ADD36
:105A600099498D421E461BDC002B9FED867B40F33F
:105A7000EB8030EE477BA1F51B21A1F5F0618D4253
:105A80006AD09FED826B012037EE465B37EE457B97
:105A900084ED005B37EE467B84ED027B08B070BD81
:105AA0008A498D4260DD8A498D424DDC2A1510EE0F
:105AB000100AA2F21642A5EB025141EC170B9FED22
:105AC000755BBDEEC76BB8EEC66B37EE467B27EE57
:105AD000057BFDEEC74B8DED026BB8EEE46B37EE48
:105AE000467B27EE057BB5EE407BF1EE10FA8DED9F
:105AF000046B8DED067B40F0968014EE903A002BFF
:105B00000CBF01230223734901910221009102A8D5
:105B1000214600F0E7F8002EC0DA94ED006B94ED1A
:105B2000027BB1EE466BB1EE477B84ED006B84EDFA
:105B3000027B4042B2E700200021C4E902010020BC
:105B400084ED000B08B070BD30EE407B002084ED8A
:105B5000027B84ED007BA1E79FED505B9FED516BD5
:105B600037EE457B01208FE700F004FCB6EE007BAA
:105B70009FED4E5BA0EE057BFDEEC77B9FED413BAD
:105B800017EE900A9FED416B1F28B8EEE75BB1EE70
:105B9000454BA5EE430B25EE067B1CDC4E4B421E0F
:105BA00053F82230AB4216D030EE476B84ED006BD9
:105BB00030EE460B30EE470B002E84ED020BBFF6A5
:105BC0006DAFB1EE466BB1EE400B84ED006B84ED32
:105BD000020B404262E730EE476B16EE903AC3F399
:105BE0000A53C3EB1553102B4FEA2552DEDDB0EEFE
:105BF000403B9FED2A6B9FED2B2BA4EE063B30EE36
:105C0000437BA4EE067B95EE027B33EE476B16EEEC
:105C1000903AC3F30A53D21A312A06DCB0EE430B92
:105C200084ED006BC4E703236DE79FED226BB0EEBC
:105C3000430B9FED222BA4EE060B33EE407BA4EE2C
:105C4000067B95EE027BAFE7244930EE077B8D4261
:105C50000ED09FED0E6B4FF0FF3037EE065B37EE48
:105C6000457B84ED005B37EE067B84ED027B15E718
:105C70009FED0A5B9FED0B6B37EE057B4FF0FF301E
:105C8000EBE700BF00004054FB21F93F3163621A8B
:105C900061B4D03D00000000000070410000601AB7
:105CA00061B4D03D7370032E8A19A33B83C8C96DBC
:105CB000305FE43F0000002E8A19A33BC149202534
:105CC0009A837B39FB21E93F7BD90240FB21394193
:105CD000FFFFEF7FD84F0020B0440020FB21F93FA9
:105CE000000000002DE9F04F2DED088BADF5157D7E
:105CF0001C4604930791AB4BA69912F1140F53F86D
:105D00002150824604F1FF38C0F29982A649D31E81
:105D100081FB0301DB17C3EBA10303930133A3EB67
:105D20008303DB00D3180693039B15EB0801A3EB59
:105D300008031AD401319FED956BA79819441CAA4A
:105D40000AE050F8234007EE904A0133B8EEE77BB3
:105D50008B42A2EC027B08D0002BF2DAB0EE467B3D
:105D600001338B42A2EC027BF6D1002DC0F2C98236
:105D7000049B1CAA02EBC3046CAE4FEAC30C404662
:105D8000EF180AEBC301B8F1000F9FED807B09DB30
:105D900022465346B3EC025B32ED026B8B42A5EE1A
:105DA000067BF7D10130B842A6EC027B04F108046F
:105DB000E9D108AF07EB85039FED769B9FED778BCD
:105DC000043BDDF818B005930AEB0C0407EB8509DA
:105DD0006CAE2946019594AB03EBC103002913ED8A
:105DE000280B16DD06EBC1033A4620EE097B33EDA6
:105DF000025BB0EE406BBDEEC77BB342B8EEC77B33
:105E0000A7EE486BBDEEC66B37EE050BA2EC016A40
:105E1000EBD15846029100F041FBB0EE40ABB4EE3E
:105E2000000B2AEE000B00F0B1FAB2EE007BA0EE00
:105E300047ABBDEECABBBBF1000FB8EECB7B0299FE
:105E40003AEE47AB74DD01F1FF3ECBF1180357F892
:105E50002E2042FA03FC0CFA03F3D21ACBF11700FE
:105E60001BEE103A42FA00F56344002D47F82E204D
:105E70000BEE103A64DCB5EE40ABF1EE10FA40F0F8
:105E8000C480019B01F1FF3E73450DDC4FEA810C9C
:105E900007EB8103002053F8042D4B4540EA020034
:105EA000F9D1002840F0F280019B013B57F82330E4
:105EB000002B40F0E680059B012553F8042D0135A9
:105EC000002AFAD001F1010E0D447046049B1944DA
:105ED000039B03EB0E0C0CF1804CA79B0CF1FF3CD9
:105EE00003EB8C0C1CAB06EBCE0E03EBC1019CED5F
:105EF000017AB8EEC77BB8F1000F81ED007B0CF1A1
:105F0000040C0A469FED216B01F1080109DB5346A1
:105F100001E032ED027BB3EC025BA342A5EE076B1E
:105F2000F7D10130A842AEEC026BE0DD294652E722
:105F300040F09D804B1E57F82350ED15002D9ADD43
:105F40001BEE103A002903F101030BEE103A40F367
:105F50008C813A68002A40F0828001292DD03B468E
:105F6000012053F8042F002A7CD0431CC2F1807218
:105F7000994247F820201FDD57F8232007EB810CBA
:105F800007EB83036FF07F4011E000BF00000000CB
:105F900000000000000000000000703E0000000053
:105FA000000070418C440020ABAAAA2A1A68821A09
:105FB00043F8042B6345F9D10122BBF1000F0DDD3D
:105FC000BBF1010F00F03381BBF1020F06D1481E77
:105FD00057F82030C3F3150347F82030022D7FF423
:105FE0004AAFB7EE000B30EE4AAB002A3FF443AFA6
:105FF0005846029100F052FA3AEE40ABB5EE40AB93
:10600000F1EE10FA02993FF43CAF069CB0EE4A0B59
:106010006042A8468B46019D00F040FA9FEDC16B9F
:10602000B4EEC60BF1EE10FAC0F247819FEDBF7BD4
:1060300020EE077BBDEEC77B0BF10102B8EEC75B1C
:10604000A5EE460BBDEEC00B183410EE103A47F823
:106050002B3017EE103A069447F822302AE001233D
:10606000002083E7013088427FF47BAFA5E7B6EEDE
:10607000007BB4EEC7ABF1EE10FA80F2E5800025AC
:10608000F9E601F1010E704675461FE7069BA3F184
:10609000180157F82E300691A8467246019D4BB95B
:1060A000ACF104033B4453F8040D013A18390028BD
:1060B000F9D006910698B7EE000B019200F0EEF9C8
:1060C000019A002AC0F221819FED986B02F1010C28
:1060D0006CA907EB8C034FEACC0E01EBCC0133ED3E
:1060E000017ABB42B8EEC77B27EE007B20EE060BA1
:1060F00021ED027BF3D19FED8F4BAEF108036CA92C
:10610000CE18002444AF002D9FED8C7B10DBB0EE49
:10611000446B8C483146002303E09C4208DBB0EC22
:10612000026BB1EC025B01339D42A5EE067BF4DA13
:1061300007EBC403944283ED007B4FEAC40104F1F2
:106140000103A6F1080601D01C46DCE7A69B022B42
:106150001DDC002B00F38B800FD19FED787BBE44BC
:106160003EED026B774537EE067BF9D143460BB126
:10617000B1EE477B079B83ED007B1BEE103A03F0EB
:1061800007000DF5157DBDEC088BBDE8F08FA69BD3
:10619000032BF2D1002A00F0E38002F1005307EB59
:1061A000C20030ED026BB0EE475B874237EE067BF4
:1061B00036EE476B80ED007B36EE056B80ED026BB3
:1061C000EFD1012A40F3CC80394491ED006BDA0025
:1061D00046A907EBC30333ED027BB0EE465B994261
:1061E00036EE076B37EE467B83ED006B37EE057BB3
:1061F00083ED027BEFD19FED517B02F108033B441D
:1062000007F1100233ED026B9A4237EE067BF9D1AB
:106210004346002B59D1D7E90001D7E90223079C57
:1062200084ED047BC4E90001C4E90223A5E7481E0C
:1062300057F82030C3F3160347F82030CEE600218C
:106240006FF0170303916DE51BEE103A002903F17F
:1062500001030BEE103AC8BF02253FF77AAEB7EE46
:10626000007B37EE4AAB022505E60022A5E69FED4E
:10627000337B07EBCC0C3CED026B674537EE067BBE
:10628000F9D1434697ED006B8BBB079B002A83ED4A
:10629000007B36EE477B0CDD46A90123B1EC026B97
:1062A00001339A4237EE067BF8DA43460BB1B1EE82
:1062B000477B079B83ED027B5FE7BDEEC00B5A4631
:1062C00010EE103A47F82B30F4E697ED005BB1EE94
:1062D000477B97ED026BB1EE455B079BB1EE466BDA
:1062E00083ED005B83ED026B83ED047B45E7079B49
:1062F000B1EE475B002A83ED005B36EE477BCBDCDB
:10630000D5E7049B4FEAC30C53E5A69B022B1BDC8D
:10631000002B21DC7FF431AF9FED087B26E700BF27
:10632000AFF300800000000000007041000000009A
:106330000000703E00000040FB21F93F000000001B
:106340000000000088040020A69B032B7FF415AFFB
:106350009FED067B44AF5BE79FED047B44AF90E786
:106360009FED027B54E700BFAFF300800000000008
:106370000000000051EC100B10EE102A21F0004339
:1063800043EC102B704700BF0000000010B582B036
:106390008DED000B01990098C1F30A52A2F2FF3370
:1063A000132B844631DC002B21DB3A4A1A4101EAE7
:1063B000020404438E462DD09FED347B9DED006B8F
:1063C00036EE077BB5EEC07BF1EE10FA09DD002951
:1063D00004DA4FF4801141FA03F39E442EEA0201DD
:1063E00000200B46024643EC102B02B010BD9FED7F
:1063F000277B30EE077BB5EEC07BF1EE10FAF0DDC7
:10640000002928DB00200146EBE7332B06DDB3F53E
:10641000806F1BD09DED000B02B010BDA2F21342A5
:106420004FF0FF3E2EFA02F21042F3D09FED177BA1
:106430009DED006B36EE077BB5EEC07BF1EE10FAFA
:10644000CFDD002913DB2CEA0200CAE79DED007BBB
:1064500037EE070BE0E721F0004101430E4B002926
:106460004FF000000CBF4FF000411946B9E7142B64
:1064700009D00124C3F1340304FA03F39C446045BA
:1064800088BF0919DFE70131DDE700BF9C7500888F
:106490003CE4377EFFFF0F000000F0BF53EC102BF1
:1064A00010B4C3F30A54194674BB23F000411143DE
:1064B00027D09FED307B3B4920EE077B884253EC91
:1064C000172B43DBC3F30A541946363C4CF2503CBD
:1064D000604522DC204440F2FE74A0421DDC00280E
:1064E00029DC10F1350F38DB21F0FF41363021F483
:1064F000E0019FED227B41EA005343EC102B20EE9C
:10650000070B5DF8044B704740F2FF7C6445DDD11A
:1065100030EE000B5DF8044B70479FED1A7B9FED4A
:106520001B5BB0EE470B002B5DF8044B27FE057B91
:1065300027EE000B704721F0FF4121F4E00141EA12
:10654000005343EC102B5DF8044B70479FED110B8B
:106550005DF8044B27EE000B70479FED0E7B9FED1F
:106560000F5BB0EE470B002B27FE057B27EE000BE1
:10657000C7E700BF0000000000005043000000001B
:106580000000903C9C7500883CE4377E9C75008838
:106590003CE437FE59F3F8C21F6EA50159F3F8C267
:1065A0001F6EA581B03CFFFF81F0004102E000BFFB
:1065B00083F0004330B54FEA41044FEA430594EAC3
:1065C000050F08BF90EA020F1FBF54EA000C55EAFE
:1065D000020C7FEA645C7FEA655C00F0E2804FEACF
:1065E0005454D4EB5555B8BF6D420CDD2C4480EAB1
:1065F000020281EA030382EA000083EA010180EAE1
:10660000020281EA0303362D88BF30BD11F0004F2E
:106610004FEA01314FF4801C4CEA113102D0404264
:1066200061EB410113F0004F4FEA03334CEA13339F
:1066300002D0524263EB430394EA050F00F0A780B7
:10664000A4F10104D5F1200E0DDB02FA0EFC22FAB2
:1066500005F2801841F1000103FA0EF2801843FAA6
:1066600005F359410EE0A5F120050EF1200E012A97
:1066700003FA0EFC28BF4CF0020C43FA05F3C018D5
:1066800051EBE37101F0004507D54FF0000EDCF14E
:10669000000C7EEB00006EEB0101B1F5801F1BD3F7
:1066A000B1F5001F0CD349085FEA30004FEA3C0CFB
:1066B00004F101044FEA445212F5800F80F09A80F1
:1066C000BCF1004F08BF5FEA500C50F1000041EBF5
:1066D000045141EA050130BD5FEA4C0C404141EBF9
:1066E0000101013C28BFB1F5801FE9D291F0000FF4
:1066F00004BF01460020B1FA81F308BF2033A3F1A3
:106700000B03B3F120020CDA0C3208DD02F1140C99
:10671000C2F10C0201FA0CF021FA02F10CE002F1D4
:106720001402D8BFC2F1200C01FA02F120FA0CFCCD
:10673000DCBF41EA0C019040E41AA2BF01EB045116
:10674000294330BD6FEA04041F3C1CDA0C340EDC14
:1067500004F11404C4F1200220FA04F001FA02F357
:1067600040EA030021FA04F345EA030130BDC4F115
:106770000C04C4F1200220FA02F001FA04F340EA0A
:106780000300294630BD21FA04F0294630BD94F0BB
:10679000000F83F4801306BF81F480110134013DA2
:1067A0004EE77FEA645C18BF7FEA655C29D094EA13
:1067B000050F08BF90EA020F05D054EA000C04BF91
:1067C0001946104630BD91EA030F1EBF002100207C
:1067D00030BD5FEA545C05D14000494128BF41F01B
:1067E000004130BD14F580043CBF01F5801130BD7F
:1067F00001F0004545F0FE4141F470014FF000000A
:1068000030BD7FEA645C1ABF194610467FEA655CBA
:106810001CBF0B46024650EA013406BF52EA03355C
:1068200091EA030F41F4002130BD00BF90F0000F4A
:1068300004BF0021704730B54FF4806404F1320486
:106840004FF000054FF0000150E700BF90F0000F3F
:1068500004BF0021704730B54FF4806404F1320466
:1068600010F0004548BF40424FF000013EE700BF36
:1068700042004FEAE2014FEA31014FEA02701FBFC6
:1068800012F07F4393F07F4F81F06051704732F0F8
:106890007F4208BF704793F07F4F04BF41F400214F
:1068A000704730B54FF4607401F0004521F00041AD
:1068B0001CE700BF50EA010208BF704730B54FF037
:1068C00000050AE050EA010208BF704730B511F038
:1068D000004502D5404261EB41014FF4806404F170
:1068E00032045FEA915C3FF4D8AE4FF003025FEAF6
:1068F000DC0C18BF03325FEADC0C18BF033202EB7A
:10690000DC02C2F1200300FA03FC20FA02F001FAD3
:1069100003FE40EA0E0021FA02F11444BDE600BF76
:1069200053B94AB9002908BF00281CBF4FF0FF31F6
:106930004FF0FF3001F0FCB8ADF1080C6DE904CE6A
:1069400000F01AF8DDF804E0DDE9022304B0704736
:10695000430803F05533C01A830803F0333300F0C3
:106960003330184400EB101000F00F3000EB002023
:1069700000EB0040000E70472DE9F047089E0D46E1
:1069800004460F46002B4AD18A42944665D9B2FA92
:1069900082F343B102FA03FCC3F120029F4020FAC4
:1069A00002F217439C404FEA1C4E1FFA8CF5B7FBCE
:1069B000FEF1220C0EFB117742EA074201FB05F0C3
:1069C00090420AD91CEB020201F1FF3780F01C81D2
:1069D000904240F2198102396244121AA4B2B2FB09
:1069E000FEF00EFB102244EA024400FB05F5A5422E
:1069F0000AD91CEB040400F1FF3280F00781A542A4
:106A000040F204816444023840EA0140641B0021E2
:106A10001EB1DC400023C6E90043BDE8F0878B428D
:106A200008D9002E00F0ED800021C6E900050846D7
:106A3000BDE8F087B3FA83F1002949D1AB4202D314
:106A4000824200F2F880841A65EB030201201746A7
:106A5000002EE2D0C6E90047DFE702B9FFDEB2FA56
:106A600082F3002B40F090808A1A4FEA1C471FFAED
:106A70008CFE0121B2FBF7F507FB1520220C42EA40
:106A800000420EFB05F0904208D91CEB020205F112
:106A9000FF3802D2904200F2CB804546121AA4B2CF
:106AA000B2FBF7F007FB102244EA02440EFB00FEA3
:106AB000A64508D91CEB040400F1FF3202D2A6451A
:106AC00000F2BB801046A4EB0E0440EA05409FE7AD
:106AD000C1F120078B4022FA07FC4CEA030C05FAAF
:106AE00001F420FA07F3FD404FEA1C492343B5FBAC
:106AF000F9F81FFA8CFE09FB18551C0C44EA0544F2
:106B000008FB0EF5A54202FA01F200FA01F00BD9DA
:106B10001CEB040408F1FF3A80F08880A54240F2A3
:106B20008580A8F102086444641B9DB2B4FBF9F3AC
:106B300009FB134445EA044403FB0EFEA64508D9AD
:106B40001CEB040403F1FF356CD2A6456AD9023B65
:106B5000644443EA0843A3FB0295A4EB0E04AC4251
:106B6000C846AE4656D353D056B1B0EB080264EBDC
:106B70000E0404FA07F7CA40CC401743C6E9007474
:106B800018460021BDE8F087C3F1200102FA03FC9A
:106B900020FA01F225FA01F19D402A434FEA1C47F1
:106BA0001FFA8CFEB1FBF7F007FB1015110C41EA40
:106BB000054100FB0EF58D4204FA03F408D91CEBE5
:106BC000010100F1FF382FD28D422DD902386144E6
:106BD000491B92B2B1FBF7F507FB151142EA0142DE
:106BE00005FB0EF1914208D91CEB020205F1FF38BA
:106BF00016D2914214D9023D6244521A45EA00412C
:106C000038E73146304608E73946E6E61046FBE607
:106C10004845A9D2B9EB020865EB0C0E013BA3E78E
:106C20004546EAE72B4694E74046D1E7D0467BE766
:106C3000023D624432E708460AE76444023842E70C
:106C400003685A004CBF43F0004323F0004318444C
:106C5000704700BF2DE9F84329B34F1E044615467F
:106C60003E464FF0000808EB060101EBD1714910D8
:106C700004EBC1094846FFF7E3FF0346C8000830AC
:106C80008F42204409D0AB4209D8FFF7D9FF013821
:106C9000A8420AD201F10108E5E7AB4205D98845CF
:106CA00001D04E1EDFE74FF000094846BDE8F883EB
:106CB000012807D0022807D0044B00280CBF184633
:106CC000002070470248704702487047253B020089
:106CD0002D3B0200353B020030B5224B83B0044609
:106CE0008D1E43B301A92846AFF30080F0B101998E
:106CF0002A46FFF7AFFF0146C0B1FFF7A1FF4B687F
:106D0000A064012B2BD0002B01F1040025DBFFF741
:106D100097FF002323650368E064002B12DBFFF775
:106D20008FFF03460020236103B030BD00230920FC
:106D3000236103B030BD0C4B0C49C91AC910184669
:106D40000191D5E7C3F30360FFF7B2FF031E0CBF49
:106D500009200020236103B030BD0123DAE70023BE
:106D60000520E0E70000000064CD0200E0CF020053
:106D70000368DA0710B5044606D49B0700F1480003
:106D800009D500F075FC2368590709D51A070ED5F7
:106D9000DB0613D510BD00F063FC23685907F5D45A
:106DA00004F1D00000F06CFC23681A07F0D404F55D
:106DB000A87000F06DFC2368DB06EBD404F5E870E6
:106DC000BDE8104000F0A8BC0346006800B11844BC
:106DD000704700BF704700BF70B504460E46316C67
:106DE0002046FFF779FF054688B9326C6261236956
:106DF00032462146012098470828F0D0072806D1BE
:106E00002846316CFFF7E6FF301D00F01DFCF3F75C
:106E10003FFC00BF2DE9F0470D1DD0F80C80D0F8E5
:106E20001890074614460FCDADF5727D0DF10C0C90
:106E3000ACE80F000FCDACE80F000FCDACE80F00B1
:106E400095E80F0002AE4FF0000E8CE80F00C6F878
:106E500000E020E0336C7B614FF4F07231467AA899
:106E6000F2F71CFF3B697AAA394650469847889B3F
:106E700073642146CDE9006905463B463A46012048
:106E8000C0470446E0B94FF4F0727AA93046F2F7F1
:106E900005FF082D1AD1316C3846FFF71DFF093464
:106EA0005FFA84FA05460028D4D0B36B73643A467F
:106EB000CDE900693B464AF010010120C04700B10E
:106EC000092528460DF5727DBDE8F087072DF7D11D
:106ED0002046316CFFF77EFF03A800F0B5FB00BF32
:106EE000F0B5CB6B0B6401F1040C0E460546BCE813
:106EF0000F00F9B001AC0FC4BCE80F000FC4BCE830
:106F00000F000FC49CE80F004FF0FF3784E80F001C
:106F1000009706E02B696A462946984708280446E8
:106F200008D110992846FFF7D7FE0028F2D0092093
:106F300079B0F0BD6846FFF71BFF062CF7D131464C
:106F40002846FFF749FF00BFC160D96B8261196411
:106F500000221946FFF75EBF70B5C66843690B642F
:106F6000AEB903690A4604460D4601460220984719
:106F7000072805D008280FD129462046FFF72CFF07
:106F80003046296CFFF726FF281D00F05DFB01222B
:106F9000FFF740FFF3F77CFBF3F77AFBC26822B1FF
:106FA000CA6B0A640022FFF735BFFFF799BF00BF25
:106FB000704700BF836801460BB101201847704736
:106FC000012912D009D873B90F2A0CD800EB82021C
:106FD00018465368009A136070470339012994BF1B
:106FE000012002207047022070470846704700BF0A
:106FF00000B585B00A46002303A900911946FFF7A2
:10700000DFFF039805B05DF804FB00BF012912D033
:1070100009D873B90F2A0CD8009900EB82020968CD
:107020005160184670470339012994BF012002209E
:107030007047022070470846704700BF10B584B003
:10704000002303AC039200940A461946FFF7DEFFC3
:1070500004B010BD70B5D36B136402F1040C054687
:107060000C46BCE80F00ADF50E7D0DF15C0EAEE8F0
:107070000F00BCE80F00AEE80F00BCE80F00AEE860
:107080000F009CE80F004FF0FF368EE80F001696B9
:1070900010E0FFF7D3FF214616A8A847034616AA1B
:1070A0006946082083B9049B9847052806460CD0FA
:1070B000092809D026996846FFF70EFE03466A465E
:1070C0000C2116A8002BE4D0092616A8FFF750FEC5
:1070D00030460DF50E7D70BD2DE9F04FCC6C89B0BA
:1070E0001E4654F8043B06940D46174600F003086C
:1070F000002E79D01A0C8DF81D201B04D2B20593F6
:1071000004EB820402238DF81C302B6DB8F1020FC2
:1071100008BFAC6B13F001030CD005A9384600F092
:1071200095FB18B9082009B0BDE8F08F092009B017
:10713000BDE8F08FD4F800A0BAF1000FEDD00193B4
:1071400000F008030293022E4AD0B4F800A0B4F86D
:1071500002900434AB6C29F0010B0F2138469B449C
:10716000FFF746FF834539D82AF001025A4482428C
:1071700094BF002201224FEA490303F002030AF000
:10718000010A43EA0A03012B4BD0022B32D0002B19
:10719000CCD1B8F1000F02D0002A40F0CD800434E9
:1071A000D4F800A0BAF1000FCDD105A9384600F0FF
:1071B0004DFB0028BAD1019B002BB3D00F213846DC
:1071C000FFF716FF0E2102463846FFF737FF384615
:1071D0006A4A0F21FFF732FF0720A8E70022CAE71B
:1071E000D4F804900834B5E71B0205938DF81D60B0
:1071F000032388E7D4F8009029F0004BB8F1000F82
:1072000046D12AB1029B002B5BD0BBF1000F73D09B
:10721000B9F1000F00DA04340BF1010B04EB8B041D
:10722000BEE7B8F1000F19D1B2B161682268881CBD
:107230004FEAD2723FF47AAF05F15803013104935B
:1072400000F08E80201DFFF7BFFD04AB01462846ED
:10725000FCF754F8002859D10834A1E70D2138462D
:10726000D5F82090FFF7C4FE8145F5D1AB6A9C426A
:10727000F2D12046FFF7E4FC0F2102463846FFF723
:10728000DDFE38462A460021FFF7D8FE07204EE7EC
:107290000D213846D5F820A0FFF7AAFE8245B7D1C8
:1072A000AB6A9C42B4D104230022C5E90B23E31846
:1072B000C5F828B06B632368002B59DB01230193C9
:1072C000AAE7994605F15803CDF80C8004F1040AA9
:1072D000B0461E460EE050460496FFF775FD0022AC
:1072E000014604AB284609F101090AF1040AFCF73A
:1072F00005F8D8B9D945EED10D213846FFF778FE0B
:10730000049B2862C5E90934062010E781460D2157
:107310003846FFF76DFEB9F1020F04BF2B46049A01
:10732000286214BF049B43F82C2FEBE74646D4F8A1
:107330000090DDF80C806BE72046FFF781FC0434F9
:107340000246AC6328461446FCF730F800283FF4A8
:10735000EDAE384622460F21FFF770FE0720E6E625
:107360000D2138460193FFF743FE019B2862C9E7D0
:107370000BF1010004EB80007CE700BFE103020099
:107380000023FFF7A9BE00BF0123FFF7A5BE00BF82
:107390000223FFF7A1BE00BF2DE9F0430646C3B0AC
:1073A00091461C46042900F29B80DFE801F07B56E1
:1073B000992E0300002C40F09380102A00F2908058
:1073C0000368DC0600F1F38020AF384600F0AEF928
:1073D000B46B394600234FF0010C0CFA03F212EAA9
:1073E000090F204603F1010303D050F8042B0A6073
:1073F0000446042B01F10401EFD13846B46300F0D8
:107400008BF9002043B0BDE8F083032C68D194B21F
:1074100004EB1243102B4FEA124961D803681D0791
:1074200000F1CD8020AF384600F054F9B26B07EB85
:10743000C90154B10B46D01A01EBC401E4001D5838
:1074400043F8045B8B42FAD122443846B26300F021
:107450001FF9002043B0BDE8F083012C4FEA124829
:107460001FFA82F938D0052C3AD108EB0903202BFA
:1074700036D8B8F10F0F76D9B9F1000F40F08380FC
:107480000F2B0BD83368D80708D5304623F00103FB
:1074900043F0020340F8483B00F0EEF8002043B010
:1074A000BDE8F083E4B9876B23461FFA82FC012014
:1074B000341D00FA03F212EA0C0F394604D051F8D9
:1074C000042B44F823200F460133102BF1D119F47B
:1074D0000050E3D1B76304E008EB0903102B03D994
:1074E000022043B0BDE8F083B8F10F0FF8D833683D
:1074F000DA0706D5304623F0030340F8483B00F096
:10750000B3F820AF38464D4600F0AEF8B26B002D10
:107510005ED04FF0000907EBC80102EBC503043948
:1075200052F8040B41F8040F9A42F9D1B9F1000F57
:1075300054D06F464146102938BF102107EBC101D6
:10754000843903EBC90253F8045B41F8045F9A42A3
:10755000F9D1012C3BD0B8F10F0FB26358D938469E
:1075600000F08EF89AE7102B54D93268D707A3F1B0
:10757000100909D522F00103304643F0020340F818
:10758000483B00F079F83268530739D4B8F10F0F4F
:1075900002D820A800F070F86F463846C8F11005F0
:1075A00000F072F8002DB26B28DD20AFB3E723F0B6
:1075B0001003036000F5E87000F0B8F804E723F06A
:1075C0000803036000F5A87000F084F82AE720AFF4
:1075D0000432B263384600F043F85FE7012CF7D07D
:1075E000B8F10F0FB2633FF659AF384600F040F8DC
:1075F000B9F1000F3FF452AF6F46B0E7134699E779
:10760000304622F0040240F8D02B00F03DF8BDE7F0
:1076100020AFEAE73368D90708D523F001033046E5
:1076200043F0020340F8483B00F026F820AF38460C
:107630004D4600F021F8B26B002D7FF46AAF38465A
:1076400000F016F82AE700BF00F1340191E8380095
:107650009C46A6464CF8045D90E8FF0FE54600BD49
:1076600090EC210B704700BF80EC210B704700BFEE
:1076700090EC200B704700BF80EC200B704700BFE0
:10768000D0EC200B704700BFC0EC200B704700BF50
:10769000F0EC0201F0EC0211F0EC0221F0EC02310E
:1076A000F0EC0241F0EC0251F0EC0261F0EC0271FE
:1076B000F0EC0281F0EC0291F0EC02A1F0EC02B1EE
:1076C000F0EC02C1F0EC02D1F0EC02E1F0EC02F1DE
:1076D000704700BFE0EC0201E0EC0211E0EC022197
:1076E000E0EC0231E0EC0241E0EC0251E0EC02613E
:1076F000E0EC0271E0EC0281E0EC0291E0EC02A12E
:10770000E0EC02B1E0EC02C1E0EC02D1E0EC02E11D
:10771000E0EC02F1704700BFB0FC0181B0FC0191C8
:10772000B0FC01A1B0FC01B1704700BFA0FC018119
:10773000A0FC0191A0FC01A1A0FC01B1704700BF19
:10774000EC4600B52DE900502DE9FF1F4FF0000376
:107750002DE90C0001A9FFF7C3FBDDF840E012B0F2
:10776000704700BFEC4600B52DE900502DE9FF1F22
:107770004FF000032DE90C0001A9FFF7EDFBDDF848
:1077800040E012B0704700BFEC4600B52DE9005054
:107790002DE9FF1F4FF000032DE90C0001A9FFF7B1
:1077A000FDFBDDF840E012B0704700BFEC4600B5CD
:1077B0002DE900502DE9FF1F4FF000032DE90C00CB
:1077C00001ABFFF7C1FBDDF840E012B0704700BF2E
:1077D000EC4600B52DE900502DE9FF1F4FF00003E6
:1077E0002DE90C0001AAFFF735FCDDF840E012B0EE
:1077F000704700BF027A03467AB9427AA2B1416863
:10780000013A10B44272086803220C1D1A72020277
:107810005C60000E10BC1A6070470068013A1A7272
:1078200002021A60000E7047B020704700B585B0A4
:10783000002303AA009219460C22FFF7C1FB03980C
:1078400005B05DF804FB00BFFFF7F0BF2DE9F04382
:1078500085B007460E464FF0000803AD3046FFF7EF
:10786000C9FFB028044600F0CB80030640D500F0E5
:10787000F003802B56D0B02B7DD01CD8902B00F07D
:107880009380A02B13D1C34303F007034FF47F620F
:107890001A41010702F47F624FF0000348BF42F42F
:1078A000804219463846FFF777FD0028D6D00920D8
:1078B00005B0BDE8F083C02B4BD1C62800F089800D
:1078C000C72800F0A28000F0F803C02B00F0BC80B5
:1078D000C82800F0BF80C928E9D13046FFF78AFFE9
:1078E000020300F00F0002F470220130024339E07D
:1078F0008300DBB203F104090023194600950D2231
:107900003846FFF75DFB039B60064CBFA3EB090302
:107910004B440393002300950D2219463846FFF788
:1079200075FB9BE704023046FFF764FF2043B0F588
:10793000004FBCD004010023A2B219463846FFF71D
:107940002BFD0028B3D114F4004F18BF4FF00108ED
:1079500084E700F0F803D02BA9D100F00702013230
:1079600042F40022052301213846FFF715FD0028C7
:107970003FF474AF9BE7B12837D0B22800F087807E
:10798000B32856D000F0FC03B42B90D000F00702CF
:10799000013242F40022012319463846FFF7FCFC6D
:1079A00000283FF45BAF82E700F00D030D2B3FF49E
:1079B0007EAF002300F00F02194600953846FFF70E
:1079C000FFFA002300950D2219463846FFF71EFBEB
:1079D00044E73046FFF70EFF020300F00F0002F409
:1079E0007022013002430323D6E73046FFF702FF3F
:1079F000024600283FF45BAF10F0F003CCD056E70E
:107A0000B8F1000F32D0002052E73046FFF7F2FE07
:107A1000024600283FF44BAF10F0F00F7FF447AF61
:107A2000002304213846FFF7B7FC00283FF416AFC7
:107A30003DE73046FFF7DEFE020300F00F0002F4E0
:107A4000702201300243A6E700F00F02013242F437
:107A50002022C8E73046FFF7CDFE00F0F00200F02C
:107A60000F031032013343EA02327BE703AC434693
:107A70000E22414600943846FFF7A2FA009443468E
:107A80000F2241463846FFF7C1FA404610E700236F
:107A90000D22194600953846FFF792FA3046FFF757
:107AA000A9FE0206039C4FF002090CD500F07F00EE
:107AB00000FA09F0044430460394FFF79BFE0306E6
:107AC00009F10709F2D400F07F0303FA09F304F582
:107AD000017423441DE700BF10B5C26C536884B025
:107AE0004FF0030C08321C0208461B0E01A901943A
:107AF00002928DF80CC08DF80D30FFF7A7FE04B090
:107B000010BD00BF08B5FFF79FFE806C08BD00BF29
:107B100008B5FFF799FEC06CC379023300EB830010
:107B200008BD00BF08B5F2F7B3FD08B5FFF7FAFFCF
:107B3000704700BF2DE9F04F2DED108B97B08A46AE
:107B400000210792129100220021CDE90412804603
:107B5000514611910F4611F8012B2D2A5ED801A034
:107B600050F822F0A9440200C1430200C1430200C0
:107B7000C1430200C1430200C1430200C1430200ED
:107B8000C1430200C1430200F7420200F742020073
:107B9000F7420200F7420200F7420200C14302002E
:107BA000C1430200C1430200C1430200C1430200BD
:107BB000C1430200C1430200C1430200C1430200AD
:107BC000C1430200C1430200C1430200C14302009D
:107BD000C1430200C1430200C1430200C14302008D
:107BE000C1430200F7420200C1430200C143020048
:107BF000C1430200C1430200C1430200C14302006D
:107C0000C1430200C1430200C1430200C14302005C
:107C1000E34A0200C1430200CF4A02000021099159
:107C2000302A7DD0002308932F2A144640F2CD84B9
:107C30004FF0000938464E464D4612E00130082DFF
:107C40001190C8BF09EB89090478C6BF02EB49024D
:107C5000A2F13009A3F130062F2C05F101052246CF
:107C60006FDD06EB8603392C02EB4303E6DD9F490B
:107C7000012201F069FB002837D1119B1A4601331C
:107C800011935478002D40F04385302C40F024852A
:107C9000C3F101029818013311931C78302CF9D0EC
:107CA000A4F13103082B00F20183119F431CA4F1BE
:107CB000300B0B930125BC464FF0000E06EB8606F9
:107CC0000BEB460600200CF1010311939CF80140D8
:107CD000A4F13001092900F2BB8201308B46002952
:107CE00040F04F84DDF844C0EDE70020652CAE463F
:107CF0000B90844601D0452C30D1002D6BD1089BD0
:107D0000034367D1079B9FED778B13B1079BC3F8A4
:107D100000A0B0EE480B17B0BDEC108BBDE8F08FA3
:107D20007A7802F0DF02582A00F00C8401371197AC
:107D30003A78302AFAD0002A00F0B780012308935D
:107D400072E76A49012201F0FFFA002800F0C080C2
:107D5000AE464FF0000CCDF82CC060464FF0000B43
:107D6000002D7ED007EE906A0B9BB8EE677BABEBE5
:107D70000303BEF1000F08BFAE46102D0A932B4639
:107D8000A8BF1023092D8DED047B0CDD584A02EBB2
:107D9000C30212ED125B06EE909AB8EE666BA7EE88
:107DA000056B8DED046B0F2D00F3A8800A9A002A55
:107DB00000F0E4830A9A40F33C83162A40F3988447
:107DC0000A99C5F125028A4280F2A6840A9AEB1A22
:107DD000134499E00025DDF844A00AF10103119352
:107DE0009AF801402B2C00F05E822D2C00F0F781D8
:107DF00000230A93A4F13003092B00F2EB81302C0D
:107E000005D1119B013311931C78302CFAD0A4F1C9
:107E10003103082BA2D8119A0C92531C1193A4F190
:107E2000300B54782F2C07DCDEE3013311934C78B0
:107E30002F2CA2F1300B06DD0BEB8B02392C1946EF
:107E400004EB4202F1DD0C9A9B1A082B40F3CC8321
:107E500044F61F6B0A9B002B82D0CBF1000B002D48
:107E600080D1089B034320D1BCF1000F7FF44AAFBF
:107E7000692C00F0CF8300F3F382492C00F0CA8311
:107E80004E2C7FF43FAF1B4911A801F01BF90028CD
:107E90003FF438AF119B1B78282B00F0F284164872
:107EA00006F08CFAB0EE408B01E09FED0E8B079A46
:107EB0000AB1119B1360099B002B3FF42AAFB1EE6E
:107EC000488BB0EE480B17B0BDEC108BBDE8F08FBF
:107ED000119B0B905A1C11925C78AE46F8E600BFDD
:107EE000AFF300800000000000000000004E002002
:107EF000580D00202C4C0020342D00200A9AEB1A3B
:107F00001344002B40F3B08213F00F010AD0C34A90
:107F100002EBC1029DED046B92ED007B27EE067B28
:107F20008DED047B33F00F0240F03882002308937C
:107F300000962B4672463946404604F007FB8146C0
:107F4000002800F0E1820B9BA3EB0B0B0A9B9FED3B
:107F5000A9EB002B9FEDA9CB9FEDAADB9FEDABBB5F
:107F6000B4BF5A4600224FF0000A23EAE3730B9293
:107F70000C935446D9F80410404604F065FA0646BE
:107F8000002800F00E81D9F810209DED048B0232FC
:107F9000920009F10C010C30F1F780FEB0EE480BB5
:107FA00014AA13A9404604F08DFE1290002800F098
:107FB000E4800121404604F071FB0446002800F0F3
:107FC000F080139A002AC0F2DE800B9B0C9F02EB1C
:107FD000030B089B149DD21A2A44914B013A9A42F2
:107FE000C5F1360580F29880991A1F29A5EB010585
:107FF00000F3E380012202FA01F30D9300230E93B4
:108000002F44089B5D44AB455A461F44A8BF2A46EF
:10801000BA42A8BF3A46002A03DDAD1ABF1AABEB3D
:10802000020B0B9B002B00F38880002D00F39C803B
:108030000A9B002B00F3B780002F00F3A980BBF14F
:10804000000F08DD21465A46404604F063FC044612
:10805000002800F0A68012993246404604F0F4FC55
:108060008246002800F09D800023C568C360214639
:1080700004F0C8FC0028C0F2C78300F061832146E9
:10808000504604F089FEB0EE007BB4EEC70BF1EE73
:1080900010FA46D8002D00F0CB80B7EE009B059873
:1080A000604B00226049DFF884C100EA01076745A0
:1080B00000F0D480089959B1B7F1D46F08D8B4EE64
:1080C000CB9BF1EE10FA40F2568103F1D661CB1B47
:1080D000B0EE480B43EC1A2B04F060FDAAEE008BC7
:1080E0008DED048B18EE903A089A22B94E4A1A4048
:1080F000974200F0E4801299404604F0CBF93146F3
:10810000404604F0C7F92146404604F0C3F9514601
:10811000404604F0BFF92DE701230021CDE90D31E0
:108120006EE7B6EE009B20EE099B002D5FD1B1EE0D
:10813000497B059853EC172BB4E721461A46404675
:1081400004F088FB044660B30146129A404604F0EE
:10815000D3FA30B30F901299404604F09BF90F9A6E
:108160001292002D7FF764AF12992A46404604F020
:10817000D1FB129000287FF45BAF22239FED258B6B
:10818000C8F80030BCE00C9BDDF82CB09F1A20E74B
:1081900031463A46404604F0BDFB064600287FF4CF
:1081A0004EAF1298E9E731460C9A404604F052FB74
:1081B000064600287FF440AFF3E7C2F17F4202F5A4
:1081C0007F0202F57B420121E23201FA02F3CDE99E
:1081D0000D1315E7CDF844A04FF0000BC0E50123C7
:1081E0000A930AF1020311939AF8024002E6B0EEF4
:1081F000497B9EE79535A094FFFFCF3F9535A0942E
:10820000FFFFDF3F35E5AF350000E03F0000C0FF76
:10821000FFFFDF41000000000000F07F580D00204C
:1082200002FCFFFF0000F03F0000F07F0000E07F55
:10823000DDE90412002900F08580DDE9041201293E
:1082400000F0D8811046B74BB7EE009B002229E71B
:10825000652C4FF0010C3FF4BEAD4CE543EC1A2BFE
:10826000A0F1547305939DED04FBB0EE4F0B04F0A9
:1082700095FCAD49AAEE00FB1FEE903AAB4A1940BF
:1082800091428DED04FB72D9A94B18EE902A9A42C7
:1082900003D118EE103A013383D0A54A4FF0FF33D3
:1082A000CDE9043227E700230A939AE7652C00F012
:1082B000D080452C00F0CD804FF0010CD1E551EC81
:1082C000190B0D9308F01CF9FEF7FCFA049B1D43F3
:1082D0000D9B41EC170BC3F313031D4339EE479B72
:1082E00000F0A080B4EECC9BF1EE10FA05D4B4EE11
:1082F000CD9BF1EE10FA7FF7FEAE9DED048B129848
:108300000146404604F0C6F83146404604F0C2F843
:108310002146404604F0BEF84946404604F0BAF80B
:108320005146404604F0B6F8C1E501220992791C95
:1083300011917A78002A3FF4E5AC0F4670E40022F0
:108340000992F4E7C2F313031046002B7FF47BAFCE
:10835000B7EE007BB4EEC70BF1EE10FA00F1D3815B
:10836000B6EE009B20EE099BB1EE497BE2E603F1FD
:1083700054730593B8E6BCEEC99B19EE103A012B75
:1083800038BF012309EE103AB8EE499B002D40F0AA
:108390003E81B1EE497B53EC172B96E6B2F59A7FFE
:1083A00000F3B280102A4FEA221340F38682614C18
:1083B0009DED047B00202246014613F0010F01F1E0
:1083C00001014FEA630304D092ED006B012027EE18
:1083D000067B012B02F10802EFD108B18DED047B81
:1083E000059BA3F15473059304EBC1049DED046B4D
:1083F00094ED007B4C4B27EE067B17EE902A4E49FE
:1084000013408B428DED047B7ED8A1F580118B4209
:1084100040F2D681464C4FF0FF33CDE904340023BF
:10842000089385E5B4EECE9BF1EE10FA7FF563AECE
:1084300063E71632FFF662AD0B9BA3EB0B0B3F4BD2
:1084400003EBCB0393ED007B9DED046B86EE078B76
:108450002DE54FF0000ECDF82CE04FF0010C4EE46E
:108460006E2C3FF410AD4DE43FF460AD5B4213F071
:108470000F010AD0314A02EBC1029DED046B92ED6F
:10848000007B86EE077B8DED047B1B113FF44EAD28
:108490001F2B33DC13F0100218BF6A229DED047B02
:1084A0000892274A0021D80704D592ED006B0121DC
:1084B00027EE067B5B1002F10802F4D109B18DEDC5
:1084C000047B089B93B1DDE90401C1F30A52C2F1B8
:1084D0006B03002B0ADD1F2B40F32F820020342B6F
:1084E000049040F340824FF05C7305939DED047B54
:1084F000B5EE407BF1EE10FA7FF41AAD22239FED2A
:10850000058BC8F80030D2E422239FED048BC8F815
:108510000030CCE40000000000000000000000007B
:108520000000F07F0000F0BF0000F07FFFFF9F7CA5
:10853000FFFFEF7F300D00200000A07C580D0020D1
:10854000481F00200293099B019312AB0093A74A96
:1085500013AB11A9404600F0EBFA10F00F050446EA
:108560003FF4A3AC062D74D1079B9FED9A8B013786
:10857000002B3FF4CEAB1F60FFF7CBBB9DED048B10
:1085800095E40B9BDDF844C003440B93012805F1EF
:1085900001031A4614D02844441E03E046009C42BE
:1085A0000DD001332A46082A1D4606EB8600F5D970
:1085B000102BDCBF09EB89094FEA4909EFE70232CA
:1085C000082D3CDC1546FFF779BB89490122384666
:1085D00000F0BAFE002800F082804FF0000EF14655
:1085E00076467546FFF7B5BB44F61F639B45A8BFAB
:1085F0009B462FE4DDE904231846002B7FF423AECD
:1086000022239FED748B1298C8F8003078E6B0EE04
:10861000497BC0E6774911A800F054FD00283FF4DB
:1086200071AB119B7449013B11A8119300F04AFDF5
:1086300010B9119B013311939FED688B37E4102A19
:10864000DCBF09EB890901EB490915460020FFF75A
:108650003ABB129A3AB1352114A804F0CFFB129913
:10866000404603F017FF013D139B042D00F28F815C
:10867000DFE805F0032D2A1F0300149A049203F289
:108680003342159B23F4801343EA02530593E50517
:1086900002D543F000430593584A1A409DED048BE0
:1086A000002A7FF404AC01F0C7F922230360FFF72E
:1086B000FEBB4FF0FF336FF00046CDE90436E30513
:1086C0007FF55CAF059BE4E74C4B0593F7E7149B04
:1086D0000493159B0593DAE70020FFF7E1BA119B9D
:1086E0001A4601331193547806468146FFF7CDBAF6
:1086F000434B03EBC20393ED008B9DED047B28EE0F
:10870000078BFFF7D4BBBEEE007BB6EE009B11E5F6
:10871000AE460B90FFF7DCBA394BC5F10F054A1B8B
:1087200003EBC50503EBC20395ED008B93ED007BD6
:108730009DED046B28EE068B28EE078BFFF7B7BB89
:10874000002D00F09580DDE904BC2E4BCCF3130125
:108750009942624600F0D2800E9B002B00F0A5806B
:10876000DDE90412134217461AD0B0EE480B002D73
:1087700000F0A68004F012FA089B7BB1C7F30A53FD
:10878000C3F16B03002B09DD1B0503F17F510020B2
:1087900001F5401141EC170B20EE070B38EE008B72
:1087A000089B5BB19FED0F7B144B28EE078B18EEF7
:1087B000902A134013B92223C8F8003012989FE57D
:1087C00002F15473059300230893FFF7B1BB00BF78
:1087D000AFF3008000000000000000000000000077
:1087E0000000F07F000000000000503964440020C9
:1087F000004E0020A8360020AC3600200000F07F9C
:10880000580D0020FFFF0F00DDE904120D43C7D112
:10881000C2F313031746002BC2D122F000431B0DF5
:108820001B05B3F1D66FBBD9DAF814301BB9DAF8EF
:108830001030012BB4DD51460122404604F06AF8A5
:108840002146824604F0DEF80028A9DD089B002BB3
:108850007ED1504B3B40A3F580136FEA13536FEA70
:10886000035305934FF0FF3304939DED048B97E77B
:10887000DDE90412C2F313030B4317467FF46CAF18
:10888000E4E7454911A814AA00F038FC05287FF454
:1088900006AB159B43F0FF4343F4E0030593149BA1
:1088A00004939DED048BFFF702BBDDE904010D9BF2
:1088B00003423FF475AF0F4657E7384C00218FE570
:1088C00004F06CF9089B002B55D0C7F30A53C3F191
:1088D0006B03002B09DD1B0503F17F5101F54011EE
:1088E000284641EC170B20EE070B38EE408BB5EE17
:1088F000408BF1EE10FA7FF455AF81E6089B0499A6
:108900001BB3244B1340B3F1D46F1ED81B0DC3F11E
:108910006B034FF0FF3000FA03F399427FF41CAF72
:108920001F4B9A4230D01B4B134003F58013059325
:10893000002304939DED048B32E74FF0FF3202FADF
:1089400003F3049A1A400492D0E54FF0FF33E4E7B2
:10895000104B3B40B3F1D66F3FF77DAFB3F15C7F77
:108960003FF720AF4CE6C2F14B024FF0FF3393408C
:108970000B400593BAE538EE408BB5EE408BF1EE37
:1089800010FA7FF41BAF3BE60131CCD109E40023A0
:108990007DE600BF0000F07F78440020300D00200D
:1089A000FFFFEF7F10B5234C234B84460A46206817
:1089B0006146FFF7BFF8B4EE400BF1EE10FA27D690
:1089C000F7EEC07B9FED1D7AF0EEE76AF4EE476AA2
:1089D000F1EE10FA0EDDB0EEC05B9FED146BB4EE5D
:1089E000465BF1EE10FA05DC236822221A60B0EE35
:1089F000670A10BD17EE903A13F0FF4FF7D1104BF6
:108A000010EE902A1340002BEED1B0EE670A10BD95
:108A100010EE903A002B0B4804DA05F0D7FCF1EE8B
:108A2000407AE4E7BDE8104005F0D0BCFFFFFFFF4F
:108A3000FFFFEF7F1C5C002094560020FFFF7F7F2C
:108A40000000F07F342D0020C2B100EB020C00B515
:108A50000B460CF1FF3E04E013F8012B00F8012B4C
:108A600042B18645F8D100220CF8012C13F8012BF5
:108A7000002AFBD1591A481E5DF804FB0B4613F877
:108A8000012B002AFBD1591A481E70472DE9F041ED
:108A90000469B4EB611F2FDD00F1140E4E1111F0CB
:108AA0001F0C0EEB84050EEB86032BD05EF8261010
:108AB00004339D4221FA0CF1CCF1200818D97746F5
:108AC0001A6802FA08F20A4347F8042B53F8041B09
:108AD0009D4221FA0CF1F3D8A31B9B00053B9B0898
:108AE00001330EEB83044EF82310C9B1043417E0B0
:108AF000416174460029F9D10023036100234361D9
:108B0000BDE8F0819D4288BF00F11002F4D953F80E
:108B1000041B42F8041F9D42F9D8A41B0EEB8404E9
:108B2000A4EB0E039B1074450361E7D0BDE8F08110
:108B30002DE9F04F2DED028B0C688B46A17885B0A6
:108B4000302908EE100A9246029340F0CE816FF071
:108B50000100001BE21C8318144612F8011B302987
:108B6000F9D0DFF8008318F80120002A00F0E58032
:108B70002278002718F802203D4626462AB116F82A
:108B8000012F18F80220002AF9D1B54901930122DA
:108B9000304600F0D9FB019B814600284DD0002DC6
:108BA0004ED13278A94602F0DF02502A354650D025
:108BB000CBF80060002F69D12B1B013B072B3946F6
:108BC00004DD5B10072B01F10101FADC18EE100A3D
:108BD00003F03AFC8346002800F0668200F1140698
:108BE000AC42019680F0D2810027CDF80C909C49D0
:108BF000A1463C460CE0202F19D0384604372A788D
:108C000018F8022002F00F02824014434D4547D06D
:108C100015F8012D2E2AEED14D45ECD30122284620
:108C200000F092FB8E490028F0D0202FE5D10020E3
:108C300046F8044B04270446E1E7002D00F042818A
:108C4000327802F0DF02AD1B502A4FEA8509354623
:108C5000AED16A782B2A00F025812D2A00F0A5805C
:108C60006E1C002018F802104A1E182A00F29B8081
:108C7000727818F8022010390136002A5AD100B152
:108C800049428944CBF80060002F95D0002B14BFD7
:108C900000250625284605B0BDEC028BBDE8F08F07
:108CA000DDF80C90234646F8043B1846019BF61A63
:108CB000B610CBF8106003F0A1FC7601DAF80040A2
:108CC000301AA04275DCC0F2EF800027DAF80830D5
:108CD0004B45C0F25181DAF804304B454ADDA3EB35
:108CE00009094C4500F38280DAF80C20022A00F0D2
:108CF0006581032A00F08181012A00F06F8118EE5E
:108D0000100A594603F0C6FB5025109A0023284646
:108D1000136005B0BDEC028BBDE8F08F01EB810163
:108D200002EB4102A2F1100116F8012F18F80220FF
:108D3000002AA4D0192AF1DDA1E7494901930122B3
:108D4000204600F001FB019B00286DD1617818F8E6
:108D50000120651C002A69D030292C4605D114F861
:108D6000013F302BFBD018F80320B2FA82F77F09BD
:108D7000012302E7012557B1DAF80C30022B5DD050
:108D8000032B5FD0012B00F0848045F01005109B71
:108D9000C3F800B0029B2846C3F8009005B0BDECB4
:108DA000028BBDE8F08F2E4602E70120AA78AE1CA8
:108DB00058E7061B3146584604F04EF8074678B18E
:108DC000721E53110199012751F8231002F01F035D
:108DD00007FA03F30B4203D0BA4200F3E280022702
:108DE00031465846B144FFF751FE6FE709F1FF35B0
:108DF000002F40F0CE80002D40F0CD806B11019A05
:108E000005F01F0552F823200123AB4013424946C9
:108E1000584618BF47F00207A4EB0904FFF736FED7
:108E20000225DAF80490A6E72178254601F0DF0153
:108E3000502900F0BF80CBF8005027E7119BC3F109
:108E400001031193119B002B9FD0DBF81070DDF80C
:108E50000480BA004346019208EB8700002107E036
:108E6000004E002054330020984243F8041C3FD9A0
:108E70001E4653F8042BB2F1FF3FF5D00132022D0C
:108E8000326000F0BF8014F01F0440F0E78021251D
:108E90007DE7BA077FF579AF019B1B681F43FB078E
:108EA000D3D472E7002081E7221A594618EE100A3F
:108EB000A9EB020903F02EFD00F114038346019390
:108EC000002703E7727818F80200711C002800F0F0
:108ED000A0800D4611F8012F18F802000028F8D1E3
:108EE000751B4FEA85090E465DE60234002338E61D
:108EF000DBF808309F4280F28E803B460BEB83020A
:108F000001210133022DCBF8103051617AD09F42FC
:108F1000B9DA002B40F39B80DBF8142008EB8303C5
:108F20000BF1180083424FEA520240F2B1804446EE
:108F3000016842EAC17244F8042B50F8042B8342C2
:108F40004FEA5202F4D8A3EB0B03193B9B08013301
:108F500048F8232008EB8303002A40F09D80A3EB10
:108F6000080292104345CBF8102073D0DAF808308D
:108F700009F101094B458ADA18EE100A594603F047
:108F800089FA109A00231360A32583E6019E00232B
:108F900089E6012732E72946584603F05DFF074678
:108FA0002CE7B11E584603F057FF00283FF417AFD7
:108FB000032715E74FF0000901274AE6119A002A16
:108FC0007FF49DAE02990B60019B0122CBF810202B
:108FD0001A60109B6225C3F800B05BE64C457FF435
:108FE0008EAE012CEED0611E584603F035FF0028EE
:108FF0003FF485AEDAF80430E4E7119A002A3FF432
:109000007EAEDFE7DAF80030013BA34234D0222500
:10901000BDE60E46C7E5DBF8041018EE100A013174
:1090200003F012FA0646C8B3DBF8103002339A0098
:109030000BF10C010C30F0F731FE594618EE100A16
:1090400003F028FA06F114083369B34656E7002303
:10905000CBF810300023CBF8143087E7019B434452
:10906000C4F1200453F8040C03F0C8FAA042BFF680
:109070000EAFDBF810304CE7631104F01F0458F812
:1090800023200123A34013420CBF222521257EE685
:10909000C8F8002043466AB1043360E7074B08482C
:1090A0003246842102F010FE044B05485A46E42162
:1090B00002F00AFECBF81020CCE700BFDC32002023
:1090C000F032002010B4046809E014F8013FA3F165
:1090D000410CBCF1190F98BF2033934209D111F80C
:1090E000012B002AF1D10134046001205DF8044B0A
:1090F000704700205DF8044B704700BF2DE9F04F2A
:10910000096885B04B1111F01F01029002EB830337
:10911000039140F08F801D1F0193029B01991C68F1
:10912000002341F8043C61780134002900F0988064
:10913000DFF87491A846AC469A461E460EE02029F8
:1091400000F28C80564506DDC44501D2072B5BDD5D
:10915000624551D3082314F8011FA1B119F8010089
:109160000028ECD00133082B06F101063ADCDCF8CC
:109170000010090100F00F000843CCF8000014F8BB
:10918000011F0029EAD1002E6AD0C44501D2072B65
:1091900074DD624552D2111F634653F8040B41F847
:1091A000040FAB42F9D9A5EB0C0323F00303691CB0
:1091B00004330CF1010C614538BF04231344002132
:1091C00043F8041BAB42FBD9019B53F8043C2BB979
:1091D000AA4249D055F8043D002BF9D0052005B02E
:1091E000BDE8F08F6245B6D200234CF8043C194626
:1091F000ACF1040C0123BDE70023ACF104084CF8EA
:10920000043CB246C446A6E7C3F10801DCF80030CE
:109210008900C1F1200E60469B46476807FA0EF3AD
:1092200043EA0B0327FA01FB036040F804BF404503
:10923000F3D38DE7191D01911D466EE7039B002BAB
:10924000C2D0039B0198C3F120014FF0FF33CB4004
:1092500050F8041C0B4040F8043CB8E7292909D019
:10926000042005B0BDE8F08F012305202B6005B078
:10927000BDE8F08F029901340C6084E7DCF800103F
:10928000C3F108039B00C3F12007644608466668E3
:1092900006FA07F1014326FA03F0216044F8040FAF
:1092A0004445F4D375E700BF54330020F0B5254F93
:1092B000A2F1020E164605460C460FCF8BB0EC46C7
:1092C000ACE80F000FCFACE80F0097E803004CF8B4
:1092D000040BBEF1220F8CF800102ED804F1FF3ED3
:1092E00070464FF0000CB5FBF6F206FB1253283324
:1092F0006B44614613F828CC00F801CF2B469E4200
:1093000001F1010C1546EED9002304F80C3089B1A7
:10931000A44472461EF8010F1CF8015D8EF800503F
:10932000A4EB0E030232013B121B0B449A428CF851
:109330000000EEDB20460BB0F0BD00231846237082
:109340000BB0F0BD10350020002A3ED040EA0103EA
:109350009B0730B584462FD1032A2DD90B4608E050
:10936000043A8446194625D01EF0803F22D1032AB4
:1093700022D90468194653F8045BA4F1013EAC42BB
:1093800084462EEA040E00F10400E9D09CF80000A7
:109390000C78A0421BD1E64668B11EF8010F11F807
:1093A000014FA2EB0E03A04203F1FF330FD11CEBE0
:1093B0000303F1D1002030BD9CF800000C788442FA
:1093C00005D1012AF6D0E646E6E710467047001BB5
:1093D00030BD00BF40EA01039B0730B501D1032A2D
:1093E0000FD8844601F1FF3E07E01EF8011F03F885
:1093F000011B541EC1B19C4622466346002AF4D18B
:1094000030BD0B468446194653F8045BA5F1013480
:1094100024EA050414F0803FE4D1043A032A4CF80E
:10942000045B1946EFD8DDE79444002CE8D003F83C
:10943000011B6345FBD130BD30B5174B1D680C4691
:1094400083B001460DB16B6BFBB1636EDB0702D4D9
:10945000A389980513D52246284602F0ADFF636E16
:10946000DA07054602D4A3899B0502D5284603B036
:1094700030BDA06D02F0F6FC284603B030BDA06DF3
:10948000019102F0EDFC0199E5E70190284604F016
:109490005BFE0199D9E700BF1C5C002030B587B0A6
:1094A000054608461446019104F018FF01AA01235D
:1094B000CDE90202059004930DB16B6B6BB3636E43
:1094C00013F0010FB4F90C309AB201D198051DD5F3
:1094D000910406D4626E43F4005322F40052A38137
:1094E000626603AA2846214600F0C6F8636EDA07D2
:1094F000054602D4A3899B0502D5284607B030BD96
:10950000A06D02F0AFFC284607B030BDA06D02F0A0
:10951000A7FCB4F90C309AB2DAE7284604F014FE3E
:10952000CDE700BF10B4044C03460A4620685DF83E
:10953000044B1946FFF7B2BF1C5C00200EB410B5F7
:109540009DB06FF000411FABCDE9060104910949C0
:1095500053F8042B0290084C0868019302A9059463
:1095600000F070FA029B00221A701DB0BDE8104096
:1095700003B070471C5C00200802FFFF931E222BE3
:1095800010B50C460CD80A2A03D0FFF78FFE2046F0
:1095900010BD0028F9DA2D2301F8013B4042F4E721
:1095A00000230B70184610BD38B511F0FF040CD025
:1095B0000346002501E0431C05461846214603F0FA
:1095C00081FC0028F7D1284638BD2146BDE8384047
:1095D00003F078BC30B4047894B10D7884465DB162
:1095E0000A462B4602E012F8013F2BB1A342FAD102
:1095F0001CF8014F002CF2D1ACEB000030BC7047DE
:109600002046FBE7024A12680123503200F002B8FC
:109610001C5C0020F0B4074610B33E468C4616F89A
:10962000010B01E0A04216D01CF8014B002CF9D12F
:10963000D8B116F8015B0C4601E0002BF9D014F804
:10964000013B9D42F9D14DB1002306F8013C166063
:109650003846F0BC70475BB13746DEE72E46F6E78A
:109660001768002FD9D13846F3E7F0BC1060704777
:10967000166038463B70ECE79368002B00F085805D
:109680002DE9F04FB1F90C300C461907804683B034
:10969000174698B225D523691BB310F002033D6825
:1096A0002DD04FF0000ADFF8C0B25646B9465E45ED
:1096B0003346524628BF5B464046002E52D0E169F1
:1096C000676AB847002856DDD9F808301B1A82446B
:1096D000361AC9F80830002BE9D1002003B0BDE8E4
:1096E000F08F2146404602F037FD002840F03881D7
:1096F000B4F90C303D6898B210F00203D1D110F0EB
:10970000010944D14E46009746B38205D4F808B00B
:1097100040F18580B3455A4600F2B48010F4906F52
:1097200040F0C18020680192494602F051FAA368D6
:10973000019AA3EB0B012368A1601344B246236096
:109740000026009A9368A3EB0A03D1449360002B90
:10975000C3D0B4F90C0080B2002ED6D1D5E9009662
:109760000835D1E7D5E900A60835A0E721464046EF
:1097700004F02AFC88B3B4F90C3043F040034FF0F6
:10978000FF30A38103B0BDE8F08F002070471E4674
:10979000BA469946184600951F4666B3002832D04F
:1097A0004A46D4E904132068A568B24228BF32466D
:1097B000884204D905EB030B5A4500F3A780934276
:1097C00064DCE169656A3A464046A847B0F1000B9F
:1097D000D1DDB9EB0B09C9D00120DAF80830A3EBD1
:1097E0000B035F44A6EB0B06CAF80830002B3FF4CE
:1097F00074AF002ED2D1009A5668134608320092F8
:10980000002EF8D01F6832460A21384604F0C6FC04
:10981000002800F09C800130A0EB0709C0E7206819
:109820002369984216D86269B24213D86FF0004398
:10983000B34228BF3346E16993FBF2F3676A02FB48
:1098400003F340464A46B847B0F1000A93DDA6EB61
:109850000A0676E7B345DA4628BFB246524649467D
:1098600002F0B6F9A3682268A3EB0A035244A3608E
:109870002260002BEBD12146404604F0A5FB0028D6
:10988000E5D078E72068B34632464CE73946019286
:1098900002F09EF9019AA3689B1AA36023681344FF
:1098A0002360934695E723682169A3EB010B636965
:1098B00003EB430A0AEBDA7A0BF101034FEA6A0A77
:1098C00033445345524684BF9A46524643052CD5ED
:1098D0001146404601F09CFE00283BD05A462169C3
:1098E0000190F0F7DBF9A289019B22F4906242F02B
:1098F0008002A28103EB0B002361AAEB0B03C4F8E7
:1099000014A0A3602060B34632460CE739465A469D
:1099100002F05EF923685B4423602146404604F070
:1099200053FB00283FF455AF25E7404604F092FD75
:1099300003460028DED12169404604F0C7FFB4F990
:109940000C300C2223F08003C8F8002015E7721CAD
:10995000914626E70C22B4F90C30C8F800200CE739
:109960004FF0FF30BAE600BF00FCFF7F2DE9F04169
:1099700086B002FB03F71D4601AB039301230C9C49
:1099800001919046029705970493064610B1436BE8
:10999000002B3DD0636E13F0010FB4F90C309AB276
:1099A00001D199052DD5920406D443F40053A38127
:1099B000636E23F400536366304603AA2146FFF723
:1099C0005BFE636E78B1DA0706D5059BFF1AB7FB1D
:1099D000F8F006B0BDE8F081A3899B05F5D4A06D31
:1099E00002F040FAF1E7D80707D4A389990504D417
:1099F000A06D02F037FA2846EBE7284606B0BDE82E
:109A0000F081A06D02F02CFAB4F90C309AB2CAE7DA
:109A100004F09AFBBEE700BF10B5064C82B0844646
:109A20000093206813460A466146FFF79FFF02B085
:109A300010BD00BF1C5C0020014B1868704700BFC0
:109A40001C5C00202DE9F04F2DED088BD1B00C46A9
:109A50000BEE101A90460893834602F00BFA036847
:109A60001293184604F03AFC20AF1090082200210F
:109A7000384602F049F9A3891B0603D52369002B58
:109A800000F0558700239FED838B9FED849BCDE9EC
:109A90002533CDE91333CDE9153327AA0E9324924C
:109AA0009246119304934446A1467E4BD3F8E4506A
:109AB00002F0DAF94A4603461CA900975846A8471F
:109AC000002800F0B080C0F2A6801C9A252A034628
:109AD00001D09944E9E7B9EB0405064640F0A780B8
:109AE00000234FF0FF328DF867309846069309F156
:109AF000010999F8003003922B25202609F101096C
:109B0000A3F120025A2A00F2CF80DFE812F0E80227
:109B1000CD00CD00E302CD00CD00CD006A00CD0028
:109B2000CD0005028402CD001002C902CD00BD02A5
:109B30005B005B005B005B005B005B005B005B004D
:109B40005B00CD00CD00CD00CD00CD00CD00CD001F
:109B50005301CD0083011A02530153015301CD007B
:109B6000CD00CD00CD001502CD00CD009602CD0078
:109B7000CD00CD00AB01CD00AA02CD00CD00E306A3
:109B8000CD00CD00CD00CD00CD00CD00CD00CD006D
:109B90005301CD008301DE015301530153017702CC
:109BA000DE017F00CD008902CD005F02E0062F02BA
:109BB0007F00CD00AB017C00B806CD00CD00BD0616
:109BC000CD007C00A3F13002002119F8013B01EB2C
:109BD000810102EB4101A3F13002092AF5D9069176
:109BE0008EE7584602F046F943681593184604F08C
:109BF00075FB1690584602F03DF983681393169B47
:109C0000002B40F02D8699F8003077E799F8003066
:109C100048F0200872E708220021384602F074F864
:109C20000123994441E7B9EB0405064611D0269B70
:109C30002B442693259B0133072BCAE90045259326
:109C40001CDC0AF1080A049B2B440493002E7FF4C9
:109C500047AF269B002B41F00B821BEE103AB3F965
:109C60000C3013F0400F049B18BF4FF0FF330493E8
:109C7000049851B0BDEC088BBDE8F08F1BEE101AB4
:109C800024AA584605F0B4F80028E6D10DF19C0A44
:109C9000D9E700BF0000000000000000FFFFFFFF49
:109CA000FFFFEF7F945600200B93002BD1D00021B3
:109CB000CDE90C118DF8DC3001238DF8671002938B
:109CC0000791059303910F9137AC18F002030993A4
:109CD00002D0029B0233029318F084030A9305D149
:109CE000069B029A9D1A002D00F36983269A89B17A
:109CF00025990DF1670001310132CAF800000729EA
:109D00004FF0010026922591CAF8040000F3A283C7
:109D10000AF1080A099B83B1259B1AA90133023273
:109D2000CAF80010072B4FF0020126922593CAF8BB
:109D3000041000F3A3830AF1080A0A9B802B00F0A9
:109D40006C82039B05995D1A002D00F3A58218F41F
:109D5000807F40F00D82059BCAF804301A44259B91
:109D6000CAF800400133072B2692259300F31B838A
:109D70000AF1080A18F0040F05D0069B02995C1A34
:109D8000002C00F38883049B069902988142ACBFA3
:109D90005B181B180493002A40F0B082002325931F
:109DA000079B1BB10799584604F090FD0DF19C0AE2
:109DB0004C4679E60B93089B073323F00703B3EC7B
:109DC000028BB0EEC87BB4EE497BF1EE10FA08933B
:109DD00040F3E984B5EEC08BF1EE10FA01F1598041
:109DE0009DF86710AB4CAC4B28F080080B9A472AC3
:109DF000C8BF1C460023CDE90C330322079302920F
:109E0000059203930F9300293FF45FAF029B013348
:109E100002935AE7432B0B9303D018F0100F00F076
:109E20005D85089D0822002122A837AC01F06CFF57
:109E300022AB55F8042B2146584601F0BDFF0346DE
:109E40000133059001F0EE82059B089523EAE37348
:109E500002930021CDE90C118DF867100791039151
:109E60000F9132E70B93089B1A4600238DF8673059
:109E7000134653F8044B0893002C00F048850B9BC5
:109E8000532B00F0EC8618F010030C9340F0E7869B
:109E9000039B5D1C01F0E5800C991A46204604F0F6
:109EA0007DF90790002801F02883079B1A1B059273
:109EB0000C9B039322EAE2720F930D930793732393
:109EC0009DF8671002920B939DE718F0200F0B93FB
:109ED000089B3DD0073323F007031A4611465B6801
:109EE00051F8082B08911946002BC0F20C84039BF3
:109EF000013300F09E8228F0800052EA01030290B4
:109F000040F09982039B002B40F09A828046002308
:109F10000393059350AC06E1089B53F8042B06927B
:109F2000002A80F21984069A08935242069299F800
:109F3000003048F00408E1E599F8003048F00808DE
:109F4000DCE548F0100818F0200F0B93089BC1D1F6
:109F500018F0100F40F00B8418F0400F00F003844D
:109F600033F9042B0893D1170B46BDE7089B48F043
:109F70000202029253F8042B089347F63003ADF81F
:109F800068307820454B1193002102230B9000206C
:109F9000039C8DF86700601C00F0AD80029820F0F3
:109FA000800852EA010040F0A480002C40F0AE8608
:109FB000002BACD1029B13F00103059300F0D18379
:109FC00030238DF83F310DF23F14ACE018F0200F34
:109FD00040F0D48318F0100F40F09F8618F0400F27
:109FE00040F0978718F4007F00F09786089B04994B
:109FF00053F8042B089311704C4655E599F800303E
:10A00000682B03BF99F8013048F4007809F1010981
:10A0100048F0400872E599F800308DF867506DE51A
:10A0200099F800306C2B03BF99F8013048F02008F4
:10A0300009F1010948F0100860E50B9348F0100899
:10A0400018F0200100F05183089B073323F0070329
:10A05000596853F8082B089328F48063029300236F
:10A0600095E70B9348F010030293029B13F0200135
:10A0700000F02983089B073323F00703596853F83E
:10A08000082B0893012382E799F8003048F08008F4
:10A0900034E500BFB43600203C2D0020BC36002043
:10A0A000494611F8013B2A2B01F04982A3F1300205
:10A0B000092A894698BF002101F2448119F8013B21
:10A0C00001EB810102EB4101A3F13002092AF5D92C
:10A0D000039115E599F8003048F001080EE59DF868
:10A0E0006730002B7FF48FAD99F800308DF86760F2
:10A0F00004E5CDF80880012B00F09D81022B50ACC7
:10A1000020D1119802F00F031209C35C04F8013D3D
:10A1100042EA0172090952EA0103F3D150AB1B1B59
:10A12000DDF808800593059A03989DF86710824230
:10A130004FF00003B8BF0246CDE90C3307930292FB
:10A140000F9360E602F00703D20842EA4172C908A1
:10A15000303352EA0105204604F8013DF2D1029A5B
:10A16000D10700F14D8250AB1B1B90460593DAE7F7
:10A170000B9B652B40F3D480B5EE408BF1EE10FACB
:10A1800040F0C181259BBA49CAF800100133013261
:10A190000121072B26922593CAF8041000F351855C
:10A1A0000AF1080A1B9B0E998B4280F2D082109B09
:10A1B00012991A44CAE90013259B26920133072BF2
:10A1C000259300F397830AF1080A0E9B5C1E002C6E
:10A1D0007FF7D0AD102C259B40F36E851BEE106AE7
:10A1E000102505E00AF1080A103C102C40F36485A4
:10A1F0000133A0491032072BCAE90015CDE92532F9
:10A20000F0DD24AA3146584604F0F2FD00287ED144
:10A21000DDE925320DF19C0AE6E7069B02995D1AFD
:10A22000002D7FF78EAD102D259B21DD0994102682
:10A230001BEE104A04E0103D102D0AF1080A16DD4D
:10A2400001338C491032072BCAE90016CDE92532BB
:10A25000F1DD24AA214658460DF19C0A04F0C8FD00
:10A26000002854D1103D102DDDE92532E8DC099C91
:10A270008049CAF8045001332A44072BCDE925321E
:10A28000CAF8001000F32685039B05995D1A002D7E
:10A290000AF1080A7FF75BAD102D259B1FDD5146A3
:10A2A00010261BEE10AA04E0103D102D01F108014C
:10A2B00014DD01336F481032072BC1E90006CDE9E8
:10A2C0002532F1DD24AA5146584604F091FDF0B93B
:10A2D000103D102DDDE9253227A9EADC8A4601333D
:10A2E0006449CAF804502A44072BCDE92532CAF83C
:10A2F000001000F3DA810AF1080A28E51BEE101AB3
:10A3000024AA584604F074FD00283FF447AD079B8B
:10A31000002B3FF4A2AC0799584604F0D7FA9CE40E
:10A320000E9B012B40F37A81259BCAF80040013334
:10A3300001320121072B26922593CAF8041000F35D
:10A34000F8810AF1080A1099129801330A44072B80
:10A35000CAE90001CDE9253200F3DD810AF1080ADE
:10A36000B5EE408BF1EE10FA00F077810E990133D3
:10A37000013901340A44072BCAF800402593CAF872
:10A380000410269200F35B810AF1080A1499CAF8B6
:10A39000041001330A44072B1EA9CDE92532CAF85F
:10A3A00000107FF7E5AC1BEE101A24AA584604F003
:10A3B0001FFD0028ABD1269A0DF19C0ADAE4102D7E
:10A3C000DDE925122C4E24DD179410231BEE104AD4
:10A3D000084604E0103D102D0AF1080A17DD01308F
:10A3E00010320728CAE90063CDE92502F2DD24AA6C
:10A3F000214658460DF19C0A04F0FAFC002886D14B
:10A40000103D102DDDE925024FF01003E7DC179C0D
:10A41000014601312A440729CDE92512CAF8006016
:10A42000CAF8045000F3BD839DF867100AF1080ACA
:10A430005DE4CDF808800A2A71F1000380F04583BD
:10A4400030320123DDF808808DF83F2105930DF2AD
:10A450003F1468E61BEE101A24AA584604F0C8FC04
:10A4600000287FF454AF269A0DF19C0A52E400BFF5
:10A470005C4400204C510020EC3600201BEE101AEA
:10A4800024AA584604F0B4FC00287FF440AF269A72
:10A490000DF19C0A51E4102C259BBE4E1FDD1BEED6
:10A4A000108A102504E0103C102C0AF1080A16DD71
:10A4B00001331032072BCAE90065CDE92532F2DD00
:10A4C00024AA414658460DF19C0A04F091FC00284C
:10A4D0007FF41DAF103C102CDDE92532E8DC0133A0
:10A4E0002244072BCAE90064CDE925327FF74BAC43
:10A4F0001BEE101A24AA584604F07AFC00287FF4B8
:10A5000006AF269A3FE41B99002940F35A830C9E1C
:10A510000E9B9E42A8BF1E46002E0BDD259B0133DD
:10A520003244072BCAE900462692259300F3898618
:10A530000AF1080A0C9D002EA8BFAD1B002D00F3E8
:10A5400003820C9B18F4806F2344059340F01F8214
:10A550001B9B0E998B4203DB18F0010F00F0CF8498
:10A56000109912980A44CAE90001259926920131EE
:10A570000729259100F3A5860AF1080A0E996518A6
:10A58000CC1A059BED1AA542A8BF2546002D0DDD6E
:10A59000CAF80030259BCAF8045001332A44072B1F
:10A5A0002692259300F3BB860AF1080A002DA8BF66
:10A5B000641B002C7FF7DEAB102C259B40F37C83C3
:10A5C0001BEE106A102505E00AF1080A103C102C59
:10A5D00040F37283013370491032072BCAE900152A
:10A5E000CDE92532F0DD24AA3146584604F000FCBE
:10A5F00000287FF48CAEDDE925320DF19C0AE5E7F9
:10A60000302B3FF48BAD3023023804F8013C50ABC3
:10A610001B1ADDF808800593044684E518F0010F45
:10A620007FF482AE259BCAF800400133013201213C
:10A63000072B26922593CAF804107FF7A5AE1BEED0
:10A64000101A24AA584604F0D3FB00287FF45FAE0A
:10A65000DDE925320DF19C0A98E60E994C1E002C7E
:10A660007FF794AE102C40F361831BEE106A102527
:10A6700005E00AF1080A103C102C40F3578301331F
:10A6800045491032072BCAE90015CDE92532F0DD26
:10A6900024AA3146584604F0ABFB00287FF437AEBD
:10A6A000DDE925320DF19C0AE5E71BEE101A24AA1C
:10A6B000584604F09DFB00287FF429AE269A0DF140
:10A6C0009C0AFFF744BB029B13F0100340F0C180CB
:10A6D000029A12F0400200F07A83089850F8042B96
:10A6E0000890194692B2012351E418F0100355D195
:10A6F00018F0400200F05D83089850F8042B089091
:10A70000194692B2A8E4524261EB4101CDF80880AB
:10A710002D2001233CE41BEE101A24AA584604F015
:10A7200067FB00287FF4F3ADDDE925320DF19C0ACB
:10A7300016E61BEE101A24AA584604F059FB00280E
:10A740007FF4E5ADDDE925320DF19C0AFBE518F05B
:10A75000010F3FF40FAB2AE5089399F80030FFF79B
:10A76000CDB950ACDFE418F4007F40F0DB8353F840
:10A77000042B0893D1170B46FFF7B6BB089B049830
:10A7800053F8041B0893C217C1E900024C46FFF7B7
:10A790008BB900BFEC3600204C510020089B53F8C9
:10A7A000042B089358E4B4EE488BF1EE10FA80F1D4
:10A7B00094860B9B612B00F05285412B00F0C085E5
:10A7C000039B01330B9B23F0200500F08084472D71
:10A7D00004D1039B002B08BF0123039318EE903A8A
:10A7E000002B48F480724646C0F21886B0EE48ABA3
:10A7F00000239046099307930B9B413B252B00F2C6
:10A800009883DFE813F06F049603960396036804B9
:10A810006C04960396039603960396039603960399
:10A820009603960396039603960396039603960360
:10A830009603960396039603960396039603960350
:10A84000960396039603960396039603960368046D
:10A850006C04089B53F8042B08930123FFF797BB64
:10A86000139B002B3FF4CFA9139B1B78002B3FF4C5
:10A87000CAA999F8003048F48068FFF73FB90B93F4
:10A88000CDF80880FFF7F1BB0B939A4B119318F0AA
:10A89000200100F00581089B073323F00703596866
:10A8A00053F8082B089318F0010F0AD052EA01035D
:10A8B00007D00B9B8DF86930302348F002088DF8E3
:10A8C000683028F4806302930223FFF760BB0B9388
:10A8D000FFF7B6BB0B93884B1193D8E7089B012178
:10A8E00053F8042B02918DF8DC200893059137ACC6
:10A8F000FFF7AFBA1BEE101A24AA584604F078FAF4
:10A9000000287FF404AD269A0DF19C0A5DE4039BB8
:10A910000794062B224628BF062303942146CDE93F
:10A920000C22764C029305930F92FFF76CBA4021EC
:10A93000584600F06DFE20602061002800F00F8670
:10A9400040236361FFF79EB8102D259B40F35D8285
:10A95000514610261BEE10AA04E00831103D102DC0
:10A9600040F35282013366481032072BC1E90006DA
:10A97000CDE92532F1DD24AA5146584604F038FAD3
:10A9800000287FF4C4ACDDE9253227A9E6E70E9B59
:10A99000CDF82490E31803930D9BCDF82880139EE7
:10A9A000059DDDF85890DDF83C800B941BEE101AE5
:10A9B0005046002B34D0B8F1000F35D10D9B013B30
:10A9C000013E0D93159BC0E90039259B01334A4494
:10A9D000072B269225936CDC0830039B96F800C069
:10A9E0005B1B6345A8BF6346002B9A460CDD259C84
:10A9F00001341A44072CC0E900532692259400F331
:10AA0000778196F800C00830BAF1000FACBFACEB0C
:10AA10000A046446002C0ADC65440D9B002BCAD155
:10AA2000B8F1000F00F0AC8308F1FF38CAE7102C32
:10AA3000DDF894C024DD05954FF0100A63460D46FD
:10AA400004E0103C102C00F1080016DD01332C4905
:10AA50001032072BC0E9001ACDE92532F1DD24AA16
:10AA60002946584604F0C4F900287FF450AC103C45
:10AA7000102CDDE9253227A8E8DC2946059D9C46F7
:10AA80000CF1010322444460072B1D4C0460CDE906
:10AA9000253200F3C68396F800C008306544BCE751
:10AAA00018F0100300F0C280089B53F8042B0893A1
:10AAB000F9E624AA5846059104F09AF900287FF493
:10AAC00026AC269A059927A887E70298CDF81CA0FE
:10AAD00050AC00F4806000250AEE10BA094BDDF896
:10AAE0004CA0CDF81490A3464FF00508AC460446A0
:10AAF00010E000BFBC360020D0360020E436002035
:10AB00004C510020CDCCCCCC0A2A71F1000136D3B7
:10AB10004A463146501840F10000A3FB005626F08B
:10AB2000030505EB9605401B151A4FF0CC3661F175
:10AB3000000E06FB05F6A5FB039503FB0E6609F068
:10AB4000010E2E44AEFB085E2D184FEA5909303530
:10AB50000BF8015C49EAC6790CF1010C0BF1FF3BE3
:10AB60007608002CD0D09AF800008445CCD1BCF1F6
:10AB7000FF0FC9D00A2A71F1000180F08F815C4675
:10AB800050AB1B1BDDF81490CDF84CA01AEE10BA98
:10AB9000DDF81CA0DDF80880CDF838C00593FFF77C
:10ABA000C2BA1BEE101A24AA584604F021F9002854
:10ABB0007FF4ADAB9DF86710269A0DF19C0AFFF764
:10ABC00096B8259BBE48CAF8000001330132012027
:10ABD000072B26922593CAF8040000F377810AF127
:10ABE000080A002940F0AF800E9908F001030B43DA
:10ABF0003FF4C0A8109B12991A44CAE90013259B80
:10AC000026920133072B259300F352820AF1080A9A
:10AC10000E99CAF8004001330A44072BCDE92532CA
:10AC2000CAF804107FF7A4A8FFF7BDBB18F04002D4
:10AC300000F0DD80089850F8042B0890194692B275
:10AC400031E61BEE101A24AA584604F0D1F8002869
:10AC50007FF45DAB269A0DF19C0AFFF7A3BA22AEF2
:10AC60000822002130461D9401F04EF8039B5A1C27
:10AC700000F0DB800025CDF80890CDF81C809946C7
:10AC8000A8460CE037A9584601F096F8431C40440A
:10AC900000F0C883484508DC00F0188480461D9AFF
:10ACA000525933460435002AECD1CDF81480DDF832
:10ACB0000890DDF81C80C5E001338249CAF80440E1
:10ACC0002244072BCAF80010CDE925327FF750A89F
:10ACD000FFF769BB1BEE101A24AA584604F088F847
:10ACE00000287FF414AB269A0DF19C0AFFF729B8CF
:10ACF00024AA5846059104F07BF800287FF407AB9E
:10AD000096F800C0269A059927A87DE6012BCDF874
:10AD100008807FF4F3A9FFF793BB089B049953F8CD
:10AD2000042B4C4611600893FEF7BEBE0133654903
:10AD3000CAF804402244072BCDE92532CAF8001096
:10AD40007FF722AB7BE4109B12981A44CAE90003F8
:10AD5000259B26920133072B259300F3A9810AF145
:10AD6000080A0029BFF654AF4D42103180F20F831C
:10AD70001BEE101A102605E00AF1080A103D102DEE
:10AD800040F3058301334F481032072BCAE9000610
:10AD9000CDE92532F0DD24AA5846039104F028F8C5
:10ADA00000287FF4B4AADDE9253203990DF19C0A4D
:10ADB000E4E7089B18F400711ABF114653F8042BFE
:10ADC00053F8042B089318BFD2B2FFF745B9029B82
:10ADD00013F40071089B1ABF114653F8042B53F863
:10ADE000042B089318BFD2B20123FFF7D0B8089BF9
:10ADF00018F400711ABF114653F8042B53F8042BB2
:10AE0000089318BFD2B24EE58A4601332D49CAF8DD
:10AE100004502A44072BCDE92532CAF8001000F36C
:10AE200039810AF1080AFFF78CBB00231946009606
:10AE30001DAA584602F01AF903460133059000F0A6
:10AE4000F1821D94059B002B4ED0632B00F31881DB
:10AE50000023079337AC08220021304600F054FF4E
:10AE6000059D00962B461DAA2146584602F0FEF885
:10AE7000854240F07C83059A0023A35422EAE272C3
:10AE8000CDE90C339DF86710039302920F93FEF700
:10AE9000BABF2D218DF86710FEF7A4BF169B159938
:10AEA000ABEB030B1A465846FEF794FA9AF80120CA
:10AEB000054B0AB10AF1010A4FF0000C28E600BF69
:10AEC0005C4400204C510020CDCCCCCC1BEE101AA1
:10AED00024AA584603F08CFF00287FF418AA1B9977
:10AEE000269A0DF19C0A7CE6059B9DF867100F934E
:10AEF000CDE90233CDE90C330793FEF784BF0E99F9
:10AF0000059865182D1ACC1AA542A8BF2546FFF74B
:10AF10004DBB089B049953F8042B089311804C46B1
:10AF2000FEF7C2BD13F9042B0893D1170B46FEF7A9
:10AF3000DBBF039A022122AB01931DAB009358465D
:10AF40001BABB0EE4A0B029202F030F9472D029A89
:10AF5000044600F06181462D104405D12378302B42
:10AF600000F06F821B9A1044B5EE40ABF1EE10FA80
:10AF700040F0468103461B1B0E93472D00F01081C5
:10AF8000462D00F0B5811B9B0C930C9B412D03F1CA
:10AF9000FF331B9300F0E5819DF82C200021002B4E
:10AFA000B8BF0C9B8DF87820BABFC3F101032D22E6
:10AFB0002B22092B8DF8792040F3DA810DF18F05D2
:10AFC000DFF81CC42A4610468CFB0321DA17C2EBBB
:10AFD000A10202EB8201A3EB4101303100F8011C18
:10AFE00019466329134600F1FF32ECDC3033D9B245
:10AFF000831E9D4202F8011C40F28B8213460DF124
:10B000007A0201E013F8011B02F8011B9D42F9D1FD
:10B010000DF191030DF17A021B1A13441EAA9B1A1B
:10B0200014930E9B149A012B1A44059240F3038249
:10B03000059B109A1344059326F48063059A43F404
:10B0400080780023CDE90C3322EAE2720F9302925A
:10B05000099B002B40F0B1809DF867100393FEF729
:10B06000D2BE204603F03AF902460590FEF720BF13
:10B070001BEE101A24AA584603F0BAFEFEF7EDBDE7
:10B08000591C584600F0C4FA0446002800F0CA8152
:10B090000790E0E61BEE101A24AA584603F0A8FE1B
:10B0A00000287FF434A9269A0DF19C0AFFF749BACB
:10B0B0001BEE101A24AA584603F09AFE00287FF4CB
:10B0C00026A9DDE925321B990DF19C0A49E60623E4
:10B0D0000393FFF783BB039B02215A1C2BE7039AC0
:10B0E000032128E71BA8B0EE4A0B03F077F9B4EE72
:10B0F000007B20EE070BB5EE400BF1EE10FA01D10C
:10B1000001231B93B348039BB3EE005B013B224634
:10B1100004E0B5EE400BF1EE10FA13D020EE050B73
:10B12000FDEEC07BB3F1FF3F17EE901A415CB8EE25
:10B13000E76B944630EE460B02F8011B194603F10B
:10B14000FF33E6D1B6EE006BB4EEC60BF1EE10FAAB
:10B1500000F34881B4EE460BF1EE10FA04D117EE7D
:10B16000903ADB0700F13E81002906DB4B1C1344BB
:10B17000302102F8011B9342FBD1131B0E93FCE616
:10B180000B9C0E9BDDF82490DDF828801396E318C5
:10B190009D42294628BF194682460591FFF7D8B936
:10B1A0001B9B0C93DA1C02DB039A93420CDD0B9B76
:10B1B000023B0B9323F02005E7E62D2100238DF8B9
:10B1C00067100393FEF722BE0C9B0E9A9342C0F2C7
:10B1D000BD80F0070C9B40F13281109A1344059317
:10B1E000710503D50C9B002B00F33581059B23EAE9
:10B1F000E373029367230B9300230F930D9327E7C9
:10B20000229B8342BFF4B7AE30215A1C22921970A0
:10B21000229B9842F9D8AEE6F30700F1A780229B63
:10B22000A9E624AA5846059103F0E2FD00287FF420
:10B230006EA896F800C0269A059927A86544FFF7DE
:10B24000ECBB1BEE101A24AA584603F0D1FD0028CF
:10B250007FF45DA8269A0DF19C0AFFF76BB978235D
:10B260008DF8693030238DF86830039B632B48F0EC
:10B27000020600F3A6800023079337AC18EE903A3D
:10B28000002B48F481782BDBB0EE48AB0B9B23F00E
:10B290002005002309930B9B612B7FF4ADAAB0EE30
:10B2A0004A0B1BA803F09AF8B4EE007B20EE070BC4
:10B2B000B5EE400BF1EE10FA01D101231B93464885
:10B2C00021E71BEE101A24AA584603F091FD00282E
:10B2D0007FF41DA81B9B269A0DF19C0AFFF74EB91F
:10B2E0000B9B23F020052D230993B1EE48ABD2E749
:10B2F0001B9A0C92002A06F0010340F30D8103997A
:10B300000B4340F0CF800C9B059366230B93720593
:10B3100000F1A380059B23EAE37302936CE71BEE25
:10B32000101A24AA584603F063FD00287EF4EFAFFC
:10B330001B9C0E9B269A1C1B0DF19C0AFFF736B92D
:10B3400058238DE700220392FEF7DABB0E9B109A7A
:10B350009A180C9B0592002B40F3AB8067230B934C
:10B36000D5E70B9A0F32D2B2012118E6A018FBE5FF
:10B37000002940F0A88030228DF87A200DF17B0260
:10B38000303302F8013B1EABD31A149349E6013364
:10B390001249CAF804502A44072BCDE92532CAF8CD
:10B3A00000107FF733AC1BEE101A24AA584603F0A6
:10B3B0001FFD00287EF4ABAFDDE925320DF19C0ABC
:10B3C00026E4591C584600F023F9044650B3079070
:10B3D00054E700BFD0360020BC3600204C5100207E
:10B3E00067666666CDF888C012F8011C90F80FC039
:10B3F000614513460AD14FF0300E03F801EC229B51
:10B40000591E229113F8011C8C45F6D0392916BF1C
:10B410000131817AC9B203F8011CAEE600239046DF
:10B42000079360E71BEE102AB2F90C3043F040039B
:10B430009381FEF716BCF5077FF5FEADF8E50593A1
:10B44000CEE6B5EE40ABF1EE10FA3FF48BADC2F1B3
:10B4500001021B9287E567230B9313990B78FF2B4F
:10B4600079D000250C9A284603E001300131FF2BEA
:10B4700008D0934206DAD21A4B78002BF5D10B781C
:10B480000135F4E70C9213910D900F950F9A0D9BD7
:10B4900016991344059A01FB0323059323EAE373EA
:10B4A0000293D5E5109BD3181944662305910B939D
:10B4B0002DE7C3F101031A4422EAE27302936723E2
:10B4C00005920B9398E60DF17A0259E7039BDDF89C
:10B4D0000890DDF81C800593B4E418EE903A002B38
:10B4E000B4BF2D219DF86710254C264BB8BF8DF8B1
:10B4F000671028F08008FEF779BC039B0293059340
:10B5000073239DF8671003900F900D900B93FEF737
:10B510007ABC0223149384E5039A134305D10123D3
:10B52000662202930B92059366E6109B01331A4440
:10B5300022EAE2730293662305920B935CE6089A73
:10B5400099F80130894652F8041B089241EAE171EA
:10B550000391FEF7D3BA00230F930D9396E70C23C4
:10B56000CBF800304FF0FF330493FEF781BB1BEEA6
:10B57000102A938943F040039381FEF7C8BE00BFB1
:10B58000B8360020382D0020F0B5ADF5057D04AFAC
:10B59000009313464FF400720E460392394603AAF5
:10B5A000054602F04BFE88B104460246039B314635
:10B5B000284603F007FCBC42039004D028462146ED
:10B5C00003F084F903980DF5057DF0BD4FF0FF30D1
:10B5D000F9E700BF10B4054C8446134620685DF8B7
:10B5E000044B0A466146FFF7CFBF00BF1C5C00203A
:10B5F000024B0146186800F00BB800BF1C5C00202D
:10B60000024B0146186803F061B900BF1C5C0020C2
:10B610002DE9F04F01F10B06162E83B0044624D815
:10B62000102900F2BA8000F003FF10261822022031
:10B63000B54F3A44A2F1080153688B4200F0BA803A
:10B640005A68D96822F003021A449D68E9608D6047
:10B65000516841F001012046516003F1080500F0F6
:10B66000EDFE284603B0BDE8F08F36F0070600F186
:10B670009480B14200F2918000F0DAFEB6F5FC7FD2
:10B68000C0F09A81730A00F08F80042B00F26F8162
:10B69000B30903F1390003F1380CC3009A4F3B445E
:10B6A000A3F108055B689D4206D10CE0002980F2F9
:10B6B0002781DB689D4206D05A6822F00302911B65
:10B6C0000F29F3DD60463D69DFF850C265457CD047
:10B6D0006A6822F00302931B0F2B00F37B81002B7F
:10B6E000C7E904CC80F26C81B2F5007F80F01A814A
:10B6F000D308796801334FEA521E012202FA0EF292
:10B700000A4357F833E0C5F808E007EBC3010839EE
:10B71000E9607A6047F83350CEF80C50831001216D
:10B720009940914257D8114206D120F003004900B8
:10B73000114200F10400FAD007EBC0094D468646DD
:10B74000D5F80C80454508D11DE1002B80F22481FD
:10B75000D8F80C80454500F01681D8F8042022F076
:10B760000302931B0F2BF0DD2046D8E9025408EBAF
:10B77000060146F00106C8F80460EC60A56043F0DD
:10B780000104C7E90411C1E902CC4C6048F8023059
:10B7900000F054FE08F1080502E00C2323600025A8
:10B7A000284603B0BDE8F08F4FF4007340204FF0FF
:10B7B0003F0C73E7D3689A4208BF02307FF440AF72
:10B7C0003D69DFF858C1654582D17A68831001214F
:10B7D00099409142A7D9BD686B6823F003094E4593
:10B7E00003D8A9EB06030F2B7ADCDFF834B1474B03
:10B7F000DBF800201B680132334405EB090A00F036
:10B80000338103F580530F3323F47F6828F00F084A
:10B810004146204603F0A0FA411C024600F0F380A6
:10B82000824500F2EE803A4B19684144196008469F
:10B8300000F04E81DBF80010019301311BBFA2EB39
:10B840000A010918CBF80020196012F0070B00F06C
:10B850001781CBF108010A44CBF58051904408319F
:10B86000A1EB0801C1F30B0A51462046009203F0F8
:10B8700073FA421CDDE9002300F04F81801A00EBCF
:10B880000A081968BA6048F001005144BD4250608E
:10B89000196000F02981B9F10F0F40F22781686823
:10B8A000A9F10C0C2CF0070C00F0010040EA0C0090
:10B8B00068604FF0050E05EB0C00BCF10F0FC0E9FE
:10B8C00001EE00F2328150681546124B1A688A4226
:10B8D00038BF1960104B1A688A4238BF196094E06B
:10B8E000AA1943F0010346F001066E602046BA60D3
:10B8F000536000F0A3FD0835284603B0BDE8F08F83
:10B90000D9681A44A1E600BF00580020A88600208C
:10B9100078860020A0860020A486002008580020F9
:10B92000085C0020B2F5206F4FEA522363D3142B3A
:10B9300000F2B78003F15C01C9005B3307EB010E35
:10B940007958AEF1080E8E4500F091804B6823F0D7
:10B950000303934202D989688E45F7D1D1F80CE0F0
:10B960007A68C5E9021ECEF80850CD60D6E6142BE1
:10B9700059D9542B00F29D80330B03F16F0003F172
:10B980006E0CC3008AE60EF1010E1EF0030F05F1E6
:10B9900008057FF4D5AE51E0424445465368D8F8D7
:10B9A0000C1043F00103536055F8083F2046D9605E
:10B9B0008B6000F043FDF3E6F00806F1080237E67D
:10B9C0002A442046536843F001035360083500F0D1
:10B9D00035FDE5E6A919204646F0010643F00104CD
:10B9E0006E60C7E90411C1E902CC4C60AB5000F0B5
:10B9F00025FD0835D4E6930903F13901C900383330
:10BA00009CE7BD425FD0BD68686820F003084645EA
:10BA1000A8EB060302D80F2B3FF762AF204600F0D9
:10BA20000DFD0025BCE603F15C0003F15B0CC300D7
:10BA300034E659F808394B4540F0968010F0030F72
:10BA400000F1FF30F5D17B6823EA01037B604900F8
:10BA500099423FF6C0AE19B9BDE649000EF1040E99
:10BA60001942FAD0704667E603F11008D0E69A1042
:10BA70004FF001087B6808FA02F21A437A6070E717
:10BA800002EB08014942C1F30B0A514620460092DD
:10BA900003F062F9431CDDE900237FF4EFAEDA46E0
:10BAA000EFE6542B25D8130B03F16F01C9006E3359
:10BAB00044E7B3F5AA7F25D8F30B03F1780003F12F
:10BAC000770CC300EAE5294B186840441860B1E6DA
:10BAD000CAF30B0CBCF1000F7FF4ACAEBD68C844D8
:10BAE00048F001006860F0E61546EEE60123536079
:10BAF00094E7B3F5AA7F23D8D30B03F17801C900EB
:10BB000077331BE740F25452934223D8B30C03F12E
:10BB10007D0003F17C0CC300C0E5ABF1080BD844F9
:10BB2000A8EB02084FF0000AABE605F10801204639
:10BB3000009302F0CBFEBD68009B68681968C4E6FC
:10BB400040F254518B420BD8930C03F17D01C90094
:10BB50007C33F3E64FF47E737F204FF07E0C9DE53F
:10BB60004FF47E717E23E9E67B6870E778860020DB
:10BB7000032A70B514D940EA01039B0722D1044679
:10BB80000B46194620460E680568B54204F10404C8
:10BB900003F1040316D1043A032A20461946F0D8CB
:10BBA000541E9AB1421E013901E0C3180CD012F89C
:10BBB00001EF11F801CFE645A4EB0203F5D0AEEB9F
:10BBC0000C0070BD541EEDE7184670BD104670BDE8
:10BBD00088420DD98B1883420AD900EB020CBAB106
:10BBE000624613F801CD02F801CD9942F9D17047B0
:10BBF0000F2A0ED8034602F1FF3C4AB10CF1010CAA
:10BC0000013B8C4411F8012B03F8012F6145F9D158
:10BC1000704740EA01039B0750D1A2F1100370B5B1
:10BC200001F1200C23F00F0501F1100E00F11004BA
:10BC3000AC441B095EF8105C44F8105C5EF80C5CC8
:10BC400044F80C5C5EF8085C44F8085C5EF8045C40
:10BC500044F8045C0EF1100EE64504F11004E9D13D
:10BC6000013312F00C0F01EB031102F00F0400EB93
:10BC7000031327D0043C24F003064FEA940C1E441F
:10BC80001C1F8E465EF8045B44F8045FB442F9D191
:10BC90000CF1010402F0030203EB840301EB8401C5
:10BCA00002F1FF3C4AB10CF1010C013B8C4411F84C
:10BCB000012B03F8012F6145F9D170BD02F1FF3C62
:10BCC00003469BE72246EBE700B50B4C256814467C
:10BCD000EE681A4685B003460D464CB107490095FB
:10BCE000CDE901143046064902F0CEFFEEF7D0FC54
:10BCF00004490C46F3E700BF1C5C00209C32002086
:10BD0000AC320020342D0020830730B548D0541EBB
:10BD1000002A3FD0CAB2034601E0013C3AD303F8FF
:10BD2000012B9D07F9D1032C2DD9CDB245EA05256C
:10BD30000F2C45EA054536D9A4F1100222F00F0C6C
:10BD400003F1200EE6444FEA121C03F1100242E90F
:10BD5000045542E9025510327245F8D10CF1010246
:10BD600014F00C0F03EB021204F00F0C13D0ACF123
:10BD7000040323F003030433134442F8045B9342A7
:10BD8000FBD10CF003042CB1C9B21C4403F8011B15
:10BD90009C42FBD130BD64461346002CF4D1F9E738
:10BDA00003461446BFE71A46A446E0E713460A4690
:10BDB0000146022004F036B970B5054684B05BB187
:10BDC0001C4669B10E4B2846D3F8E0602346B047C5
:10BDD000431C0FD004B070BD00F582740029F1D16E
:10BDE000074A2346D2F8E06028460A4601A9B04730
:10BDF000431CEFD100228A2322602B6004B070BD67
:10BE000094560020B7EEC00A002304F065B900BFC5
:10BE100070B50D4E0D4D761BB61006D0002455F8AA
:10BE2000043B01349847A642F9D1094E094D761BCF
:10BE300004F0B8FBB61006D0002455F8043B0134DA
:10BE40009847A642F9D170BD582A0060582A006070
:10BE5000702A0060582A0060704700BF704700BF1A
:10BE6000704700BF704700BF014B93F8280170472F
:10BE7000945600200048704784570020A2EB03002E
:10BE8000704700BF02780B78012A28BF9A42F5D18B
:10BE90006DE9044540EA0104CDE902676FF0000C4A
:10BEA0004FEA447212B380EA010414F0070F6AD11A
:10BEB00000F0070420F0070004F0030521F007015B
:10BEC0004FEAC505F0E8042314F0040FF1E8046715
:10BED0000CFA05F462EA040266EA04060AD063EA90
:10BEE0000403624667EA0407664603E0F0E80423B9
:10BEF000F1E8046782FA4CF582EA0604A4FA8CF4AD
:10BF00006CBB83FA4CF583EA0705A5FA8CF595B965
:10BF100050E9022351E9026782FA4CF582EA0604ED
:10BF2000A4FA8CF483FA4CF583EA0705A5FA8CF59C
:10BF30002543DBD09CB92DBAB5FA85F424F007046B
:10BF400027FA04F1DDE9026723FA04F303F0FF00A6
:10BF500001F0FF01FDE80445A0EB0100704724BAA1
:10BF6000B4FA84F424F0070426FA04F1DDE9026748
:10BF700022FA04F202F0FF0001F0FF01FDE804459F
:10BF8000A0EB0100704714F0030F3CD110F0030444
:10BF900028D150F8082B51F8083B82FA4CF582EA78
:10BFA0000305A5FA8CF55DB950F8042C51F8043C52
:10BFB00082FA4CF582EA0305A5FA8CF5002DE8D04B
:10BFC0002DBAB5FA85F424F0070423FA04F122FA15
:10BFD00004F202F0FF0001F0FF01FDE80445A0EBD0
:10BFE000010070474FEAC40420F0030050F8082B0A
:10BFF00021F0030151F8083B0CFA04F462EA040250
:10C0000063EA0403C9E710F003041AD0A1EB0401AA
:10C0100020F00300E40750F8042B06D00FD28B78F1
:10C020005FFAA2F4E41A06D12BB1CB785FFAB2F42E
:10C03000E41A00D11BB920465DF8104B704701F19E
:10C04000040150F8042BCC0721F0030151F8043B04
:10C0500048D824D222F07F4482FA4CF594EA132582
:10C06000A5FA8CF50AD165B951F8043B84EA0204BB
:10C07000B4EB036F0ED150F8042BEBE74FEA132318
:10C0800055E035F07F454DD10878FDE80445C0F115
:10C09000000070474FEA126203F0FF0347E002EA34
:10C0A0001C4482FA4CF594EA1345A5FA8CF50AD1A2
:10C0B00065B951F8043B84EA0204B4EB034F0CD198
:10C0C00050F8042BEBE74FEA134330E015EA1C4528
:10C0D00028D10B884FEA124229E04FEA124203EAC4
:10C0E0001C4324E002F0FF0482FA4CF594EA136545
:10C0F000A5FA8CF50AD165B951F8043B84EA02042B
:10C10000B4EB032F09D150F8042BEBE74FEA13638C
:10C110000DE015F0FF0F05D10B684FEA122223F056
:10C120007F4304E04FF00000FDE80445704712BA79
:10C130001BBA82FA4CF482EA0304A4FA8CF5B5FA2D
:10C1400085F402FA04F203FA04F34FEA1260FDE800
:10C150000445A0EB1360704738B5314B1B680546AA
:10C160000C4613B15A6B002A4ED0B4F90C301807A4
:10C170009AB21CD5216929B312F0010007D0002022
:10C18000A06060694042A06139B1002038BD9507C8
:10C1900058BF6069A0600029F7D1120658BF084651
:10C1A000F4D543F04003A3814FF0FF3038BDD106F2
:10C1B0002ED5520714D4216943F00803A3819AB203
:10C1C0000029D9D102F42070B0F5007FD4D02146E7
:10C1D000284600F027F8B4F90C3021699AB2CBE771
:10C1E000216B51B104F14002914204D0284602F083
:10C1F0006DFBB4F90C300022226321690022C4E9EE
:10C20000001223F02403D7E7184601F09DFFACE7A6
:10C21000092243F040032A604FF0FF30A38138BD6C
:10C220001C5C00202DE9F0418B890C46990796B0E3
:10C2300008D504F143030122C4E90432236016B097
:10C24000BDE8F081B4F90E100029064625DB6A46E8
:10C2500002F0F2FC00281FDB019D05F47045A5F5F6
:10C260000055B5FA85F54FF480686D094FF4006705
:10C2700041463046FFF7CCF9E0B1B4F90C30C4F8D0
:10C28000148043F0800320602061A38135BB3B43D1
:10C29000A38116B0BDE8F081A38913F0800519D001
:10C2A0004FF040080025414630462F46FFF7B0F9D1
:10C2B0000028E2D1B4F90C309A05C0D423F003036E
:10C2C00004F1430243F002030121C4E90421A381E4
:10C2D0002260B4E74FF480682F46C9E7B4F90E1026
:10C2E000304602F0BFFC10B9B4F90C30CFE7A38997
:10C2F00023F0030343F001031BB2C8E780EA010205
:10C30000844612F0030F4FD111F0030F32D14DF8D4
:10C31000044D11F0040F51F8043B0BD0A3F101328E
:10C320009A4312F0803F04BF4CF8043B51F8043BA1
:10C3300016D100BF51F8044BA3F101329A4312F019
:10C34000803FA4F101320BD14CF8043BA24312F020
:10C35000803F04BF51F8043B4CF8044BEAD023461D
:10C360000CF8013B13F0FF0F4FEA3323F8D15DF8CF
:10C37000044B704711F0010F06D011F8012B0CF897
:10C38000012B002A08BF704711F0020FBFD031F80F
:10C39000022B12F0FF0F16BF2CF8022B8CF8002096
:10C3A00012F47F4FB3D1704711F8012B0CF8012B19
:10C3B000002AF9D1704700BF70B50E4614460546F5
:10C3C00010B1436B002B2FD0636ED80702D4A38922
:10C3D000990520D5A368013B002BA36019DAA26957
:10C3E00093420FDBF0B20A280CD023685A1C22605B
:10C3F00005461E70636EDA0702D4A3899B050ED52D
:10C40000284670BD28462246314603F0B3FD054656
:10C41000F0E7F0B2E9E7A06DFFF722FDDAE7A06DE3
:10C42000FFF720FD284670BD01F08EFECCE700BF6F
:10C430000148FFF715BD00BF708600200148FFF7D7
:10C4400011BD00BF70860020436C70B505460C46D8
:10C450004BB153F8240080B1026843F82420002334
:10C46000C0E9033370BD2122042100F09DFD034685
:10C4700068640028EDD1002070BD012101FA04F6A6
:10C48000721D9200284600F08FFD0028F3D0C0E90D
:10C490000146E4E731B1436C4A6853F82200086072
:10C4A00043F82210704700BF2DE9F0410E69804625
:10C4B0000F461D4601F1140E0020DEF800108CB26C
:10C4C00002FB0453090C4FEA134C02FB01CC013070
:10C4D0009CB204EB0C4486424EF8044B4FEA1C45D8
:10C4E000EBDC3DB1BB68B34207DD07EB86030136E9
:10C4F0005D613E613846BDE8F081796840460131B2
:10C50000FFF7A2FF0446B0B13A69023207F10C010D
:10C5100092000C30EDF7C2FBD8F844307A6853F83B
:10C520002210396043F82270274607EB8603013654
:10C530005D613E61DEE7034B03482246BA21FFF707
:10C54000C3FB00BFDC320020B43400202DE9F843E7
:10C550001746274A1E4608330C46092E82FB031253
:10C560004FEAE3730546C3EB620339DD4FF0010C7C
:10C5700000214FEA4C0C634501F10101F9DC28462A
:10C58000FFF762FF014668B3089B4361092F4FF034
:10C590000103036112DC0A340927BE420BDDF21BE2
:10C5A000A61814F8013B0A22303B2846FFF77CFF0F
:10C5B000A6420146F5D10846BDE8F88304F1090911
:10C5C000C8463C4418F8013B0A22303B2846FFF796
:10C5D0006BFFA0450146F5D1A7F108044C44DCE708
:10C5E0000021CCE70A46034B0348D321FFF76CFB3D
:10C5F000398EE338DC320020B4340020030C1B04F5
:10C60000D3B90004102310F07F4F04BF0002083399
:10C6100010F0704F04BF0001043310F0404F04BF0E
:10C6200080000233002805DB10F0804F03F1010386
:10C6300008BF2023184670470023E4E7036813F07F
:10C64000070208D0D9071FD49A0722D55B080360D8
:10C6500001221046704799B209B91B0C1022D9B2B9
:10C6600009B908321B0A190704BF1B0904329907CC
:10C6700004BF9B080232D90703D45B0802F1010210
:10C6800005D00360104670470022104670472022F4
:10C69000DFE79B08022203601046704738B5436C01
:10C6A00004460D464BB15868B0B102685A6000228A
:10C6B0000123C0E90435C26038BD2122042100F005
:10C6C00073FC034660640028EDD1094B0948002241
:10C6D00040F24511FFF7F8FA1C220121204600F034
:10C6E00063FC0028F1D001220223C0E90123DEE728
:10C6F000DC320020B43400202DE9F04F0E691569BA
:10C70000AE4285B08846144605DB2A4623463546A8
:10C710000C4616469846A3686168AF19BB42B8BF7D
:10C720000131FFF791FE0190002800F08780019B06
:10C7300003F1140909EB870AD14505D24B460022C3
:10C7400043F8042B9A45FBD808F1140808EB860B34
:10C7500004F11403D8451A4603EB85055FD22B1B61
:10C76000153B23F0030304331534A54238BF0423DB
:10C77000CDE902A7AC461F46924605E0090C29D137
:10C78000C34509F1040948D958F8041B8DB2002D9E
:10C79000F4D056464C46002356F8041B22681FFA74
:10C7A00081FE90B2090C05FB0E00120C034405FB40
:10C7B000012202EB13429BB243EA0243B44544F820
:10C7C000043B4FEA1243E7D849F8073058F8041CF5
:10C7D000090CD5D0D9F8003050461A464C460026F0
:10C7E0000588120C01FB052216449BB243EA06435E
:10C7F00044F8043B50F8045B22682D0C93B201FB13
:10C80000053303EB164384454FEA1346E8D8C34586
:10C8100049F8073009F10409B6D8DDE902A7002F6D
:10C8200002DC05E0013F03D05AF8043D002BF9D0AB
:10C83000019B18461F6105B0BDE8F08F034B04480B
:10C84000019A4FF4B171FFF73FFA00BFDC320020CC
:10C85000B434002012F003032DE9F04114460646DB
:10C8600032D10D46A41020D0D6F84080B8F1000F88
:10C8700033D0E3074FF0000707D4641015D0D8F881
:10C880000000A8B18046E307F7D542462946304666
:10C89000FFF732FFB5B16968736C641053F821205B
:10C8A0002A6043F821500546E9D12846BDE8F081C9
:10C8B000424641463046FFF71FFFC8F800000760B8
:10C8C0008046E0E70546D8E7013B0F4A52F82320AF
:10C8D0000023FFF7E9FD0546C4E701213046FFF7D5
:10C8E000B3FD804640B1012340F27122C0E9043219
:10C8F000002330640360BCE7044B0548424640F225
:10C900004511FFF7E1F900BF30450020DC3200207F
:10C91000B43400202DE9F0470D4614462F69AB686A
:10C92000496807EB62177E1C9E4280464FEA6219F7
:10C9300004DD5B009E4201F10101FADC4046FFF795
:10C9400083FD8446002852D0B9F1000F00F1140293
:10C950000EDD09F105014FEA810E134600EB81015E
:10C96000002043F8040B8B42FBD1AEF114031A44B0
:10C97000296905F1140314F01F0E03EB81012ED079
:10C98000CEF1200910464FF0000A1C6804FA0EF49C
:10C9900044EA0A0440F8044B53F8044B994224FA41
:10C9A00009FAF2D84B1B153B23F00303043305F1BE
:10C9B0001500814238BF0423BAF1000F18BF374673
:10C9C00042F803A0D8F844306A68CCF8107053F8E5
:10C9D00022102960604643F82250BDE8F087043AEF
:10C9E00053F8040B42F8040F9942F9D8EAE7034BD5
:10C9F000034862464FF4EF71FFF766F9DC3200201E
:10CA0000B43400200B6984460069C01A16D10CF1B9
:10CA1000140C14310CEB830210B401EB830301E01E
:10CA2000944508D252F8044D53F8041D8C42F7D0B7
:10CA300005D24FF0FF305DF8044B7047704701207E
:10CA40005DF8044B704700BF2DE9F84F0F6913697B
:10CA5000FF1A002F0E4690467FD101F114051432C3
:10CA600002EB830205EB830301E09D4278D253F889
:10CA7000041D52F8044DA142F7D069D37168FFF745
:10CA8000E3FC8146002877D03569D8F81020C760CC
:10CA900008F1140E06F1140009F1140A06F1100150
:10CAA0000EEB820200EB850756464FF0000C5EF855
:10CAB000044B51F804BFA3B21CFA8BFCACEB03038C
:10CAC0004FEA144CCCEB1B4C0CEB234C9BB243EACF
:10CAD0000C43724546F8043B4FEA2C4CE7D8A2EBD6
:10CAE0000801153908F11508424521F0030404F145
:10CAF000040438BF0424204421F0030238BF00227C
:10CB000087425244544418D92646014651F8043B02
:10CB10001CFA83FC4FEA2C4202EB13421FFA8CFCF6
:10CB20004CEA02438F4246F8043B4FEA224CEDD8D0
:10CB3000013F3F1A27F00307E21923B952F8043DD9
:10CB4000013D002BFAD0C9F810504846BDE8F88FD7
:10CB5000334601274646984690E7F9DB00278DE7E4
:10CB60000021FFF771FC814668B101220023C9E969
:10CB700004234846BDE8F88F064B07484A4640F272
:10CB80004521FFF7A1F8034B03484A4640F23721FD
:10CB9000FFF79AF8DC320020B434002082B08DED2B
:10CBA000000B164B019A1340A3F15073002B06DDC6
:10CBB00000221946104641EC100B02B070475B4250
:10CBC000B3F1A07F4FEA235209DA4FF40023134157
:10CBD00000221946104641EC100B02B07047A2F13A
:10CBE00014031E2BDABF4FF00042DA40012200236B
:10CBF0001946104641EC100B02B070470000F07F60
:10CC0000F8B5046900F1140606EB8404271F54F8F4
:10CC1000045C2846FFF7F2FCC0F120030A280B60F1
:10CC20001BDDBE420BD20B3854F8081C2ED145F048
:10CC30007F5343F440130A4643EC102BF8BDB0F188
:10CC40000B01F4D005FA01F141F07F53002143F4C8
:10CC500040130A4643EC102BF8BDC0F10B0C25FA2B
:10CC60000CF1BE4241F07F5338BF54F8081C00F16C
:10CC7000150034BF21FA0CF1002105FA00F0014340
:10CC800043F440130A4643EC102BF8BDC0F1200CCE
:10CC9000854021FA0CF345EA0307A4F10805AE42EA
:10CCA00001FA00F13CBF54F80C0C20FA0CF047F0EC
:10CCB0007F5338BF014343F440130A4643EC102B23
:10CCC000F8BD00BF2DE9F043884683B0012157EC41
:10CCD000106B1546FFF7B8FB0446002851D0C7F388
:10CCE0000A59C7F31303B9F1000F01D043F48013BD
:10CCF000002E019318D101A8FFF7A0FC019A6261F0
:10CD0000012200F120032261B9F1000F25D0A9F220
:10CD1000334909EB03022046C3F13503C8F800206C
:10CD20002B6003B0BDE8F08368460096FFF786FCF1
:10CD3000034610B3DDE90002C3F1200102FA01F15C
:10CD40000143DA4061610192002AA26114BF02220C
:10CD500001222261B9F1000FD9D1A3F23243C8F800
:10CD6000003004EB82031869FFF748FCC0EB421364
:10CD700020462B6003B0BDE8F083009A6261019AFF
:10CD8000E2E7034B0348224640F20F31FEF79CFFD7
:10CD9000DC320020B4340020F0B583B00E46694682
:10CDA0000746FFF72DFF01A9304655EC104BB0EEBA
:10CDB000407BFFF725FF33693A69D21ADDE900317C
:10CDC0005B1A03EB4213002B09DD17EE902A02EBEE
:10CDD000035545EC174B87EE000B03B0F0BD10EE8A
:10CDE000902A51EC100BC3EB033302EB035141ECDF
:10CDF000100B87EE000B03B0F0BD00BF01394911E5
:10CE000001F1010C116902F1140303EB81018B4262
:10CE100000EB8C0C17D210B5A0F1040E53F8044BA4
:10CE20004EF8044F9942F9D88A1AA2F1150323F05B
:10CE3000030304331844844504D9002340F8043B19
:10CE40008445FBD810BD844505D9002340F8043B38
:10CE50008445FBD87047704703694A11934200F13B
:10CE6000140009DA00EB830302E053F8042DC2B981
:10CE70008342FAD80020704710DD11F01F010DD059
:10CE800010B450F8224000EB820324FA01F28A40E9
:10CE900094420CD001205DF8044B704700EB8203F4
:10CEA000E6E70120704753F8042D002AF2D18342AF
:10CEB000F9D800205DF8044B704700BF0A2200211A
:10CEC00001F0ACBE11F0FF01034644D0820732D11D
:10CED00010B5046841EA012E4EEA0E4E8EEA0402B5
:10CEE000A2F1013323EA0203A4F1013222EA04028F
:10CEF000134313F0803F0FD150F8044F84EA0E0C17
:10CF0000A4F10133ACF1013223EA040322EA0C025A
:10CF1000134313F0803FEFD0037823B936E010F8C5
:10CF2000013F002B32D09942F9D110BD8A4211D075
:10CF30009A071846CCD0184613F8012B002AF5D1D1
:10CF4000104670479907184607D0184601330278F3
:10CF5000002AF7D170478207F7D10268A2F10133A6
:10CF600023EA020313F0803F08D150F8042FA2F106
:10CF7000013323EA020313F0803FF6D00378002B3D
:10CF8000E8D010F8013F002BFBD17047184610BDC8
:10CF900010B4044C03460A4620685DF8044B194659
:10CFA00000F002B81C5C002038B5A1FB02148CBB59
:10CFB000FEF72EFB0546E0B150F8042C22F00302E8
:10CFC000043A242A17D8132A1AD91B2AC0E9004484
:10CFD0001DD9242A14BF00F1100200F118024FF0ED
:10CFE0000003C0E9024404BF04614461C2E90033A4
:10CFF0009360284638BD2146FEF786FE284638BD98
:10D0000002460023C2E900339360284638BD00F190
:10D010000802F6E7FCF710FD0C2300250360E8E7A3
:10D0200030B404789CB10D7884465DB10A462B4635
:10D0300002E012F8013F2BB1A342FAD1ACEB0000A1
:10D0400030BC70471CF8014F002CEED1F6E72046AB
:10D05000F6E700BF10B4044C03460A4620685DF8AA
:10D06000044B194601F0F6B91C5C002010B582B0E3
:10D07000049CCDE900344FF0FF3303F067F902B0B0
:10D0800010BD00BF2DE9F04F03690C69A34283B0C6
:10D09000C0F28780013C01F11405A30000F11408DF
:10D0A000009355F8243058F82420013381469A42E1
:10D0B00008EB840005EB84070190B2FBF3F63BD349
:10D0C0004FF0000CAE464046E24663465EF804BBB5
:10D0D00002681FFA8BFC06FB0C334FEA134C4FEA35
:10D0E0001B4B06FB0BCC9BB2AAEB03031FFA8CFA7B
:10D0F00013FA82F3CAEB124202EB23429BB243EAD9
:10D100000243774540F8043B4FEA224A4FEA1C436A
:10D11000DCD2009B58F8033073B9019B043B98455F
:10D1200004D307E0984504F1FF3403D253F80429EF
:10D13000002AF7D0C9F810404846FFF763FC0028E2
:10D140002BDB01364146002355F8040BD1F800C013
:10D1500082B29A1A030C12FA8CF2C3EB1C4303EB53
:10D16000224392B242EA0342AF4241F8042B4FEA13
:10D170002343E9D258F8242008EB84036AB9043B1E
:10D18000984504D307E0984504F1FF3403D253F8DF
:10D190000429002AF7D0C9F81040304603B0BDE892
:10D1A000F08F002003B0BDE8F08F00BF2DE9F04FF5
:10D1B0002DED028B8FB08DED020B0191816B1A9DCD
:10D1C000059357EC106B0446934641B1C26B4A601D
:10D1D000012393408B60FFF75DF90023A363B7F150
:10D1E0000008B4BF012300232B60BE4BBCBF28F056
:10D1F0000048CDF80C8033EA080300F09F809DEDD5
:10D20000028BB5EE408BF1EE10FA11D1059A012395
:10D2100013601B9B002B00F03F82B34B1B9A1360E3
:10D22000013B009300980FB0BDEC028BBDE8F08F7E
:10D230000CAA0DA92046B0EE480BFFF743FD5FEAAC
:10D240001853054640F09280DDE90C130B4403F2BD
:10D250003242202A40F3FA82C2F1400208FA02F870
:10D2600003F21242D64048EA060207EE102AB8EE50
:10D27000477B581E17EE906A53EC172B4FF0010AAC
:10D28000A6F1F8739FED913B9FED927B9FED935B31
:10D2900006EE900A43EC122BB8EEE64BB7EE086BA5
:10D2A00032EE466BA6EE037BA4EE057BFDEEC76B6C
:10D2B000B5EEC07BF1EE10FA16EE907A08D5B8EE16
:10D2C000E66BB4EE476BF1EE10FA18BF07F1FF37CB
:10D2D000162F00F24581854B03EBC70393ED007BCE
:10D2E000B4EEC78BF1EE10FA57D5091A0023B1F14D
:10D2F000010807F1FF370A9300F1398100230693F3
:10D30000002F52DA069B0497DB1B06937B4208939F
:10D31000019B092B4FF000074ED8052B40F39D824F
:10D32000043B01930026019B9A1E032A00F22581EB
:10D33000DFE812F0AA03A7039D037E03059AC8F352
:10D34000130842F20F7358EA060813601ED11B9BA4
:10D35000002B00F09185664B009308331B9A0098D0
:10D3600013600FB0BDEC028BBDE8F08F18EE906A31
:10D37000C6F31306A3F2FF3053EC182B46F07F538D
:10D380000C994FF0000A43F440137BE71B9B002BE2
:10D3900040F03B83574B009344E7091A0023B1F157
:10D3A00001080A9300F1E380069300230893019B90
:10D3B0000497092BB844B0D900230126019307969E
:10D3C0004FF0FF399B460021E163CDF82C902046B9
:10D3D000FFF73AF80090002800F04085009BA36317
:10D3E000B9F10E0F00F2DC80002E00F0D980049B12
:10D3F000002B40F3DE833D4A03F00F0102EBC10234
:10D4000092ED007B1A11DB0540F182833A4991EDE0
:10D41000086B02F00F02032088EE065B5AB1364912
:10D42000D60704D591ED006B013027EE067B521034
:10D4300001F10801F4D185EE076B0A9B3BB1B7EE11
:10D44000007BB4EEC76BF1EE10FA00F1AE8407EE8C
:10D45000900AB8EEE75BB1EE0C7BA5EE067B17EE0B
:10D46000902A51EC170BA2F15071B9F1000F00F0A6
:10D470008883049E4A46079B002B00F04784B6EE43
:10D48000003B1A4BFDEEC64B03EBC20CB8EEE47B3F
:10D4900036EE477B1CED026B83EE065B41EC160B10
:10D4A00014EE900A35EE465B0099B4EEC75B30305F
:10D4B000F1EE10FA01F8010B00F3AC84B7EE002B8B
:10D4C000B2EE044B4FF0000C31E000BF61436F63DC
:10D4D000A787D23FB3C8608B288AC63FFB799F508D
:10D4E0001344D33F0000F07F5D440020580D00201E
:10D4F0003C36002048360020300D00200CF1010C95
:10D5000094454DDA27EE047B25EE045BFDEEC76BF8
:10D5100016EE903AB8EEE63B303337EE437BB4EE8E
:10D52000C57BF1EE10FA01F8013B00F1738432EE95
:10D53000476BB4EEC56BF1EE10FADFD5009A049696
:10D5400002E08A4200F05084894611F8013D392BEF
:10D55000F7D00133DBB20B70049B0133049355E128
:10D56000091A0123B1F101080A937FF5C7AEC1F191
:10D57000010306934FF00008C2E60026E663314639
:10D580002046FEF761FF0090002800F06784009BB2
:10D59000A3634FF0FF330B9399460123B3460793E0
:10D5A0000D9A002A55DB04990E2952DCB74BBBF1CA
:10D5B000000F03EBC10393ED006B15DAB9F1000F17
:10D5C00012DC40F0F282B1EE047B26EE077BB4EE73
:10D5D000C78BF1EE10FACA464E4600F26D82DDF8B6
:10D5E00000806FEA0B0B70E288EE067BBDEEC77B16
:10D5F000009917EE103AB9F1010F03F13003B8EEBC
:10D60000C75B01F8013BA5EE468B00F03483B2EE18
:10D61000044B012311E088EE067BBDEEC77B01338E
:10D6200017EE102A4B4502F13002B8EEC75B01F845
:10D63000012BA5EE468B00F01E8328EE048BB5EE81
:10D64000408BF1EE10FAE6D1049B01330493894636
:10D65000DCE0079B43B3019B012B40F37682089BE0
:10D6600009F1FF3A534580F23F82089BCDF820A094
:10D67000AAEB030217444FF0000AB9F1000FC0F201
:10D680002583069B09934B44C844069301212046F9
:10D69000FFF704F806460CE07D4B009300980FB0AE
:10D6A000BDEC028BBDE8F08F069BDDF820A0079E45
:10D6B0000993099B6BB1B8F1000F0ADD4345069948
:10D6C0001A46A8BF4246891A9B1A06910993A8EBED
:10D6D0000208089B63B1079B002B00F0A782BAF1F8
:10D6E000000F00F30482089BB3EB0A0240F0FF82B4
:10D6F00001212046FEF7D2FF002F824600F3AF80C3
:10D70000019B012B40F38781002308930120002F08
:10D7100040F0B180404410F01F0000F07A81C0F169
:10D720002002042A00F3888040F0F681069B002B3B
:10D7300005DD29461A462046FFF7ECF80546B8F104
:10D74000000F05DD514642462046FFF7E3F88246CA
:10D750000A9B002B40F03F81B9F1000F40F3258177
:10D76000079B002B40F0A380049B01330493DDF85A
:10D770000080012707E0294600230A222046FEF701
:10D7800093FE0137054651462846FFF77BFCB94515
:10D7900000F1300008F8010BEDDCB9F1000F009A40
:10D7A000CCBFCB464FF0010B0346934400272946DC
:10D7B000012220460193FFF7ADF851460546FFF7D9
:10D7C00021F9002840F3AF811BF8013C009A0BF1CE
:10D7D000FF3B04E05A4500F0B1811BF8013D392BB5
:10D7E0000BF10109F6D001338BF800305146204689
:10D7F000FEF750FE56B12FB1B74203D0394620464E
:10D80000FEF748FE31462046FEF744FE29462046F4
:10D81000FEF740FE002389F80030DDE904231A609A
:10D820001B9B002B3FF4FEAC0098C3F800900FB098
:10D83000BDEC028BBDE8F08FC0F11C00069B0344D9
:10D840000693099B0344099380446FE7C2F12002C9
:10D8500006FA02F207EE102A09E5012663E5014601
:10D860003A462046FEF7F6FF019B012B824640F325
:10D87000C58100230893DAF810200AEB82021069B0
:10D88000FEF7BCFEC0F1200044E700BF580D0020A9
:10D890005C440020314600230A222046FEF704FEA5
:10D8A0000B9B002B064640F3CE8204979946099BBA
:10D8B000002B05DD31461A462046FFF72BF80646B9
:10D8C000089B002B40F0EB81B046029B009F03F0C9
:10D8D00001027B1E4B440893019B0A921343099358
:10D8E00051462846FFF7CEFB314683462846FFF7D0
:10D8F00089F84246514681462046FFF7A5F8C2689E
:10D9000001460BF13003002A42D1CDE90603284637
:10D91000FFF778F8069902902046FEF7BBFD029AC1
:10D92000079B1AB90999002900F07E82B9F1000F0E
:10D93000C0F28381019949EA01090A9951EA09096A
:10D9400000F07B81002A00F3C681089A3B7007F142
:10D9500001099742CB4600F0C481294600230A22E0
:10D960002046FEF7A1FD4645054631464FF000032F
:10D970004FF00A02204612D0FEF796FD41460646B9
:10D9800000230A222046FEF78FFD4F468046A7E778
:10D9900020460293FEF77EFD029B0122C6E7FEF7BA
:10D9A00083FD4F46064680469AE7019B022B71DCB9
:10D9B000079B002B7FF47BAF049B51460133284625
:10D9C0000493FFF75FFBDDF800B000F130030BF8C4
:10D9D000013B0027EBE651462846FFF713F80028E5
:10D9E000BFF6BAAE294600230A222046FEF75CFDA8
:10D9F000049B5F1E079B0546002B7FF44BAF0B9BE0
:10DA0000002B40F318829946B1E6BC4B00930333D8
:10DA1000A4E41C2012E7DDE9020100287FF474AEC3
:10DA2000C1F31302002A00F0F480029B08936DE614
:10DA300001230793049B5B4403F10109B9F1010F32
:10DA4000CC460B93B8BF4FF0010C0021BCF1170F6F
:10DA5000E1637FF7BCAC01200422520002F1140301
:10DA60006345014600F10100F7D9E163AFE401230A
:10DA70000793BBF1000F52DDCDF82CB0D946DC4640
:10DA8000E3E700230793D5E700230793F1E7DDF8E9
:10DA90002C900497B9F1000F7FF4A1AD51464B468D
:10DAA00005222046FEF700FD014682462846FEF785
:10DAB000A9FF00287FF793AD049B03F1010B009BA6
:10DAC0003122984603F8012B009351462046FEF779
:10DAD000E1FC0BF10103DDF800900493CDF8008028
:10DAE000002E7FF48FAE91E6A3EB0A0AC5E531461E
:10DAF00052462046FEF7AEFE2A460146064620461E
:10DB0000FEF7FAFD294605462046FEF7C3FCEAE586
:10DB10000220B0EE485B81E4C0F13C008EE64FF09D
:10DB2000010BD9464FE403D1019BDB073FF54CAE17
:10DB3000D9461BF8013D302BFAD057E6049B009ADA
:10DB4000013304933123137050E6BAF1000F00F053
:10DB5000238102F23342069B09931344DDF820A08F
:10DB60000693904492E507EE900AB1EE0C5BB8EE96
:10DB7000E77BA6EE075B15EE902A51EC150BA2F1A0
:10DB8000507141EC150BB1EE047B36EE477BB4EEE1
:10DB9000C57BF1EE10FA00F33781B1EE455BB4EED0
:10DBA000C57BF1EE10FA7FF5FBAC4FF0000A56464C
:10DBB00015E500F0F580049B51495A4202F00F0030
:10DBC00001EBC00191ED006B121128EE066B00F025
:10DBD0004281B0EE467B4B4900260220D30705D593
:10DBE00091ED005B0130012627EE057B521001F11B
:10DBF0000801F3D1002E06FE076B1EE4029B002BEA
:10DC00007FF437AEDDE90201C1F31302002A40F0D0
:10DC100037813D4A0A40002A00F0FA80069B013312
:10DC20000693012308F1010808936FE52946089A35
:10DC30002046FEF70FFE05465AE5002A12DD29466A
:10DC4000012220460193FEF765FE51460546FEF788
:10DC5000D9FE0028019B40F3E180392B00F0CA80F7
:10DC60000BF13103B94609F8013B049B01333746F8
:10DC700004934646BAE538EE088BB4EEC68BF1EE57
:10DC800010FA0ADCB4EE468BF1EE10FA7FF4DCAC4D
:10DC900017EE103AD8077FF5D7AC009A54E47168B4
:10DCA0002046FEF7D1FB0746002800F0DE803369EE
:10DCB00002339A0006F10C010C30EBF7EFFF394606
:10DCC00001222046FEF726FE8046FEE5069BA3EBDA
:10DCD00009030993DAE4392B00F08C80B94601334B
:10DCE000C1E7049A01323746049246465FE5294669
:10DCF0002046FEF7AFFD0546FAE400BF4836002097
:10DD0000580D0020300D00200000F07F5E4BFDEE2E
:10DD1000C65B03EBC20C1CED023BB8EEE57B36EEB6
:10DD2000477B41EC160B15EE901A23EE063B00984C
:10DD30003031012A00F8011B00F08380B2EE044B61
:10DD4000009B991827EE047BFDEEC76B16EE903A08
:10DD5000303300F8013B8142B8EEE65B37EE457B9D
:10DD6000F0D1B6EE006B33EE065BB4EEC75BF1EEBE
:10DD700010FA3FF5E3AB36EE436BB4EEC76BF1EE52
:10DD800010FA7FF70DAC8946013919F8013C302BA8
:10DD9000F9D0731C049339E50C9AC2F13602DAE625
:10DDA0000220B0EE486BFFF748BBB9F1000F3FF41B
:10DDB000DAAE0B9A002A7FF7F3ABB2EE044B26EEF5
:10DDC000046B013007EE900A049BB8EEE75BB1EEFE
:10DDD0000C7BA6EE057B17EE90CA51EC170B5E1E6E
:10DDE000ACF15071FFF747BB049B0133049331231F
:10DDF000FFF7B1BB049BBB4601330493392337467D
:10DE00000BF8013B4646E1E44FF0000A564653E664
:10DE100008927BE4731C04938946F7E47FF422AFF5
:10DE2000DA077FF51FAF18E7392BE3D0B9F1000F00
:10DE30003FF716AF16E7019B022B3FF728AE04977A
:10DE4000BAE501468DE7019B022B3FF720AEDDF8D6
:10DE50002C9004972BE50220FFF7EFBA0B4B0C48F0
:10DE6000002240F2AF11FDF72FFF084B08483A4659
:10DE700040F2EF21FDF728FF064B0093FFF7D2B9E0
:10DE8000029B0893F7E400BF580D0020DC3200200D
:10DE90004C3600203C360020B1F90C202DE9F04131
:10DEA0000C461107804647D4636842F40062002B99
:10DEB000A2815EDDA56A002D58D00023D8F800604D
:10DEC000C8F8003093B212F4805256D10123E169B0
:10DED0004046A847431C67D0A389A56A5F0705D5BC
:10DEE0006368C01A236B0BB1E36BC01AE169024689
:10DEF00000234046A847411C41D1D8F80030002BF0
:10DF00003DD01D2B01D0162B56D1A389226922604A
:10DF100023F4006300216160A381216BC8F80060D5
:10DF200021B304F14003994202D0404600F0CEFCF8
:10DF300000202063BDE8F0812669BEB193B2256858
:10DF400026609A070CBF63690023AD1BA3600BE03A
:10DF50002B463246E169676A4046B847B0F1000C8B
:10DF6000A5EB0C05664417DD002DF1DC0020BDE8B3
:10DF7000F081E36B002B9DDCF8E7206DAEE7B4F990
:10DF80000C302269226023F40063A3810022DB04A9
:10DF90006260C2D52065C0E7A38943F040034FF01B
:10DFA000FF30A381BDE8F081D8F80030002B93D07A
:10DFB0001D2B06D0162B04D0A38943F04003A38168
:10DFC000D5E7C8F80060D1E738B50C46054608B17A
:10DFD000436B03B3B4F90C0088B1636EDB0701D463
:10DFE00081050FD528462146FFF756FF636EDA07F5
:10DFF000054602D4A3899B0508D5284638BD0546A9
:10E00000284638BDA06DFDF72BFFEBE7A06DFDF7AF
:10E0100029FF284638BD00F097F8DBE7024A03499C
:10E02000034800F0ABBE00BF105C002021C9020015
:10E03000705100200C4B4168994210B5044601D044
:10E0400002F09CF8A168094B994202D0204602F0E8
:10E0500095F8E168064B994204D02046BDE810408F
:10E0600002F08CB810BD00BFAC86002014870020E1
:10E070007C8700202DE9F8432A4C2B4B2B48DFF8F6
:10E08000C090DFF8C0802A4F1860002504230822C2
:10E09000294604F15C00274E6566C4E90253C4E9D1
:10E0A0000055C4E90455A561FDF72EFE224B6367B8
:10E0B0000822294604F1C400C4E90749C4E90987D4
:10E0C000C4E91A55C4E91E55C4F8CC502567C4F8F4
:10E0D0008050E662FDF718FE184BC4F8DC30294684
:10E0E00004F16803082204F59670C4F88430C4E98A
:10E0F0002298C4E92476C4E93455C4E93855C4F8F3
:10E100003451C4F8D850C4F8E850FDF7FDFD04F1CF
:10E11000D003C4E93C98C4E93E76C4F8EC30BDE8CD
:10E12000F88300BFAC860020E4870020C1A702006E
:10E13000B9B40200D9B402000900010012000200C3
:10E1400055B4020079B4020010B504460A48FDF740
:10E1500087FE636B23B9094B094A1B68626323B1CD
:10E16000BDE810400448FDF77DBEFFF783FFBDE822
:10E1700010400148FDF776BE74860020E487002039
:10E18000D9A702000148FDF76BBE00BF74860020CE
:10E190000148FDF767BE00BF7486002001F0FF0153
:10E1A000102A2BDB10F0070F08D010F8013B013AC2
:10E1B0008B422DD010F0070F42B3F6D1F0B441EAF4
:10E1C000012141EA014122F007047FF0000700230A
:10E1D000F0E80256083C85EA010586EA010685FA60
:10E1E00047F5A3FA87F586FA47F6A5FA87F68EB9BA
:10E1F000EED1F0BC01F0FF0102F0070232B110F8DD
:10E20000013B013A83EA010313B1F8D100207047C2
:10E2100001387047002D06BF35460338073815F022
:10E22000010F07D1013015F4807F02BF013015F4D2
:10E23000C03F0130F0BC0138704700BF30B51468F2
:10E2400015469BB01A4609B1002C19D100214FF494
:10E250002273ADF80C30009104914FF6FF730291D8
:10E260000591ADF80E3069461E9BFBF7EBFB0028CD
:10E2700013DB009B286000221A7004981BB030BD8D
:10E280004FF4C16300910491ADF80C302146E4DAFB
:10E290008B23036000201BB030BD0020EEE700BFE1
:10E2A000000000000000000000000000000000006E
:10E2B000000000000000000000000000000000005E
:10E2C000000000000000000000000000000000004E
:10E2D00000000000000000000000000090F800F0C6
:10E2E0006DE9024520F007016FF0000C10F0070403
:10E2F00091F820F040F049804FF000046FF00700E3
:10E30000D1E9002391F840F000F1080082FA4CF2C4
:10E31000A4FA8CF283FA4CF3A2FA8CF34BBBD1E94A
:10E32000022382FA4CF200F10800A4FA8CF283FA7C
:10E330004CF3A2FA8CF3E3B9D1E9042382FA4CF24C
:10E3400000F10800A4FA8CF283FA4CF3A2FA8CF3E1
:10E350007BB9D1E9062301F1200182FA4CF200F1E8
:10E360000800A4FA8CF283FA4CF3A2FA8CF3002B87
:10E37000C6D0002A04BF04301A4612BAB2FA82F29A
:10E38000FDE8024500EBD2007047D1E9002304F01C
:10E390000305C4F100004FEAC50514F0040F91F81D
:10E3A00040F00CFA05F562EA05021CBF63EA0503BA
:10E3B00062464FF00004A9E7000000009FED010B4A
:10E3C000704700BF000000000000F87F9FED010AC9
:10E3D000704700BF0000C07F0000000030B482B072
:10E3E0008DED000B019A194C22F000430021A3424D
:10E3F000016021DC009C1C431ED0154C144054B914
:10E400009FED107B20EE077B8DED007B019A6FF076
:10E41000350122F0004322F0FF42DDE9004522F4FD
:10E42000E00242F07F551B1545F40015A3F2FE33C0
:10E43000CDE900450B4403609DED000B02B030BCFC
:10E44000704700BF0000000000005043FFFFEF7F57
:10E450000000F07F2DE9F84F1746002900F0988062
:10E460000C4607F10B058046FDF7E2FF162D54F828
:10E47000041C5BD810252A46AF425CD821F0030665
:10E480009642A4F1080962DABC4BD3F808C009EB44
:10E490000600844500F09780D0F804C02CF00103FA
:10E4A00003445B68DB0768D42CF0030C06EB0C0319
:10E4B000934247DACB0710D454F8083CA9EB030A7F
:10E4C000DAF8043023F003018C44B444944580F21C
:10E4D00011817318934280F2E88039464046FDF777
:10E4E00097F80746E0B154F8043C23F001034B448D
:10E4F000A0F10802934200F0D280321F242A00F2D9
:10E50000F580132A00F2AC80034622461168196098
:10E510005168596092689A602146404600F0D6F9E9
:10E520004046FDF78BFF3846BDE8F88F25F007051C
:10E53000002D2A46A0DA0C23C8F800300027384600
:10E54000BDE8F88F1E46D0E90223D3609A60731BA2
:10E550000F2B22D8D9F8043003F0010333434E4483
:10E56000C9F80430736843F00103736040462746DE
:10E57000FDF764FF3846BDE8F88FC907ADD454F8FD
:10E58000083CA9EB030ADAF8041021F00301A0E724
:10E59000BDE8F84F1146FDF73BB8D9F8042009EB68
:10E5A000050102F001024E4443F001032A43C9F879
:10E5B00004204B60736843F00103083173604046E8
:10E5C00000F084F9D2E7DCF8040020F0030B06EB3E
:10E5D0000B0C05F1100084454DDAC9073FF57DAFFE
:10E5E00054F8081CA9EB010ADAF8041021F0030121
:10E5F0008B44B34458453FF76CAF5746DAF80C10DC
:10E6000057F8080F321F242AC160886000F2DB80AF
:10E61000132A40F2D6802168CAF808106168CAF847
:10E620000C101B2A00F2DF8008340AF11002216866
:10E63000116061685160A16891600AEB0501ABEB64
:10E64000050242F0010299604A60DAF8043003F0F2
:10E6500001032B434046CAF80430FDF7EFFE6EE796
:10E6600023680360636843601B2A68D804F10802CA
:10E6700000F108034AE709EB05029A60ACEB0503D9
:10E6800043F00103536054F8043C03F001032B43AF
:10E69000404644F8043CFDF7D1FE27464FE750F8CA
:10E6A000043C23F003031E4451E75746DAF80C10EC
:10E6B00057F8080F321F242AC16088604CD8132AEB
:10E6C00048D92168CAF808106168CAF80C101B2ADA
:10E6D00056D808340AF110021E4623681360636896
:10E6E0005360A3689360D1463C4630E72146FDF76E
:10E6F0006FFA11E7D0E902135746CB60996057F8DB
:10E70000081FDAF80C30CB60321F242A99602DD80C
:10E71000132A29D92368CAF808306368CAF80C306C
:10E720001B2A42D808340AF1100322681A60626872
:10E730005A60A2689A606646D1463C4607E7A368DD
:10E740008360E368C360242A26D004F1100200F13C
:10E750001003DBE63A46BFE7214638461E46D1465F
:10E76000FDF736FA3C46F2E63B46DEE72146384600
:10E770006646D146FDF72CFA3C46E8E600580020F4
:10E78000A168CAF81010E168CAF81410242A20D031
:10E7900010340AF118029FE723690361616941613E
:10E7A00004F1180200F11803B0E6A368CAF81030AB
:10E7B000E368CAF81430242A21D010340AF118036F
:10E7C000B3E73A4633E721463846FDF701FA164BE0
:10E7D00033E72269CAF818206269CAF81C20183485
:10E7E0000AF1200278E7A168CAF81010E168CAF8B7
:10E7F0001410242A0DD010340AF1180217E72369E7
:10E80000CAF818306369CAF81C3018340AF12003BA
:10E810008BE72269CAF818206269CAF81C201834EC
:10E820000AF1200203E700BF00580020F8B5244F8A
:10E830000C460646FDF7FCFDBB685D68C4F57E61CD
:10E840000F3125F003054B1923F47F6323F00F03E9
:10E85000A3F58054B4F5805F07DB0021304600F05B
:10E860007BFABB682B44984204D03046FDF7E6FDA6
:10E870000020F8BD6142304600F06EFA01300DD044
:10E88000104ABB682D1B45F001055D6013683046DA
:10E890001B1B1360FDF7D2FD0120F8BD002130469F
:10E8A00000F05AFABA68831A0F2BDEDD43F0010339
:10E8B0005360054B03491B68C01A0860D5E700BFC9
:10E8C0000058002078860020085C0020002961D0D4
:10E8D000F8B50C460646FDF7ABFD54F8042C7B4F0B
:10E8E000A4F1080522F0010105EB010CB868DCF881
:10E8F0000430604523F0030300F08B80D207CCF88E
:10E90000043032D454F8082CAD1A1144AA6807F127
:10E91000080082426AD00CEB0304D4F804E0EC68EF
:10E92000D4601EF0010FA26000F0978041F0010357
:10E930006B60CCF80010B1F5007F35D27868CB0859
:10E940000122490901338A40024357F833107A60A3
:10E9500007EBC302083AC5E9021247F83350CD600D
:10E960003046BDE8F840FDF769BD0CEB0302526884
:10E97000D00710D4194407F10800DCF808308342AE
:10E9800073D0DCF80C20DA60936041F001036B6017
:10E990006950D0E7704741F00103B1F5007F44F8BA
:10E9A000043CCCF80010C9D3B1F5206F4FEA5123D5
:10E9B00048D28B0903F1390003F13802C300F8187B
:10E9C000FB580838984259D05A6822F003028A420C
:10E9D00002D99B689842F7D1D868C5E902308560B2
:10E9E000DD603046BDE8F840FDF728BD0CEB0302C2
:10E9F0005268D20763D40B44DCE90212CA6091600A
:10EA000043F001026A603046EB50BDE8F840FDF784
:10EA100015BD0B44D10707D454F8082CAD1A134484
:10EA2000D5E90212CA60916043F001026A60284A87
:10EA3000BD6012689A4293D8264B30461968FFF79A
:10EA4000F5FE8DE7142B0AD9542B1FD80B0B03F1BD
:10EA50006F0003F16E02C300B1E719448DE703F1C3
:10EA60005C0003F15B02C300A9E741F00103C7E9C1
:10EA70000455C5E902006B60695071E7796892102E
:10EA8000012404FA02F20A437A60A6E7B3F5AA7FEA
:10EA900006D8CB0B03F1780003F17702C3008EE7B1
:10EAA00040F25452934206D88B0C03F17D0003F1DF
:10EAB0007C02C30083E74FF47E737E227FE741F040
:10EAC00001036B60CCF800104AE700BF005800203B
:10EAD0000C5C0020A8860020012B2DE9F84F40D0C7
:10EAE000242B98463DD84C4D8E4676461EF801BBE9
:10EAF00015F80B4014F00804F7D1BBF12D0F72D0BC
:10EB0000BBF12B0F08BF9EF800B06FF0004908BFA3
:10EB100006F1020E002B42D0102B57D0B9FBF8F7AC
:10EB200000252E4608FB179A05E033D008FB06C6E1
:10EB300001251EF801BBABF1300CBCF1090F06D961
:10EB4000ABF1410CBCF1190F12D8ABF1370C634596
:10EB500017DDB5F1FF3FECD0B742E6D24FF0FF35FD
:10EB6000E7E7FAF769FF162303600020BDE8F88F96
:10EB7000ABF1610CBCF1190F03D8ABF1570C634535
:10EB8000E7DC6B1C27D08CB90AB1A5BB11603046FD
:10EB9000BDE8F88FE245C9DA4FF0FF35C9E7BBF1B0
:10EBA000300F05D04FF00A084346B7E77642EBE74F
:10EBB0009EF8003003F0DF03582B21D14FF01008EE
:10EBC0009EF801B043460EF1020EA7E7BBF1300FED
:10EBD0001AD09846A2E72223036072B10EF1FF31EA
:10EBE0004E461160D3E79EF800B04FF0004906F1A1
:10EBF000020E01248EE7B146F0E74E463046C7E7E5
:10EC00004FF00808434689E79EF8005005F0DF05FD
:10EC1000582DD3D0984681E73935002010B4054CE3
:10EC20008446134620685DF8044B0A466146FFF7A8
:10EC300053BF00BF1C5C002070B50C46084D034656
:10EC40000026204611461C462E60EBF713FD431CA0
:10EC500000D070BD2B68002BFBD0236070BD00BFBF
:10EC60001CC5002038B5074D0022044608462A601E
:10EC7000EBF706FD431C00D038BD2B68002BFBD002
:10EC8000236038BD1CC500200EB410B583B005ABA1
:10EC9000064C53F8042B01930146206800F064F9F8
:10ECA00003B0BDE8104003B0704700BF1C5C0020FB
:10ECB00010B50C46B1F90E1001F082FB002803DB01
:10ECC000236D0344236510BDA38923F48053A381DE
:10ECD00010BD00BF2DE9F0410C46B1F90C101F46E4
:10ECE000CB05054616460BD421F48051A1813B4645
:10ECF000B4F90E1032462846BDE8F04100F062B883
:10ED0000B4F90E100223002201F044FBB4F90C10F8
:10ED1000EAE700BF10B50C46B1F90E1001F03AFB5E
:10ED2000A389421C0EBF23F4805343F48053206513
:10ED3000A38110BDB1F90E1001F01ABB49B1FF2A31
:10ED400002D80A70012070478A2303604FF0FF3019
:10ED500070470846704700BF38B5074D002204468B
:10ED600008462A60EBF766FC431C00D038BD2B68D0
:10ED7000002BFBD0236038BD1CC500202DE9F843D3
:10ED800080460F4616464FF00009D6E90154013D72
:10ED900011D4A389012B05F1FF3508D9B4F90E3040
:10EDA0000133214603D04046B84749EA00096B1CAD
:10EDB00004F16804EDD13668002EE6D14846BDE87E
:10EDC000F88300BF38B50C46084D844611462046EE
:10EDD0001A4600232B606446EAF70EF8431C00D065
:10EDE00038BD2B68002BFBD0236038BD1CC500202C
:10EDF0002DE9F04F9368176883B09246002B70D0CE
:10EE000081468A6808680C46083743E0A38913F4F2
:10EE1000906F2ED0D4E90416A0EB010806EB46064D
:10EE200006EBD67608F1010076102844B04232464F
:10EE300084BF064632465B0537D511464846FCF787
:10EE4000E7FB019000283AD042462169EAF726FF05
:10EE5000A289019B22F4906242F08002A281A6EB7B
:10EE6000080203EB08006661A260236120602E4661
:10EE7000A84642465946FCF7ABFEDAF80830A268CD
:10EE80002068921B40445B1BA2602060CAF80830D7
:10EE90003BB3083757E902B5002DFAD0AA4216460F
:10EEA0009046B3D92E46A846E3E74846FFF7D2FA84
:10EEB00003460028D3D121694846FFF707FDA389FF
:10EEC0000C2243F04003C9F800204FF0FF30A3812B
:10EED00000220023CAF80820CAF8043003B0BDE8B5
:10EEE000F08F00200023CAF8043003B0BDE8F08F93
:10EEF0002DE9F84F4B6E9C0490462DD5936812680F
:10EF000043B38B46064602F1080959E9025A5FEA03
:10EF10009A0715D0043D002401E0A7420ED055F811
:10EF2000041F5A46304601F0B7FA431C04F10104AD
:10EF3000F3D10023C8E90133BDE8F88FD8F80830D1
:10EF40002AF0030AA3EB0A03C8F8083009F10809FC
:10EF5000002BDAD10020ECE7FAF78EFB0023C8E99A
:10EF60000133BDE8F88F00BF2DE9F04F2DED028B86
:10EF7000C5B00DF1500A834608EE101A164600215E
:10EF8000082250461C460793FCF7BEFEBBF1000F5B
:10EF900004D0DBF83430002B00F0A08618EE102AE5
:10EFA000536EDB0740F11385B2F90C108AB2950459
:10EFB0000BD418EE103A41F4005199815B6E8AB27D
:10EFC00018EE101A23F400534B66100740F1058128
:10EFD00018EE103A1B69002B00F0FF8002F01A03B4
:10EFE0000A2B00F00A810023CDE91933CDE90D3356
:10EFF0001BAA0C93189291460B930593B046444676
:10F00000A84BD3F8E450FCF72FFF2246034612A981
:10F01000CDF800A05846A847002800F04581C0F26E
:10F020003981129A252A034601D01C44E8E7B4EB43
:10F030000806054640F03C81002361788DF8433096
:10F0400004F1010806934FF0FF371E462B2408F108
:10F050000108A1F120035A2B00F27881DFE813F0B8
:10F06000B50276017601B0027601760176016A007A
:10F07000760176017D028D02760188029702760183
:10F0800092025B005B005B005B005B005B005B006F
:10F090005B005B00760176017601760176017601F0
:10F0A0007601760176015C028400760176017601B4
:10F0B0007601760176017601760176017601E80027
:10F0C00076017601760133027601DA027601760165
:10F0D0008B0576017601760176017601760176015F
:10F0E0007601760176015C02860076017601760172
:10F0F000CD0286007F007601C0027601FD02EA00A3
:10F10000ED027F00760133027C006905760176010D
:10F110006B0576017C00A1F13003002218F8011B79
:10F1200002EB820203EB4202A1F13003092BF5D975
:10F1300006928EE75846FCF79DFE43680D931846ED
:10F14000FFF7CCF80E9005465846FCF793FE83680F
:10F150000B93002D40F0D68498F8001077E798F8CC
:10F16000001046F0200672E746F01006B40640F1A3
:10F170008E81079B073323F007031A46596852F81C
:10F18000083B07920A460029C0F27084791C00F0FF
:10F19000A28526F08001039153EA020100F03F842A
:10F1A0000A2B72F1000180F0418530338DF80F3168
:10F1B000039E012304930DF20F14049BBB42B8BFBE
:10F1C0003B460393002308939DF84330002B00F047
:10F1D000CB80039B01330393C6E018EE101A584608
:10F1E00018EE105AFCF7B8FF002840F05286AA89A2
:10F1F00002F01A030A2B7FF4F6AE18EE101AB1F9DA
:10F200000E30002BFFF6EFAE4B6EDB0702D49705F6
:10F2100040F1128618EE101A23463246584600F086
:10F2200069FE0590059845B0BDEC028BBDE8F08FF6
:10F2300046F0100616F0200200F03681079B0733D7
:10F2400023F0070319465A6851F8083B079126F442
:10F2500080610391002100208DF84300781C00F0AC
:10F260001082039820F0800653EA020040F00882E2
:10F27000002F40F03885002940F0D583039B13F020
:10F280000103049300F0118430238DF80F310DF247
:10F290000F1492E7082200215046FCF735FD0123A8
:10F2A0001C44ADE694560020B4EB080605461BD07E
:10F2B000199B1A9A01333244072BC9E900861A9226
:10F2C00019931CDD002A00F0A68318EE101A18AA64
:10F2D0005846FFF70DFE20BB0DF16C09059B33442A
:10F2E0000593002D7FF4A8AE1A9B002B40F0C1853A
:10F2F00018EE103A0022B3F90C30199215E009F11A
:10F300000809EBE718EE101A18AA5846FFF7F0FDA7
:10F31000002800F0A680089B1BB108995846FFF70B
:10F32000D5FA18EE103AB3F90C3018EE102A526ED6
:10F3300012F0010F9AB200F0A080500600F1B285E1
:10F34000059845B0BDEC028BBDE8F08F0029CBD00D
:10F3500000238DF843300123CDE903338DF8AC1041
:10F360002BAC002308931F4616F00203099302D02A
:10F37000039B0233039316F084030A9305D1069B83
:10F38000039A9D1A002D00F37B82DDE91903411CCD
:10F390009DF8432082B101220133C9F804200729D6
:10F3A0000DF14302CDE91913C9F8002000F34A8298
:10F3B000084609F108090131099AE2B111AA02339C
:10F3C000C9F8002007294FF00202CDE91913C9F846
:10F3D000042040F35082002B00F0438318EE101AF3
:10F3E00018AA5846FFF784FD002894D1DDE91903D7
:10F3F0000DF16C09411C0A9A802A00F08481049A5C
:10F40000BD1A002D00F3D781049AC9F800401344B7
:10F410000729CDE91913C9F8042040F36E81002BA8
:10F4200000F0758218EE101A18AA5846FFF760FD12
:10F4300000287FF470AF1A9B0DF16C09750705D594
:10F44000069A0399541A002C00F36B82DDE905211A
:10F4500003988142ACBF521812180592002B7FF41A
:10F4600051AF089900231993002900F049815846AB
:10F47000FFF72CFA0DF16C09C1E59C053FF55DAF76
:10F4800018EE104AA06DFCF7EDFCA28955E7F006D6
:10F49000079A00F11F83710640F1198332F9043B8A
:10F4A0000792DA1711466EE616F01003079940F03E
:10F4B000098316F0400000F001831A4651F8043B1E
:10F4C00007919BB2C3E6079B1A4600238DF8433091
:10F4D000134653F8044B0393002C00F01284532975
:10F4E00000F0658316F0100540F061837B1C00F08E
:10F4F000B3843A4629462046FEF750FE089000287D
:10F5000000F09F84031B039A049323EAE3732F46BE
:10F5100007920393089557E6432902D0F50640F178
:10F520002D83079D0822002116A82BACFCF7ECFBCD
:10F5300016AB55F8042B21465846FCF73DFC034614
:10F540000133049000F0B384049B079523EAE3732E
:10F55000039300238DF8433003E7079B53F8042BF4
:10F560000692002A80F29C82069A5242CDE9062336
:10F5700098F8001046F0040669E598F800108DF838
:10F58000434064E598F8001046F080065FE5424687
:10F5900012F8011B2A2900F09684A1F13003092BEF
:10F5A00090464FF000073FF654AD18F8011B07EBEB
:10F5B000870703EB4707A1F13003092BF5D948E58D
:10F5C00098F8001046F0010641E59DF84330002B05
:10F5D0007FF4C2AD202398F800108DF8433036E553
:10F5E00098F800106C2903BF98F8011046F0200627
:10F5F00008F1010846F0100629E598F8001068297E
:10F6000003BF98F8011046F4007608F1010846F0AF
:10F6100040061CE546F010030393039B13F0200201
:10F6200000F00682079B073323F0070319465A6848
:10F6300051F8083B079101210DE6079A46F00203B5
:10F64000039352F8043B079247F63002ADF844208A
:10F65000B84A0C9202210022FDE5B70600F148826B
:10F66000F50600F14683740600F1D583B00540F13C
:10F670004083079B059953F8042B07931170BEE450
:10F68000039601293FF48CAD022944AC11D10C98AA
:10F6900003F00F011B09415C04F8011D43EA0273EA
:10F6A000120953EA0201F3D1039E44AB1B1B0493DE
:10F6B00083E503F00701DB0843EA4273D2083031E7
:10F6C00053EA0205204604F8011DF2D1039EF30718
:10F6D000EBD53029E8D03023023804F8013C44ABA4
:10F6E0001B1A039E0493044667E5049B1B940122A6
:10F6F0001C931A9319920DF16C0909F108099DE602
:10F700000DF16C097BE4069A039D551B002D7FF7D4
:10F7100076AE102D40F3BB83099418EE104A07E033
:10F7200000F1020C09F108091046103D102D1EDDF4
:10F730008149C9F80010421C10331021072ACDE975
:10F740001923C9F80410EBDD18AA002B74D0214648
:10F7500058460DF16C09FFF7CBFB00287FF4DBADB9
:10F76000DDE91903103D102D00F1010CE0DC099CCE
:10F77000714AC9F804502B44BCF1070FCDE919C3F5
:10F78000C9F8002040F39481002B00F01F8318EE8D
:10F79000101A18AA5846FFF7ABFB00287FF4BBAD40
:10F7A000049ADDE91903BD1A002D00F101010DF1E4
:10F7B0006C097FF729AE102D29DD0994102718EE6A
:10F7C000104A07E000F1020C09F108091046103D4B
:10F7D000102D1ADD421C58491033072AC9E90017B9
:10F7E000CDE91923EEDD18AA03B3214658460DF1E1
:10F7F0006C09FFF77DFB00287FF48DADDDE919036F
:10F80000103D102D00F1010CE4DC099C61464A4AD0
:10F81000C9F804502B440729CDE91913C9F8002071
:10F8200000F3E78009F108090131EDE54FF0010C23
:10F8300018460DF16C09CAE74FF0010C18460DF19E
:10F840006C0972E7002B00F0048118EE101A18AA58
:10F850005846FFF74DFB00287FF45DADDDE9190345
:10F860000DF16C09411CA7E5022311AA1C931B9200
:10F8700001210DF16C09084609F10809411CBAE59E
:10F88000102D40F3E582DDE919130F94084618EEB8
:10F89000104A07E000F1020C09F108091046103D7A
:10F8A000102D1DDD2549C9F80010421C1033102110
:10F8B000072ACDE91923C9F80410EBDD18AA03B310
:10F8C000214658460DF16C09FFF712FB00287FF422
:10F8D00022ADDDE91903103D102D00F1010CE1DC32
:10F8E0000F9C6046154AC9F804502B440728CDE9FF
:10F8F0001903C9F8002000F3C18009F10809411C6F
:10F9000046E518464FF0010C0DF16C09C7E7760784
:10F91000199353D5069A0399541A002C4EDD0DF114
:10F920006C09102C40F3B082199918EE106A10255A
:10F930000DE000BFBC3600205C510020FC360020EA
:10F94000881C09F108091146103C102C1ADD4A1CCC
:10F95000B3481033072AC9E90005CDE91923EFDDC3
:10F9600018AA33B331465846FFF7C2FA00287FF48D
:10F97000D2ACDDE91913103C102C01F101000DF19E
:10F980006C09E4DCA64AC9F8044023440728CDE901
:10F990001903C9F800207FF759AD7BB118EE101A92
:10F9A00018AA5846FFF7A4FA00287FF4B4AC1A9BB3
:10F9B0004CE5012019460DF16C09C5E7DDE905327A
:10F9C00003998A42ACBF9B185B18059349E5B2F9CD
:10F9D0000C108F0518EE103A8AB23FF5E8AA18EE1F
:10F9E000105A986DFCF73CFAB5F90C108AB2FFF783
:10F9F000DEBA002B3FF479AE18EE101A18AA58465A
:10FA0000FFF776FA00287FF486AC19991A9B01312A
:10FA10000DF16C09F8E419920DF16C095EE4002F08
:10FA20007FF4C3AB039E0027049744ACFFF7C5BB2C
:10FA3000039B13F0100354D1039A12F0400000F01E
:10FA40006B8107991A4651F8043B07919BB201213B
:10FA500001E4099A002A64D1184601210DF16C09CC
:10FA6000C9E4012118460DF16C09C4E45B4262EB64
:10FA7000420203962D200121FFF7EEBB002B00F080
:10FA8000888018EE101A18AA5846FFF731FA002895
:10FA90007FF441ACDDE919030DF16C09411C77E4F9
:10FAA00098F800100793FFF7D2BA44ACFFF785BB74
:10FAB00009F108090CF101016046A0E416F4007296
:10FAC00040F0978151F8043B0791FFF7C0BBB305A5
:10FAD00000F1888152F8043B0792DA171146FFF7CC
:10FAE00052BB079951F8043B07910121FFF7B3BBC3
:10FAF000079B059853F8041B0793C217C1E900023E
:10FB0000FFF77DBA0B9B002B3FF426AB0B9B1B78BA
:10FB1000002B3FF421AB98F8001046F48066FFF705
:10FB200096BA022311AA1C931B9201200DF16C09B5
:10FB3000A2E6039671E53B4B0C9316F0200259D0D8
:10FB4000079B073323F0070318465A6850F8083B11
:10FB50000790F40709D553EA020006D08DF8451046
:10FB6000302146F002068DF8441026F4806103919E
:10FB70000221FFF770BB2C4B0C93DEE7079B0121A2
:10FB800053F8042B03918DF8AC20079304912BAC10
:10FB9000DFE49DF84320002A40F03281099A002AD0
:10FBA0007FF462AE184601210DF16C0927E40021B3
:10FBB000082216A81394FCF7A7F8791C00F0BC8063
:10FBC000002507942C460CE02BA95846FCF7F4F8C6
:10FBD000421C204400F06B81B84208DC00F07081C8
:10FBE0000446139A525916AB0435002AECD10494FA
:10FBF000079CAFE016F0100307980CD116F04004F4
:10FC000005D01A4650F8043B07909BB2A1E716F4C2
:10FC1000007240F0E18050F8043B079099E700BF84
:10FC2000FC360020BC360020D03600200399049713
:10FC300044AC9E4608EE90BA01F480664FF0000C8A
:10FC4000234606E0BEF10A0F72F1000239D3A64640
:10FC50002A46A6491EEB020040F100000F46A1FB18
:10FC6000001424F0030101EB9401401ABEEB0001E3
:10FC70004FF0CC3562F1000405FB01F507FB04559C
:10FC8000A1FB07410D44052704F00101A1FB071B5F
:10FC900009186408303103F8011C44EAC5740CF1FA
:10FCA000010C013B6D08002ECCD00B990978614501
:10FCB000C8D1BCF1FF0FC5D0BEF10A0F72F100022E
:10FCC0006CD21C4644AB1B1B049F039E049318EE8E
:10FCD00090BAFFF772BA0396FFF762BA5846FEF77A
:10FCE00033FAFFF75BB9012903967FF4CDACFFF738
:10FCF0005CBA079B059953F8042B11600793FFF733
:10FD00007EB9062F3B46039A794C079228BF0623FB
:10FD100004930393FFF725BB039B079913F4007229
:10FD200014BF51F8043B51F8043B07911CBF024635
:10FD3000DBB20121FFF78FBA16AB009300231946FF
:10FD400013AA5846FDF792F903460133049000F0D8
:10FD5000AE801394049B002B30D0632B63DC002314
:10FD600008932BAC0822002116A8FBF7CDFF049DB9
:10FD700016AB009313AA2B4621465846FDF776F999
:10FD8000854240F0AB80039B049A07930023A35461
:10FD90001F4622EAE2730393FFF716BA0E9A0D99F3
:10FDA0009B1A18460893F9F715FB0B99089B4A789C
:10FDB0000AB101310B914FF0000C48E7039B079308
:10FDC000049B03931F460893FFF7FEB901211846D1
:10FDD0000DF16C09FFF713BB50F8043B0790224666
:10FDE000DBB2B6E612F9043B0792DA171146FFF7C9
:10FDF000CAB951F8043B07910246DBB2FFF727BAB4
:10FE000001231C9301210DF143031B930DF16C0998
:10FE10000B46FFF7CDBA079B059953F8042B0793C0
:10FE20001180FFF7ECB8591C5846FBF7F1FB04466C
:10FE300000283CD0089095E7886DFCF713F8FFF791
:10FE4000E9B9039B0793CDE90377089FFFF7BCB996
:10FE500019981A9B013045E5039B07932046FEF74E
:10FE60003DFA20EAE0732F46049003930895FFF7CC
:10FE7000ABB918EE101A18AA5846FFF739F800283F
:10FE80003FF436AAFFF74DBA199801307AE58C464F
:10FE90006EE46B6ED90705D4AB899A0502D4A86DC0
:10FEA000FBF7E0FF4FF0FF330593FFF749BA18EE79
:10FEB000102AB2F90C3043F040039381FFF735BAB2
:10FEC000079C049746E7079B98F8011053F8047BBA
:10FED0000793904647EAE777FFF7B9B818EE102A7C
:10FEE000938943F040039381FFF715BACDCCCCCC76
:10FEF000E436002070B50C468989ADF58E6D21F091
:10FF00000201ADF81410616E1B91E189ADF8161075
:10FF1000E1690991616A0B911CA9029106914FF464
:10FF2000806106460491079118A80021CDE90032AE
:10FF30000891FBF791FFDDE9003202A93046FFF797
:10FF400013F8051E07DB02A93046FEF73DF800282E
:10FF500018BF4FF0FF35BDF814305B0603D5A389F9
:10FF600043F04003A3811898FBF778FF28460DF56E
:10FF70008E6D70BDF8B50D461446064610B1436B44
:10FF8000002B4CD0B4F90C20A369A360170790B2E2
:10FF90001BD52369CBB1EDB281042F4622D522684F
:10FFA0006169D31A994229DD0133A1680139A16041
:10FFB000511C2160157062699A4227D0A389DB0722
:10FFC00001D50A2D22D03846F8BD21463046FCF72F
:10FFD000C3F808BBB4F90C20236990B2EDB28104D8
:10FFE0002F46DCD442F40052A281626E616922F491
:10FFF000005262662268D31A9942D5DC2146304607
:02000004600397
:10000000FDF7E2FF40B922680123CEE721463046E2
:10001000FDF7DAFF0028D6D04FF0FF37D3E7FEF721
:1000200093F8AFE72DE9F047DFF87CA00646DAF851
:10003000000098460F469146FBF712FF184B1C68CC
:1000400024B365681F2D24DC5EB96B1C0235DAF819
:100050000000636044F82570FBF704FF0020BDE852
:10006000F08704EB85010123C1F88890D4F888213A
:10007000AB401A43022EC4F88821C1F80881E4D1AC
:10008000D4F88C211A43C4F88C21DEE7054C1C609F
:10009000D7E7DAF80000FBF7E5FE4FF0FF30DEE7C8
:1000A000D8840020DC8400208856002082B049B12A
:1000B0005AB16BB113780B601278101E18BF012073
:1000C00002B0704701A9002AF3D1104602B0704770
:1000D0006FF00100F4E700BF2DE9F0430E4626491A
:1000E00087B00F68044690461D4653B305AA3346B1
:1000F000019203212246CDF800803846FDF756F8DC
:10010000059B326898428446C2F10002294609D212
:10011000101A1CF8013B01F8013B059B634500EBFD
:100120000C02F6D8944224DDA21A0A44302301F8C6
:10013000013B9142FBD100231370284607B0BDE874
:10014000F083BA6C00F123039A4201DDFD6CCDE728
:1001500000F12409F96C4A4638468DED020BFEF792
:1001600079F905460028E8D0C7E912909DED020B09
:10017000BCE70A46DFE700BF1C5C002070B5002921
:100180004BD006460C4610B1436B002B48D0636E33
:10019000D80734D5B4F90C30002B3ED02146304678
:1001A000FDF77AFEE36A054633B1E16930469847C8
:1001B0000028B8BF4FF0FF35A3891A063CD4216B45
:1001C00041B104F14003994202D03046FEF77EFB74
:1001D00000232363616C21B13046FEF777FB0023D7
:1001E0006364FDF7CFFF636E0022DB07A2811FD59A
:1001F000A06DFBF733FEFDF7CBFF284670BDA3894A
:100200009905CBD4A06DFBF72BFEB4F90C30002B75
:10021000C4D1656E15F0010505D00025284670BDD6
:10022000FDF792FFB3E7A06DFBF71CFE284670BDFB
:10023000A06DFBF717FEDBE721693046FEF746FBB2
:10024000BDE700BF2DE9F04F8BB0DDE9158A149FA3
:100250000391814605921E46B8F1000F5CD0039BC6
:10026000002B5ED0059B1D68002F6AD0741E4EB314
:10027000039B0493043D002601950BE0039B2BBBDD
:10028000019B1A68002A3AD0BC455CD2013C631C31
:10029000664617D0D8F800300293019BDAF8E05098
:1002A00053F8042F019307A943464846D8F804B0F1
:1002B000A847421C3AD000EB060CBC45DED9029B95
:1002C000C8E9003B30460BB0BDE8F08F00280EDDDA
:1002D000049B019D18445A1E07A900F1FF3E11F826
:1002E000013B02F8013F7245F9D101950490059B4D
:1002F0001A6804321A60019B1A68002AC4D1039B51
:100300000BB1059B1A600CF1FF3600223046C8F88D
:1003100000200BB0BDE8F08F039B00F58678002B22
:10032000A0D1059B4FF0FF371D689FE706468A2145
:1003300000223046C9F80010C8F800200BB0BDE814
:10034000F08F3E46BEE76646BCE700BF10B584B0FE
:10035000054C0698009007980190044800680294A4
:10036000FFF770FF04B010BD945600201C5C002005
:1003700038B5074D0022044608462A60EAF776F9A8
:10038000431C00D038BD2B68002BFBD0236038BD48
:100390001CC5002038B50C46084D84461146204641
:1003A0001A4600232B606446EAF76CF9431C00D020
:1003B00038BD2B68002BFBD0236038BD1CC5002046
:1003C00038B50C46084D8446114620461A4600238F
:1003D0002B606446EAF748F9431C00D038BD2B680F
:1003E000002BFBD0236038BD1CC500202DE9F04751
:1003F00082B0824688461446FBF736FD012803D1B9
:1004000008F1FF33FE2B36D90DF10409424604F101
:100410005C0349465046FBF7CFFC421C064632D0EF
:1004200020B39DF804C0002509E023685A1C22600F
:1004300083F800C00135B54218D219F801CFA3687E
:10044000013B002BA360F0DAA769BB42614622465C
:10045000504602DBBCF10A0FE7D1FFF78BFD431CCE
:10046000E8D10646304602B0BDE8F0874646304641
:1004700002B0BDE8F0875FFA88FC8DF804C006463C
:100480000DF10409CFE7A389304643F04003A3816F
:1004900002B0BDE8F08700BF30B5536E13F0010F16
:1004A000B2F90C30144683B005469AB201D19805D2
:1004B0001CD5900406D4626E43F4005342F40052FB
:1004C000A381626622462846FFF790FF636EDA0733
:1004D000054602D4A3899B0502D5284603B030BD4A
:1004E000A06DFBF7BFFC284603B030BDA06D0191A5
:1004F000FBF7B6FCB4F90C3001999AB2D9E700BF0A
:1005000008B502460B4643EC172BB5EEC07BF1EE67
:1005100010FA03D4BDE8084000F00CB8B1EE477BF8
:1005200051EC170B00F006F8404261EB410108BDA9
:10053000000000009FED0B6B41EC170B9FED0B5B78
:1005400027EE066BBCEEC66BB8EE464BA4EE457BC1
:10055000FCEEC77B16EE101A17EE900A704700BF2C
:10056000AFF30080000000000000F03D000000003C
:100570000000F0415FF800F0AD2700605FF800F088
:10058000CD2100605FF800F0951D00605FF800F07D
:10059000711600605FF800F0D11E00605FF800F097
:1005A000CD2200605FF800F07D2900605FF800F068
:0C05B000152900600000000000000000A1
:0405BC00F8B500BFCF
:1005C00008B10181B0B00084000000006531FF7FF8
:1005D0008408B101B0B0B000FF100D01040206089C
:1005E000010100000000000008B10181B0B00084EA
:1005F0000000000008B10181B0B0008400000000DC
:100600003131FF7FB0AA0100FF10290118323000FC
:10061000006C04A40103762E0000C00118E801005C
:10062000E2010E00000200017D0000000000000059
:100630000C61FD1FFD30FF7FA908B100FFFF010025
:1006400008B10181B0B0008400000000E530FF7FF8
:10065000B0AF1200FF101901101E84070000C4077C
:10066000048E0901B0080400000100000000000031
:10067000C130FF7FB0AF0400FF1019010F320A3CF8
:1006800001840142CC0100D40104000001000000FB
:100690000000000008B10181B0B00084000000003B
:1006A00008B10181B0B0008400000000D8C5FE7F11
:1006B0000100000014C6FE7F08FFFF7F2CC6FE7FEE
:1006C000010000009CC7FE7F04FFFF7FA4C7FE7FE0
:1006D00001000000B0C7FE7F10FFFF7FB0C7FE7FA4
:1006E00014FFFF7FBCC7FE7F01000000D4C7FE7F60
:1006F0000084028018C8FE7F0100000068C8FE7FE9
:10070000B0A8018098C8FE7FB0B0A88000C9FE7F65
:1007100001000000E0C9FE7FB0B0AC8004CAFE7FDB
:100720000100000030CAFE7FD8FEFF7F34CBFE7F81
:10073000B0AA038060CBFE7F01000000C02BFF7FCA
:10074000B0AB0280682CFF7F01000000342DFF7FDA
:10075000E4FEFF7FA82DFF7F010000003C2EFF7FFD
:10076000B0B0AA80F42EFF7FD8FEFF7F342FFF7F2A
:10077000AB08B180BC2FFF7FD4FEFF7F4834FF7FE2
:1007800001000000B834FF7FE8FEFF7F9435FF7F53
:10079000010000004465FF7FB0A90280D465FF7F9F
:1007A000B0B0A8802466FF7F010000002C66FF7FA8
:1007B000B0B0AA806066FF7FAE71B2802467FF7F11
:1007C000AB3F38808467FF7F010000008C67FF7FAC
:1007D000B0B0AA80C867FF7F010000007868FF7F83
:1007E000AA0DB280F468FF7FB0AF0880946BFF7FE2
:1007F00001000000A46BFF7FAD3F02804C6EFF7FC5
:10080000010000002870FF7F008404803C70FF7F9F
:10081000010000003870FF7FB0AD0480BC72FF7F24
:10082000B0A80380E072FF7F6CFEFF7FE472FF7F61
:0C08300070FEFF7FF072FF7F01000000EF
:10083C0000000000000000000000000000000000AC
:10084C00000000000000000000000000000000009C
:10085C00000000000000000000000000000000008C
:10086C00000000000000000000000000000000007C
:10087C00000000000000000000000000000000006C
:10088C00000000000000000000000000000000005C
:10089C00000000000000000000000000000000004C
:1008AC00000000000000000000000000000000003C
:1008BC00000000000000000000000000000000002C
:1008CC00000000000000000000000000000000001C
:1008DC00000000000000000000000000000000000C
:1008EC0000000000000000000000000000000000FC
:1008FC0000000000000000000000000000000000EC
:10090C0000000000000000000000000000000000DB
:10091C0000000000000000000000000000000000CB
:10092C0000000000000000000000000000000000BB
:10093C0000000000000000000000000000000000AB
:10094C00000000000000000000000000000000009B
:10095C00000000000000000000000000000000008B
:10096C00000000000000000000000000000000007B
:10097C00000000000000000000000000000000006B
:10098C00000000000000000000000000000000005B
:10099C00000000000000000000000000000000004B
:1009AC00000000000000000000000000000000003B
:1009BC00000000000000000000000000000000002B
:1009CC00000000000000000000000000000000001B
:1009DC00000000000000000000000000000000000B
:1009EC0000000000000000000000000000000000FB
:1009FC0000000000000000000000000000000000EB
:100A0C0000000000000000000000000000000000DA
:100A1C0000000000000000000000000000000000CA
:100A2C0000000000000000000000000000000000BA
:100A3C0000000000000000000000000000000000AA
:100A4C00000000000000000000000000000000009A
:100A5C00000000000000000000000000000000008A
:100A6C00000000000000000000000000000000007A
:100A7C00000000000000000000000000000000006A
:100A8C00000000000000000000000000000000005A
:100A9C00000000000000000000000000000000004A
:100AAC00000000000000000000000000000000003A
:100ABC00000000000000000000000000000000002A
:100ACC00000000000000000000000000000000001A
:100ADC00000000000000000000000000000000000A
:100AEC0000000000000000000000000000000000FA
:100AFC0000000000000000000000000000000000EA
:100B0C0000000000000000000000000000000000D9
:100B1C0000000000000000000000000000000000C9
:100B2C0000000000000000000000000000000000B9
:100B3C0000000000000000000000000000000000A9
:100B4C000000000000000000000000000000000099
:100B5C000000000000000000000000000000000089
:100B6C000000000000000000000000000000000079
:100B7C000000000000000000000000000000000069
:100B8C000000000000000000000000000000000059
:100B9C000000000000000000000000000000000049
:100BAC000000000000000000000000000000000039
:100BBC000000000000000000000000000000000029
:100BCC000000000000000000000000000000000019
:100BDC000000000000000000000000000000000009
:100BEC0000000000000000000000000000000000F9
:100BFC0000000000000000000000000000000000E9
:100C0C0000000000000000000000000000000000D8
:100C1C0000000000000000000000000000000000C8
:100C2C0000000000000000000000000000000000B8
:100C3C0000000000000000000000000000000000A8
:100C4C000000000000000000000000000000000098
:100C5C000000000000000000000000000000000088
:100C6C000000000000000000000000000000000078
:100C7C000000000000000000000000000000000068
:100C8C000000000000000000000000000000000058
:100C9C000000000000000000000000000000000048
:100CAC000000000000000000000000000000000038
:100CBC0000000040FB21F93F000000002D44743E71
:100CCC00000000809846F83C0000006051CC783B56
:100CDC0000000080831BF0390000004020257A388A
:100CEC00000000802282E336000000001DF369350D
:100CFC00FE822B654715674000000000000038435A
:100D0C000000FAFE422E76BF3A3B9EBC9AF70CBD11
:100D1C00BDFDFFFFFFFFDF3F3C5455555555C53F0B
:100D2C00912B17CF5555A53F17D0A4671111813FB3
:100D3C00000000000000C842EF39FAFE422EE63FE8
:100D4C0024C482FFBDBFCE3FB5F40CD7086BAC3FBB
:100D5C00CC5046D2ABB2833F843A4E9BE0D7553F42
:100D6C000000000000000000000000000000F03F48
:100D7C006EBF881A4F3B9B3C3533FBA93DF6EF3FCA
:100D8C005DDCD89C136071BC6180773E9AECEF3FC0
:100D9C00D16687107A5E90BC857F6EE815E3EF3FD5
:100DAC0013F6673552D28C3C748515D3B0D9EF3F0E
:100DBC00FA8EF92380CE8BBCDEF6DD296BD0EF3FAB
:100DCC0061C8E6614EF7603CC89B751845C7EF3F9C
:100DDC0099D3335BE4A3903C83F3C6CA3EBEEF3F8A
:100DEC006D7B835DA69A973C0F89F96C58B5EF3FE4
:100DFC00FCEFFD921AB58E3CF747722B92ACEF3F8D
:100E0C00D19C2F703DBE3E3CA2D1D332ECA3EF3F20
:100E1C000B6E908934036ABC1BD3FEAF669BEF3F0D
:100E2C000EBD2F2A525695BC515B12D00193EF3F49
:100E3C0055EA4E8CEF8050BCCC316CC0BD8AEF3F74
:100E4C0016F4D5B923C991BCE02DA9AE9A82EF3F17
:100E5C00AF555CE9E3D3803C518EA5C8987AEF3F3F
:100E6C004893A5EA151B80BC7B517D3CB872EF3FC3
:100E7C003D32DE55F01F8FBCEA8D8C38F96AEF3F9E
:100E8C00BF53133F8C898B3C75CB6FEB5B63EF3F90
:100E9C0026EB11769CD996BCD45C0484E05BEF3FC6
:100EAC00602F3A3EF7EC9A3CAAB968318754EF3F71
:100EBC009D3886CB82E78FBC1DD9FC22504DEF3F6D
:100ECC008DC3A644416F8A3CD68C62883B46EF3F6B
:100EDC007D04E4B0057A803C96DC7D91493FEF3F80
:100EEC0094A8A8E3FD8E963C3862756E7A38EF3F75
:100EFC007D4874F2185E873C3FA6B24FCE31EF3F6F
:100F0C00F2E71F982B47803CDD7CE265452BEF3FD9
:100F1C005E08713F7BB896BC8163F5E1DF24EF3F3F
:100F2C0031AB096DE1F7823CE1DE1FF59D1EEF3F11
:100F3C00FABF6F1A9B213DBC90D9DAD07F18EF3FD6
:100F4C00B40A0C7282378B3C0B03E4A68512EF3F7C
:100F5C008FCBCE8992146E3C562F3EA9AF0CEF3F2F
:100F6C00B6ABB04D754D833C15B7310AFE06EF3F5D
:100F7C004C74ACE20142863C31D84CFC7001EF3F22
:100F8C004AF8D35D39DD8F3CFF1664B208FCEE3FA6
:100F9C00045B8E3B80A386BCF19F925FC5F6EE3F4F
:100FAC0068504BCCED4A92BCCBA93A37A7F1EE3F37
:100FBC008E2D511BF80799BC66D8056DAEECEE3F33
:100FCC00D236943EE8D171BCF79FE534DBE7EE3FB7
:100FDC00151BCEB3191999BCE5A813C32DE3EE3F2D
:100FEC006D4C2AA7489F853C2234124CA6DEEE3F5E
:100FFC008A69287A601293BC1C80AC0445DAEE3FF7
:10100C005B8917488FA758BC2A2EF7210AD6EE3FCA
:10101C001B9A49679B2C7CBC97A850D9F5D1EE3F05
:10102C0011ACC260ED63433C2D89616008CEEE3F8C
:10103C00EF64063B0966963C57001DED41CAEE3F36
:10104C007903A1DAE1CC6E3CD03CC1B5A2C6EE3F2F
:10105C0030120F3F8EFF933CDED3D7F02AC3EE3F06
:10106C00B0AF7ABBCE90763C272A36D5DABFEE3FAE
:10107C0077E054EBBD1D933C0DDDFD99B2BCEE3F0A
:10108C008EA3710034948FBCA72C9D76B2B9EE3F21
:10109C0049A393DCCCDE87BC4266CFA2DAB6EE3F26
:1010AC005F380FBDC6DE78BC824F9D562BB4EE3F29
:1010BC00F65C7BEC461286BC0F925DCAA4B1EE3F87
:1010CC008ED7FD180535933CDA27B53647AFEE3F82
:1010DC00059B8A2FB7987B3CFDC797D412ADEE3F8A
:1010EC0009541CE2E163903C295448DD07ABEE3F08
:1010FC00EAC6195085C7343CB746598A26A9EE3F33
:10110C0035C0642BE632943C4821AD156FA7EE3FF9
:10111C009F7699614AE48CBC09DC76B9E1A5EE3F77
:10112C00A84DEF3BC5338CBC85553AB07EA4EE3F41
:10113C00AEE92B89785384BC20C3CC3446A3EE3F54
:10114C0058585678DDCE93BC2522558238A2EE3FF6
:10115C0064197E80AA10573C73A94CD455A1EE3F5C
:10116C0028225EBFEFB393BCCD3B7F669EA0EE3FC3
:10117C0082B93487AD126ABCBFDA0B7512A0EE3F90
:10118C00EEA96DB8EF6763BC2F1A653CB29FEE3FBA
:10119C005188E0543DDC80BC849451F97D9FEE3F36
:1011AC00CF3E5A7E641F78BC745FECE8759FEE3FAF
:1011BC00B07D8BC04AEE86BC7481A5489A9FEE3FE9
:1011CC008AE6551E321986BCC9674256EB9FEE3F24
:1011DC00D3D4095ECB9C903C3F5DDE4F69A0EE3FC3
:1011EC001DA54DB9DC327BBC8701EB7314A1EE3F1E
:1011FC006BC06754FDEC943C32C13001EDA1EE3F65
:10120C00556CD6ABE1EB653C624ECF36F3A2EE3FAC
:10121C0042CFB32FC5A188BC121A3E5427A4EE3F6F
:10122C0034373BF1B66993BC13CE4C9989A5EE3F8C
:10123C001EFF193A845E80BCADC723461AA7EE3F49
:10124C006E5772D850D494BCED92449BD9A8EE3F03
:10125C00008A0E5B67AD903C99668AD9C7AAEE3FAF
:10126C00B4EAF0C12FB78D3CDBA02A42E5ACEE3FCF
:10127C00FFE7C59C60B665BC8C44B51632AFEE3F3B
:10128C00445FF35983F67B3C36771599AEB1EE3F4C
:10129C00833D1EA71F0993BCC6FF910B5BB4EE3FA9
:1012AC00291E6C8BB8A95DBCE5C5CDB037B7EE3F38
:1012BC0059B9907CF9236CBC0F52C8CB44BAEE3FA1
:1012CC00AAF9F422434392BC504EDE9F82BDEE3FFE
:1012DC004B8E66D76CCA85BCBA07CA70F1C0EE3F9C
:1012EC0027CE912BFCAF713C90F0A38291C4EE3FC2
:1012FC00BB730AE135D26D3C2323E31963C8EE3F7F
:10130C006322622204C587BC65E55D7B66CCEE3F3B
:10131C00D531E2E3861C8B3C332D4AEC9BD0EE3F5F
:10132C0015BBBCD3D1BB91BC5D253EB203D5EE3F02
:10133C00D231EE9C31CC903C58B330139ED9EE3F59
:10134C00B35A736E8469843CBFFD79556BDEEE3FF6
:10135C00B49D8E97CDDF82BC7AF3D3BF6BE3EE3FA7
:10136C008733CB92771A8C3CADD35A999FE8EE3FDA
:10137C00FAD9D14A8F7B90BC66B68D2907EEEE3F29
:10138C00BAAEDC56D9C355BCFB154FB8A2F3EE3F31
:10139C0040F6A63D0EA490BC3A59E58D72F9EE3F8D
:1013AC003493AD38F4D668BC475EFBF276FFEE3F63
:1013BC00358A586BE2EE91BC4A06A130B005EF3F7E
:1013CC00CDDD5F0AD7FF743CD2C14B901E0CEF3FB2
:1013DC00AC9892FAFBBD91BC091ED75BC212EF3FD1
:1013EC00B30CAF30AE6E733C9C5285DD9B19EF3F56
:1013FC0094FD9F5C32E38E3C7AD0FF5FAB20EF3FD5
:10140C00AC5909D18FE0843C4BD1572EF127EF3FDB
:10141C00671A4E38AFCD633CB5E706946D2FEF3F9E
:10142C006819926C2C6B673C6990EFDC2037EF3FAE
:10143C00D2B5CC83188A80BCFAC35D550B3FEF3F05
:10144C006FFAFF3F5DAD8FBC7C89074A2D47EF3F9C
:10145C0049A97538AE0D90BCF2890D08874FEF3F46
:10146C00A7073DA685A3743C87A4FBDC1858EF3F67
:10147C000F2240209E9182BC9883C916E360EF3FF7
:10148C00AC92C1D5505A8E3C8532DB03E669EF3FF6
:10149C004B6B01AC593A843C60B401F32173EF3FC0
:1014AC001F3EB40721D582BC5F9B7B33977CEF3FFB
:1014BC00C90D473BB92A89BC29A1F5144686EF3FD3
:1014CC00D3883A6004B6743CF63F8BE72E90EF3F1E
:1014DC0071729D51ECC5833C834CC7FB519AEF3F15
:1014EC00F091D38F12F78FBCDA90A4A2AFA4EF3F88
:1014FC007D7423E298AE8DBCF1678E2D48AFEF3F23
:10150C000820AA41BCC38E3C275A61EE1BBAEF3FA0
:10151C0032EBA9C3942B843C97BA6B372BC5EF3FA6
:10152C00EE85D131A9648A3C40456E5B76D0EF3FA5
:10153C00EDE33BE4BA378EBC14BE9CADFDDBEF3F54
:10154C009DCD914D3B89773CD8909E81C1E7EF3F73
:10155C0089CC6041C105533CF1718F2BC2F3EF3F35
:10156C000080E03779C34143176E05B5B5B8934693
:10157C00F5F93FE9034F384D321D30F94877825A5F
:10158C003CBF737FDD4F1575000000000000F03F7D
:10159C000000000000002440000000000000594042
:1015AC000000000000408F40000000000088C34095
:1015BC0000000000006AF8400000000080842E410A
:1015CC0000000000D01263410000000084D7974156
:1015DC000000000065CDCD41000000205FA002425C
:1015EC00000000E876483742000000A2941A6D42D1
:1015FC00000040E59C30A2420000901EC4BCD642C4
:10160C0000003426F56B0C430080E03779C341436E
:10161C0000A0D8855734764300C84E676DC1AB43E4
:10162C00003D9160E458E143408CB5781DAF154402
:10163C0050EFE2D6E41A4B4492D54D06CFF08044DD
:10164C00F64AE1C7022DB544B49DD9794378EA44F2
:10165C000038FAFE422EE63F3067C79357F32E3D13
:10166C00000000000000E0BF605555555555E5BF22
:10167C00060000000000E03F4E5559999999E93F4A
:10168C007AA429555555E5BFE945489B5B49F2BFFE
:10169C00C33F268B2B00F03F0000000000A0F63F5C
:1016AC00000000000000000000C8B9F2822CD6BF78
:1016BC008056372824B4FA3C000000000080F63F26
:1016CC000000000000000000000858BFBDD1D5BFCD
:1016DC0020F7E0D808A51CBD000000000060F63F14
:1016EC000000000000000000005845177776D5BFB9
:1016FC006D50B6D5A46223BD000000000040F63F3B
:10170C00000000000000000000F82D87AD1AD5BFC6
:10171C00D567B09EE484E6BC000000000020F63FD4
:10172C000000000000000000007877955FBED4BF79
:10173C00E03E2993691B04BD000000000000F63F49
:10174C00000000000000000000601CC28B61D4BFD0
:10175C00CC844C482FD8133D0000000000E0F53F2E
:10176C00000000000000000000A886863004D4BFF2
:10177C003A0B82EDF342DC3C0000000000C0F53F68
:10178C000000000000000000004869554CA6D3BFC3
:10179C0060945186C6B1203D0000000000A0F53FCA
:1017AC0000000000000000000080989ADD47D3BFC5
:1017BC009280C5D44D59253D000000000080F53FB6
:1017CC0000000000000000000020E1BAE2E8D2BFF7
:1017DC00D82BB7991E7B263D000000000060F53F1A
:1017EC0000000000000000000088DE135A89D2BF00
:1017FC003FB0CFB614CA153D000000000060F53FA5
:10180C0000000000000000000088DE135A89D2BFDF
:10181C003FB0CFB614CA153D000000000040F53FA4
:10182C0000000000000000000078CFFB4129D2BF6F
:10183C0076DA5328245A16BD000000000020F53F2C
:10184C000000000000000000009869C198C8D1BFDA
:10185C000454E768BCAF1FBD000000000000F53F5A
:10186C00000000000000000000A8ABAB5C67D1BF1B
:10187C00F0A88233C61F1F3D0000000000E0F43FBB
:10188C0000000000000000000048AEF98B05D1BF3D
:10189C00665A05FDC4A826BD0000000000C0F43F38
:1018AC000000000000000000009073E224A3D0BFF1
:1018BC000E03F47EEE6B0CBD0000000000A0F43FA4
:1018CC00000000000000000000D0B4942540D0BF00
:1018DC007F2DF49EB836F0BC0000000000A0F43F51
:1018EC00000000000000000000D0B4942540D0BFE0
:1018FC007F2DF49EB836F0BC000000000080F43F51
:10190C00000000000000000000405E6D18B9CFBF61
:10191C00873C99AB2A570D3D000000000060F43F56
:10192C0000000000000000000060DCCBADF0CEBF7A
:10193C0024AF869CB7262B3D000000000040F43FEE
:10194C00000000000000000000F02A6E0727CEBF48
:10195C0010FF3F544F2F17BD000000000020F43F34
:10196C00000000000000000000C04F6B215CCDBFE8
:10197C001B68CABB91BA213D000000000000F43F77
:10198C00000000000000000000A09AC7F78FCCBF39
:10199C0034849F684F79273D000000000000F43F1D
:1019AC00000000000000000000A09AC7F78FCCBF19
:1019BC0034849F684F79273D0000000000E0F33F1E
:1019CC00000000000000000000902D7486C2CBBF08
:1019DC008FB78B31B04E193D0000000000C0F33FB3
:1019EC00000000000000000000C0804EC9F3CABF18
:1019FC006690CD3F634EBA3C0000000000A0F33F60
:101A0C00000000000000000000B0E21FBC23CABFB1
:101A1C00EAC146DC648C25BD0000000000A0F33F49
:101A2C00000000000000000000B0E21FBC23CABF91
:101A3C00EAC146DC648C25BD000000000080F33F49
:101A4C0000000000000000000050F49C5A52C9BF76
:101A5C00E3D4C104D9D12ABD000000000060F33FDB
:101A6C00000000000000000000D02065A07FC8BF6F
:101A7C0009FADB7FBFBD2B3D000000000040F33FA7
:101A8C00000000000000000000E0100289ABC7BF9E
:101A9C00584A537290DB2B3D000000000040F33F8E
:101AAC00000000000000000000E0100289ABC7BF7E
:101ABC00584A537290DB2B3D000000000020F33F8E
:101ACC00000000000000000000D019E70FD6C6BFD0
:101ADC0066E2B2A36AE410BD000000000000F33F10
:101AEC0000000000000000000090A77030FFC5BF90
:101AFC003950109F439E1EBD000000000000F33FB4
:101B0C0000000000000000000090A77030FFC5BF6F
:101B1C003950109F439E1EBD0000000000E0F23FB4
:101B2C00000000000000000000B0A1E3E526C5BFE6
:101B3C008F5B07908BDE20BD0000000000C0F23FE1
:101B4C0000000000000000000080CB6C2B4DC4BFD7
:101B5C003C783561C10C173D0000000000C0F23F1D
:101B6C0000000000000000000080CB6C2B4DC4BFB7
:101B7C003C783561C10C173D0000000000A0F23F1D
:101B8C00000000000000000000901E20FC71C3BF8C
:101B9C003A54274D8678F13C000000000080F23F5B
:101BAC00000000000000000000F01FF85295C2BFBA
:101BBC0008C47117308D24BD000000000060F23F96
:101BCC00000000000000000000602FD52AB7C1BF44
:101BDC0096A31118A4802EBD000000000060F23FF7
:101BEC00000000000000000000602FD52AB7C1BF24
:101BFC0096A31118A4802EBD000000000040F23FF7
:101C0C0000000000000000000090D07C7ED7C0BF18
:101C1C00F45BE88896690A3D000000000040F23F42
:101C2C0000000000000000000090D07C7ED7C0BFF8
:101C3C00F45BE88896690A3D000000000020F23F42
:101C4C00000000000000000000E0DB3191ECBFBFA1
:101C5C00F233A35C547525BD000000000000F23F78
:101C6C00000000000000000000002B6E0727BEBF24
:101C7C003C00F02A2C342A3D000000000000F23F0A
:101C8C00000000000000000000002B6E0727BEBF04
:101C9C003C00F02A2C342A3D0000000000E0F13F0B
:101CAC00000000000000000000C05B8F545EBCBF51
:101CBC0006BE5F58570C1DBD0000000000C0F13F70
:101CCC00000000000000000000E04A3A6D92BABF2C
:101CDC00C8AA5BE83539253D0000000000C0F13F83
:101CEC00000000000000000000E04A3A6D92BABF0C
:101CFC00C8AA5BE83539253D0000000000A0F13F83
:101D0C00000000000000000000A031D645C3B8BFA1
:101D1C0068562F4D297C133D0000000000A0F13FB8
:101D2C00000000000000000000A031D645C3B8BF81
:101D3C0068562F4D297C133D000000000080F13FB8
:101D4C0000000000000000000060E58AD2F0B6BF81
:101D5C00DA7333C9379726BD000000000060F13FED
:101D6C0000000000000000000020063F071BB5BF6C
:101D7C00575EC6615B021F3D000000000060F13F32
:101D8C0000000000000000000020063F071BB5BF4C
:101D9C00575EC6615B021F3D000000000040F13F32
:101DAC00000000000000000000E01B96D741B3BF0C
:101DBC00DF13F9CCDA5E2C3D000000000040F13F4F
:101DCC00000000000000000000E01B96D741B3BFEC
:101DDC00DF13F9CCDA5E2C3D000000000020F13F4F
:101DEC0000000000000000000080A3EE3665B1BFCB
:101DFC0009A38F765E7C143D000000000000F13FCB
:101E0C000000000000000000008011C0300AAFBFCD
:101E1C00918E36839E592D3D000000000000F13F4D
:101E2C000000000000000000008011C0300AAFBFAD
:101E3C00918E36839E592D3D0000000000E0F03F4E
:101E4C00000000000000000000801971DD42ABBFF3
:101E5C004C70D6E57A821C3D0000000000E0F03F9B
:101E6C00000000000000000000801971DD42ABBFD3
:101E7C004C70D6E57A821C3D0000000000C0F03F9B
:101E8C00000000000000000000C032F65874A7BF2C
:101E9C00EEA1F23446FC2CBD0000000000C0F03F67
:101EAC00000000000000000000C032F65874A7BF0C
:101EBC00EEA1F23446FC2CBD0000000000A0F03F67
:101ECC00000000000000000000C0FEB9879EA3BF08
:101EDC00AAFE26F5B702F53C0000000000A0F03F7A
:101EEC00000000000000000000C0FEB9879EA3BFE8
:101EFC00AAFE26F5B702F53C000000000080F03F7A
:101F0C0000000000000000000000780E9B829FBFC4
:101F1C00E4097E7C268029BD000000000080F03F93
:101F2C0000000000000000000000780E9B829FBFA4
:101F3C00E4097E7C268029BD000000000060F03F93
:101F4C0000000000000000000080D5071BB997BFFF
:101F5C0039A6FA93548D28BD000000000040F03FD4
:101F6C0000000000000000000000FCB0A8C08FBF03
:101F7C009CA6D3F67C1EDFBC000000000040F03FA6
:101F8C0000000000000000000000FCB0A8C08FBFE3
:101F9C009CA6D3F67C1EDFBC000000000020F03FA6
:101FAC0000000000000000000000106B2AE07FBF62
:101FBC00E440DA0D3FE219BD000000000020F03FC4
:101FCC0000000000000000000000106B2AE07FBF42
:101FDC00E440DA0D3FE219BD000000000000F03FC4
:101FEC0000000000000000000000000000000000E5
:101FFC000000000000000000000000000000F03FA6
:10200C0000000000000000000000000000000000C4
:10201C0000000000000000000000000000C0EF3FC6
:10202C000000000000000000000089751510803FC2
:10203C00E82B9D996BC710BD000000000080EF3F9E
:10204C000000000000000000008093585620903FD4
:10205C00D2F7E2065BDC23BD000000000040EF3F3E
:10206C0000000000000000000000C9282549983F2E
:10207C00340C5A32BAA02ABD000000000000EF3F19
:10208C0000000000000000000040E7895D41A03F17
:10209C0053D7F15CC011013D0000000000C0EE3FC1
:1020AC00000000000000000000002ED4AE66A43F2B
:1020BC0028FDBD7573162CBD000000000080EE3F9E
:1020CC00000000000000000000C09F14AA94A83F6C
:1020DC007D265AD0957919BD000000000040EE3FD6
:1020EC00000000000000000000C0DDCD73CBAC3F51
:1020FC000728D847F2681ABD000000000020EE3F08
:10210C00000000000000000000C006C031EAAE3F35
:10211C007B3BC94F3E110EBD0000000000E0ED3FBF
:10212C000000000000000000006046D13B97B13F6A
:10213C009B9E0D565D3225BD0000000000A0ED3FBA
:10214C00000000000000000000E0D1A7F5BDB33F87
:10215C00D74EDBA55EC82C3D000000000060ED3FB3
:10216C00000000000000000000A0974D5AE9B53FA8
:10217C001E1D5D3C06692CBD000000000040ED3FBB
:10218C00000000000000000000C0EA0AD300B73FC6
:10219C0032ED9DA98D1EEC3C000000000000ED3FCF
:1021AC0000000000000000000040595D5E33B93FA4
:1021BC00DA47BD3A5C11233D0000000000C0EC3F43
:1021CC0000000000000000000060AD8DC86ABB3F3D
:1021DC00E568F72B809013BD0000000000A0EC3FD9
:1021EC0000000000000000000040BC015888BC3F0B
:1021FC00D3AC5AC6D146263D000000000060EC3F2F
:10220C00000000000000000000200A8339C7BE3F18
:10221C00E045E6AF68C02DBD000000000040EC3F7B
:10222C00000000000000000000E0DB3991E8BF3F37
:10223C00FD0AA14FD63425BD000000000000EC3F84
:10224C00000000000000000000E027828E17C13F54
:10225C00F2072DCE78EF213D0000000000E0EB3FAF
:10226C00000000000000000000F0237E2BAAC13FFC
:10227C00349938448EA72C3D0000000000A0EB3FA1
:10228C0000000000000000000080860C61D1C23FFD
:10229C00A1B481CB6C9D033D000000000080EB3F9E
:1022AC000000000000000000009015B0FC65C33F6A
:1022BC0089724B23A82FC63C000000000040EB3F66
:1022CC00000000000000000000B033833D91C43FCB
:1022DC0078B6FD547983253D000000000020EB3FCB
:1022EC00000000000000000000B0A1E4E527C53F9D
:1022FC00C77D69E5E833263D0000000000E0EA3FB9
:10230C00000000000000000000108CBE4E57C63FBD
:10231C00782E3C2C8BCF193D0000000000C0EA3F0A
:10232C0000000000000000000070758B12F0C63F2A
:10233C00E1219CE58D1125BD0000000000A0EA3FC5
:10234C000000000000000000005044858D89C73F4C
:10235C000543917010661CBD000000000060EA3F50
:10236C000000000000000000000039EBAFBEC83FC9
:10237C00D12CE9AA543D07BD000000000040EA3F03
:10238C0000000000000000000000F7DC5A5AC93FB2
:10239C006FFFA05828F2073D000000000000EA3F44
:1023AC00000000000000000000E08A3CED93CA3FF2
:1023BC0069215650437228BD0000000000E0E93F3F
:1023CC00000000000000000000D05B57D831CB3F6C
:1023DC00AAE1AC4E8D350CBD0000000000C0E93FF9
:1023EC00000000000000000000E03B3887D0CB3F2D
:1023FC00B6125459C44B2DBD0000000000A0E93F9B
:10240C0000000000000000000010F0C6FB6FCC3F85
:10241C00D22B96C572ECF1BC000000000060E93FC5
:10242C0000000000000000000090D4B03DB1CD3F92
:10243C0035B015F72AFF2ABD000000000040E93F27
:10244C0000000000000000000010E7FF0E53CE3F1C
:10245C0030F441602712C23C000000000020E93F2C
:10246C0000000000000000000000DDE4ADF5CE3FF0
:10247C00118EBB651521CABC000000000000E93FAD
:10248C00000000000000000000B0B36C1C99CF3FAE
:10249C0030DF0CCAECCB1B3D0000000000C0E83F55
:1024AC00000000000000000000584D603871D03F63
:1024BC00914EED16DB9CF83C0000000000A0E83FBC
:1024CC000000000000000000006061672DC4D03FD8
:1024DC00E9EA3C168B18273D000000000080E83F1D
:1024EC00000000000000000000E827828E17D13F9A
:1024FC001CF0A5630E212CBD000000000060E83F1D
:10250C00000000000000000000F8ACCB5C6BD13F79
:10251C008116A5F7CD9A2B3D000000000040E83F46
:10252C00000000000000000000685A6399BFD13F12
:10253C00B7BD4751EDA62C3D000000000020E83F40
:10254C00000000000000000000B80E6D4514D23FE2
:10255C00EABA46BADE870A3D0000000000E0E73F19
:10256C0000000000000000000090DC7CF0BED23FB8
:10257C00F404504AFA9C2A3D0000000000C0E73FDA
:10258C0000000000000000000060D3E1F114D33F14
:10259C00B83C21D37AE228BD0000000000A0E73F40
:1025AC0000000000000000000010BE76676BD33FF7
:1025BC00C877F1B0CD6E113D000000000080E73F00
:1025CC0000000000000000000030337752C2D33FFF
:1025DC005CBD06B6543B183D000000000060E73FB0
:1025EC00000000000000000000E8D523B419D43F1F
:1025FC009DE090EC36E4083D000000000040E73F11
:10260C00000000000000000000C871C28D71D43FB2
:10261C0075D66709CE272FBD000000000020E73FCC
:10262C0000000000000000000030179EE0C9D43FFD
:10263C00A4D80A1B89202EBD000000000000E73F33
:10264C00000000000000000000A03807AE22D53FBB
:10265C0059C7648170BE2E3D0000000000E0E63FCB
:10266C00000000000000000000D0C853F77BD53FED
:10267C00EF405DEEEDAD1F3D0000000000C0E63FF9
:10268C000000000000000000006059DFBDD5D53F00
:10269C00DC65A4082A0B0ABD000000000000F03F16
:1026AC00000000000000F0BF000000000000F0BFC0
:1026BC00000000000000F03F83C8C96D305F64412A
:1026CC00182D4454FB21F93F000000000000F03F9E
:1026DC001C620CFDFFFFDFBF198F06E15355A53FB0
:1026EC009D359AE887C056BFC3F87B024393F93EE9
:1026FC0003A695595455C5BFC40B23057610813FCD
:10270C0024CF7437EB9429BF000000000000F03F89
:10271C00000000000000F0BF000000000000F0BF4F
:10272C00000000000000F03F83C8C96D305F6441B9
:10273C00182D4454FB21F93F000000000000F0BFAD
:10274C001C620CFDFFFFDF3F198F06E15355A5BF3F
:10275C009D359AE887C0563FC3F87B024393F9BE78
:10276C0003A695595455C5BFC40B23057610813F5C
:10277C0024CF7437EB9429BFBC89D897B2D29C3C38
:10278C0033A7A8D523F649393DA7F444FD0FA5324C
:10279C009D978CCF08BA5B25436FAC6428066811F3
:1027AC00FFFFFFFFFFFFFFFF0B0000000900000011
:1027BC000700000006000000080000000A000000EE
:1027CC0000000000020000000400000005000000F2
:1027DC0003000000010000000000240348066A0901
:1027EC008C0CAB0FC812E215F9180B1C1A1F232204
:1027FC00282526281F2B112EFB30DF33BA368C39B7
:10280C00563C173FCE417A441C47B4493F4CBF4E0F
:10281C0033519B53F5554258825AB35CD75EEB60EB
:10282C00F162E864CF66A6686D6A236CC96D5E6F51
:10283C00E2705472B573047541766B77847889793C
:10284C007C7A5C7B297CE37C897D1D7E9C7E097F68
:10285C00617FA67FD87FF57FFF7FF57FD87FA67F2E
:10286C00617F097F9C7E1D7E897DE37C297C5C7B5E
:10287C007C7A897984786B7741760475B573547258
:10288C00E2705E6FC96D236C6D6AA668CF66E864F2
:10289C00F162EB60D75EB35C825A4258F5559B539C
:1028AC003351BF4E3F4CB4491C477A44CE41173F7D
:1028BC00563C8C39BA36DF33FB30112E1F2B2628B1
:1028CC00282523221A1F0B1CF918E215C812AB0F6E
:1028DC008C0C6A09480624030000DCFCB8F996F657
:1028EC0074F355F038ED1EEA07E7F5E3E6E0DDDDBD
:1028FC00D8DADAD7E1D4EFD105CF21CC46C974C6EA
:10290C00AAC3E9C032BE86BBE4B84CB6C1B341B170
:10291C00CDAE65AC0BAABEA77EA54DA329A1159F74
:10292C000F9D189B31995A979395DD933792A290EE
:10293C001E8FAC8D4B8CFC8ABF8995887C877786E3
:10294C008485A484D7831D837782E3816481F78097
:10295C009F805A8028800B8001800B8028805A80B1
:10296C009F80F7806481E38177821D83D783A48461
:10297C00848577867C879588BF89FC8A4B8CAC8D47
:10298C001E8FA2903792DD9393955A973199189B8D
:10299C000F9D159F29A14DA37EA5BEA70BAA65ACC3
:1029AC00CDAE41B1C1B34CB6E4B886BB32BEE9C0C2
:1029BC00AAC374C646C921CC05CFEFD1E1D4DAD76E
:1029CC00D8DADDDDE6E0F5E307E71EEA38ED55F091
:1029DC0074F396F6B8F9DCFC000000000602050161
:1029EC0004000300010000000100000000000000D2
:1029FC0000000000000000000000000000000000CB
:102A0C0000000000000000000000000000000000BA
:102A1C0000000000000000000000000000000000AA
:102A2C00010000004C6F6164656420707265736511
:102A3C00743A20004E6F207072657365742C207789
:102A4C00726974696E6720666163746F7279206451
:102A5C00656661756C7400004572726F723A20493C
:102A6C006E76616C69642062616E6B5F6E756D620F
:102A7C00657220256420696E20736176655F636FD3
:102A8C006E6669670A000000706F74207365747558
:102A9C007020646F6E6500005265636569766564CD
:102AAC0020696E737472756374696F6E206F6E201B
:102ABC006164726573733A0020776974682076617B
:102ACC006C75653A00000000537461727420726575
:102ADC00636569766564000057726974696E672076
:102AEC007468652064656661756C742066696C65D4
:102AFC0000000000536176696E6720637572726521
:102B0C006E742073657474696E67730053617665B7
:102B1C0064207072657365743A2000005265706FA2
:102B2C007274696E6720616C6C2064617461000062
:102B3C00576970696E67206D656D6F727900000062
:102B4C00536176696E6720746F2062616E6B3A20F8
:102B5C00000000004C6F6164696E672062616E6BEF
:102B6C003A200000537769746368696E67206D6F53
:102B7C00646500005570646174696E6720746865E3
:102B8C002042504D20746F3A200000004C6F6E674D
:102B9C0020707573682C20737769746368696E672D
:102BAC002072687974686D206D6F64650000000098
:102BBC005374617274696E672072687974686D20E1
:102BCC0074696D657273000053746F7070696E6711
:102BDC002072687974686D2074696D657273000079
:102BEC004C6F61646564206D6173746572207475DB
:102BFC006E696E673A2000004E6F206D61737465CC
:102C0C00722074756E696E672066696C652C207510
:102C1C0073696E672064656661756C74203434303A
:102C2C0020487A006D61737465725F74756E696E9D
:102C3C00672E7478740000005361766564206D61B2
:102C4C00737465722074756E696E673A20000000AB
:102C5C004572726F7220736176696E67206D617355
:102C6C007465722074756E696E67000055706461CE
:102C7C0074696E67206672657175656E63696573DC
:102C8C000000000054726967676572696E672063A3
:102C9C00686F7264206E6F74657300004275747493
:102CAC006F6E207075736865643A20005377697491
:102CBC006368696E6720746F206C61737420707226
:102CCC006573657400000000537769746368696EFE
:102CDC006720746F206E65787420707265736574EC
:102CEC0000000000456E7465726564206B65792088
:102CFC006368616E6765206D6F6465004578697403
:102D0C006564206B6579206368616E6765206D6F03
:102D1C0064650000302C00002C0000000B0409023C
:102D2C000700050000FFFFFFFFFFFF0001FFFFFF93
:102D3C00FFFF000102FFFFFFFF00010203FFFFFF87
:102D4C000001020304FFFF000102030405FF000160
:102D5C0002030405060001020304050606FFFFFF3B
:102D6C00FFFFFF0605FFFFFFFFFF060504FFFFFF48
:102D7C00FF06050403FFFFFF0605040302FFFF0621
:102D8C000504030201FF0605040302010000000014
:102D9C0007050508070705000001020304050102E9
:102DAC0003040506060707070707070807000000C6
:102DBC0000000000B81E8941F628094252B84D4265
:102DCC00D7238942856BAB4252B8CD420000F0420A
:102DDC00D72309433D4A1A43146E2B43EC913C43D1
:102DEC00C3B54D4329DC5E4300007043EC91804336
:102DFC001F2589430AB79143F6489A43E1DAA24367
:102E0C00146EAB430002040507090B000002040713
:102E1C0009000000000203070A000000000204057C
:102E2C000708090B0002030507080A000002030546
:102E3C0007080B00000203070A0000001401000041
:102E4C0068012000000001001501000001001601BE
:102E5C00000001001701000002001E0100000C0020
:102E6C006A01010010006B01010010006C010000F0
:102E7C0001001F01000001002101000001002201DE
:102E8C0000000600230100001400250100000300CF
:102E9C00260100000400270100000100CA01000007
:102EAC001200CB0100001200CC0100001200CD0179
:102EBC0000001200CE0100001200CF010000120031
:102ECC00D00100001200C8010000DB00C9010000A5
:102EDC00FF0F240100000B00EC000000FF0F180096
:102EEC00000001001900000001001A0000000100A0
:102EFC001B00000001001C00000001001D00000070
:102F0C0001000A011500DB000B01000064000C013C
:102F1C001500DB000D01000064000E011500DB0044
:102F2C000F010000640010011500DB00110100000E
:102F3C006400040100000004050100000004060107
:102F4C0000000004070000000A00FF01E0106C11F3
:102F5C0002000000010063010000040028010000D1
:102F6C0006006201000001002900000001002A0196
:102F7C0000000B002B01000088132C0100008813AB
:102F8C002D01000088132E00000001002F0100000D
:102F9C008813300100000A0031010000D007320014
:102FAC000000030033000100050034010000881309
:102FBC00350100008813360100008813370000002B
:102FCC0001003801000088133901000064003A0048
:102FDC0000000500640100000B006500000001000A
:102FEC006601000088136701000088136801000067
:102FFC0088136901000018003B0100000B003C0025
:10300C00000014003D00000001003E0100000B0018
:10301C003F000000140040000000010041010000CE
:10302C0088134201000088134301000088134400F8
:10303C0000000100450100008813460100006400F7
:10304C0047000000020048010000881349010000FD
:10305C0088134A01000088134B01000088134C00B0
:10306C00000001004D01000058024E0100008813C1
:10307C004F0001000500500000000100510000004D
:10308C000100520000000100530000000100540038
:10309C000000010055000000010056000000010076
:1030AC00570100000200580100008813590001006C
:1030BC0005005A00000001005B00000001005C00EC
:1030CC00000001005D0100000B005E000000140018
:1030DC005F000000010060000000050061000000BE
:1030EC000200030000000100780100000500C60189
:1030FC0000000400C7010000DC057900000001009D
:10310C007A0100000B007B00000002007C00000034
:10311C0001007D0100000B007E00000002007F001A
:10312C0000000100800100000B0081000000020083
:10313C0082000000010083000000010084000000F8
:10314C0001008500000001008600000001008701DD
:10315C0000006400880100006400890100008813ED
:10316C008A01000088138B01000088138C0000007A
:10317C0001008D01000088138E01000064008F0196
:10318C000000881390000000010091000100050070
:10319C009201000088139301000088139401000031
:1031AC008813950000000100960100008813970118
:1031BC0000006400980100000B009900000014004E
:1031CC009A00000001009B00000005009C0100001B
:1031DC000B009D00000014009E00000005009F00E5
:1031EC0000000100A00100000B00A1000000140071
:1031FC00A20000000100A30000000100A4010000D7
:10320C008813A50100008813A60100008813A700ED
:10321C0000000100A80100008813A901000064004F
:10322C00AA0000000200AB0100008813AC010000F2
:10323C008813AD0100008813AE0100006400AF00DC
:10324C0000000100B00100005802B1010000881319
:10325C00B20001000500B30000000100B400000042
:10326C000100B50000000100B60000000100B7002D
:10327C0000000100B80000000100B90000000100CE
:10328C00BA0100000200BB011E002C01BC010100B0
:10329C001000BD0101000800BE0000000200BF01CB
:1032AC001400E803DC0100008000DD010000800058
:1032BC00DE0100008000DF0100008000E001000062
:1032CC008000E10100008000E20100008000E301C9
:1032DC0000008000E40100008000E5010000800097
:1032EC00E60100008000E70100008000E80100001A
:1032FC008000E90100008000EA0100008000EB0181
:10330C0000008000C00100008813C100010005000E
:10331C00C20000000100C30000000100C400000056
:10332C000100C5000000020006FFFFFFFFFFFF06C3
:10333C0005FFFFFFFFFF060504FFFFFFFF06050467
:10334C0003FFFFFF0605040302FFFF00000702094D
:10335C00040B050A03080106060108030A0500040C
:10336C000B000000050505050508060808080707F9
:10337C000707070505050700000204070900000000
:10338C000002040609000000000305070A00000003
:10339C00000204070A0000000003050709000000F2
:1033AC00000103040607090A00020406080A0000CB
:1033BC00000204050708090B000203050708090BA6
:1033CC00000203040607090B0002040507090B00A1
:1033DC000002030507090A000002040607090B0096
:1033EC000002040507090A000002030507080A0089
:1033FC000002050709000000000205070A00000092
:10340C00000305060A0000000001030506080A0077
:10341C001F1C1F1E1F1E1F1F1E1F1E1F0000000033
:10342C000000000000000000000000000000000090
:10343C000000000000000000000000000000000080
:10344C000000000000000000000000000000000070
:10345C000000000000000000000000000000000060
:10346C000000000000000000000000000000000050
:10347C000000000000000000000000000000000040
:10348C000000000000000000000000000000000030
:10349C000000000000000000000000000000000020
:1034AC000000000000000000000000000000000010
:1034BC000000000000000000000000000000000000
:1034CC0000000000000000000000000000000000F0
:1034DC0000000000000000000000000000000000E0
:1034EC0000000000000000000000000000000000D0
:1034FC0000000000000000000000000000000000C0
:10350C0000000000000000000000000000000000AF
:10351C00000000000000000000000000000000009F
:10352C00526563616C6962726174696E672048618F
:10353C007270000048617270206E6F7420636F6D42
:10354C006D756E69636174696E6700004F766572A4
:10355C002063757272656E7420646574656374653E
:10356C0064210A0A000000006E616E00696E66003C
:10357C006F7666004152010045520100495201002C
:10358C004D520100464F3A3A2073657420617474B1
:10359C00726962757465206372656174696F6E20FF
:1035AC006661696C65640000464F3A3A2073657435
:1035BC0020617474726962757465206D6F646966DC
:1035CC00696564206661696C6564000046443A3A3A
:1035DC0020736574206174747269627574652063FC
:1035EC0072656174696F6E206661696C6564000058
:1035FC0046443A3A2073657420617474726962753A
:10360C007465206D6F646966696564206661696CB8
:10361C00656400007465726D696E61746520636128
:10362C006C6C6564207265637572736976656C7910
:10363C000A0000007465726D696E617465206361C7
:10364C006C6C6564206166746572207468726F7747
:10365C00696E6720616E20696E7374616E6365209C
:10366C006F66202700000000270A00007465726D49
:10367C00696E6174652063616C6C65642077697434
:10368C00686F757420616E2061637469766520655E
:10369C007863657074696F6E0A000000202077688B
:1036AC00617428293A2020007374643A3A62616488
:1036BC005F657863657074696F6E00006261645F4A
:1036CC0066756E6374696F6E5F63616C6C0000008D
:1036DC009C310020F02E0020C8310020102F00203B
:1036EC00E82E00209C310020342F0020C83100200F
:1036FC00582F0020A82E0020C8310020802F002039
:10370C00E02E0020C8310020942F0020E02E002055
:10371C009C310020AC2F00209C310020BC2F0020BD
:10372C004E31305F5F637878616269763131355F35
:10373C005F666F726365645F756E77696E64450072
:10374C004E31305F5F637878616269763131375F13
:10375C005F636C6173735F747970655F696E666FBC
:10376C00450000004E31305F5F63787861626976A6
:10377C003131395F5F666F726569676E5F6578635B
:10378C00657074696F6E45004E31305F5F63787899
:10379C00616269763132305F5F73695F636C61734C
:1037AC00735F747970655F696E666F450000000029
:1037BC00537431336261645F657863657074696FEB
:1037CC006E000000537431376261645F66756E631E
:1037DC0074696F6E5F63616C6C00000053743965C3
:1037EC007863657074696F6E0000000053743974EF
:1037FC007970655F696E666F000000000000000064
:10380C000000000075CD000000000000000000006A
:10381C00316E01000000000000000000D505000022
:10382C0009060000AD040000610100005D04000009
:10383C00ED000000A104000089040000B9010000A3
:10384C00450400002D040000FD030000F5000000FD
:10385C00E5030000090100005102000045020000D0
:10386C00D50100000D0200006905000011050000E3
:10387C00000000000000000069CB00000000000008
:10388C0000000000F5CC000000000000000000006B
:10389C00A9CF00000000000000000000657B0100C3
:1038AC0000000000000000002DC20000000000001D
:1038BC0000000000090A000029E5000065E6000090
:1038CC0009E60000FDE40000DDE5000035E5000040
:1038DC0015E30000F1E7000011E3000035E40000FF
:1038EC000000000000000000955401009D810100C3
:1038FC009981010095810100918101008D81010068
:10390C008981010085810100000000000000000099
:10391C00C5D600000000000000000000F5C3000048
:10392C000000000000000000BDC600000000000008
:10393C000000000049E10000000000000000000051
:10394C0011D2000000000000000000004DC7000074
:10395C000000000000000000DD3C01000000000041
:10396C0000000000ADC900000000000000000000D5
:10397C00CDDA00000000000000000000CD000000C7
:10398C006D00000069000000950000007900000047
:10399C00A100000085000000450600007106000033
:1039AC0000000000000000000D05020039050200B7
:1039BC006900000009050200C5040200D1040200E0
:1039CC00F104020000000000A82E0020459A01001E
:1039DC00599A0100C9980100C9980100D59A0100B3
:1039EC00059A0100B99A0100759A0100399A0100F3
:1039FC0000000000BC2E0020B1970100C59701000B
:103A0C00C9980100C9980100D59A0100059A0100D6
:103A1C00999801001D980100E19701000000000039
:103A2C00C82E0020E9950100F5950100ED950100E7
:103A3C0000000000D42E00203D94010051940100A0
:103A4C00359401000C0D0E0F10111206000102032B
:103A5C00040513140B0A09080700000015010000E7
:103A6C00190100002101000029010000F9040000E7
:103A7C002D0100003101000035010000D11D0000B6
:103A8C00F50400004101000045010000DD1D0000AF
:103A9C00C9040000490100004D010000E91D0000AF
:103AAC00ED0400005101000055010000C51D00008F
:103ABC00F1040000390100003D010000D8399D27B8
:103ACC000054EA2A00A4781F007B9A172C206675F4
:103ADC006E6374696F6E3A20000000006173736549
:103AEC007274696F6E2022257322206661696C6581
:103AFC00643A2066696C6520222573222C206C693F
:103B0C006E65202564257325730A000042616C6C78
:103B1C006F63207375636365656465640000000002
:103B2C002F646174612F6A656E6B696E732F776F8A
:103B3C00726B73706163652F474E552D746F6F6C8C
:103B4C00636861696E2F61726D2D31312F737263F1
:103B5C002F6E65776C69622D63796777696E2F6E4E
:103B6C0065776C69622F6C6962632F7374646C691E
:103B7C00622F6764746F612D6765746865782E6356
:103B8C000000000000000000000000000000000029
:103B9C000000000000000000000000000000000019
:103BAC000000000000000000000000000000000009
:103BBC00000000001011121314151617181900002C
:103BCC0000000000001A1B1C1D1E1F00000000003E
:103BDC0000000000000000000000000000000000D9
:103BEC0000000000001A1B1C1D1E1F00000000001E
:103BFC0000000000000000000000000000000000B9
:103C0C0000000000000000000000000000000000A8
:103C1C000000000000000000000000000000000098
:103C2C000000000000000000000000000000000088
:103C3C000000000000000000000000000000000078
:103C4C000000000000000000000000000000000068
:103C5C000000000000000000000000000000000058
:103C6C000000000000000000000000000000000048
:103C7C000000000000000000000000000000000038
:103C8C0000000000A2000000F9A2000083F9A200CD
:103C9C006E83F9A24E6E83F9444E6E8315444E6EBC
:103CAC002915444EFC29154427FC29155727FC29B6
:103CBC00D15727FCF5D1572734F5D157DD34F5D141
:103CCC00C0DD34F5DBC0DD3462DBC0DD9562DBC00A
:103CDC00999562DB3C999562433C999590433C994C
:103CEC004190433C2F646174612F6A656E6B696E01
:103CFC00732F776F726B73706163652F474E552D01
:103D0C00746F6F6C636861696E2F61726D2D3131E8
:103D1C002F7372632F6E65776C69622D6379677789
:103D2C00696E2F6E65776C69622F6C6962632F7395
:103D3C0074646C69622F6D707265632E6300000091
:103D4C003031323334353637383961626364656605
:103D5C006768696A6B6C6D6E6F707172737475766F
:103D6C007778797A00000000002020202020202085
:103D7C00202028282828282020202020202020200F
:103D8C00202020202020202020881010101010101F
:103D9C00101010101010101010040404040404046B
:103DAC000404041010101010101041414141414105
:103DBC0001010101010101010101010101010101E7
:103DCC0001010101101010101010424242424242F7
:103DDC0002020202020202020202020202020202B7
:103DEC00020202021010101020000000000000005F
:103DFC0000000000000000000000000000000000B7
:103E0C0000000000000000000000000000000000A6
:103E1C000000000000000000000000000000000096
:103E2C000000000000000000000000000000000086
:103E3C000000000000000000000000000000000076
:103E4C000000000000000000000000000000000066
:103E5C000000000000000000000000000000000056
:103E6C00000000000000000000000000496E6669C0
:103E7C006E697479000000004E614E002F6461740D
:103E8C00612F6A656E6B696E732F776F726B7370CF
:103E9C006163652F474E552D746F6F6C6368616954
:103EAC006E2F61726D2D31312F7372632F6E6577AA
:103EBC006C69622D63796777696E2F6E65776C69B3
:103ECC00622F6C6962632F7374646C69622F647403
:103EDC006F612E63000000006E660000696E6974ED
:103EEC0079000000494E46004E414E0030313233CD
:103EFC00343536373839616263646566000000001A
:103F0C003031323334353637383941424344454603
:103F1C0000000000286E756C6C2900002020202009
:103F2C002020202020202020202020202020202085
:103F3C00202020202020202020202020444E002043
:103F4C000B000000444E00200B000000000000009D
:103F5C00504E002004000000584E002007000000C6
:103F6C0007000000604E002004000000684E002096
:103F7C000400000000000000704E0020060000004D
:103F8C00704E00200600000008000000784E002053
:103F9C000B000000784E00200B0000000800000011
:103FAC00844E002005000000844E00200500000017
:103FBC00080000008C4E00200A0000008C4E0020EF
:103FCC000A00000008000000984E00200D000000C0
:103FDC00984E00200D00000000000000A84E0020AC
:103FEC0003000000A84E00200300000001000000A8
:103FFC00AC4E00200C000000BC4E0020080000005D
:10400C0002000000000000000000000000000000A2
:10401C000000000000000000C84E0020040000005A
:10402C00C84E00200400000003000000D04E002009
:10403C000D000000D04E00200D0000000400000018
:10404C00E04E002008000000E04E002008000000B8
:10405C0000000000EC4E002011000000EC4E00208F
:10406C001100000000000000000000000000000033
:10407C000000000000000000000000000000000034
:10408C000000000000000000000000000000000024
:10409C000000000000000000000000000000000014
:1040AC0000000000004F002005000000004F002021
:1040BC000500000000000000084F00200E0000006A
:1040CC00084F00200E00000000000000000000005F
:1040DC0000000000000000000000000000000000D4
:1040EC00184F002004000000184F002004000000AE
:1040FC0009000000204F002007000000604E002047
:10410C000400000000000000284F002009000000FF
:10411C00C84E00200400000005000000344F0020B1
:10412C0012000000344F00201200000006000000B6
:10413C00A040002003000000A0400020030000006D
:10414C0000000000484F002009000000484F0020EC
:10415C000900000000000000544F0020090000007E
:10416C00544F00200900000000000000604F0020A8
:10417C000A000000604F00200A0000000000000050
:10418C006C4F0020040000006C4F00200400000065
:10419C0008000000744F002007000000744F00203E
:1041AC0007000000000000007C4F00200800000009
:1041BC007C4F00200800000000000000884F002009
:1041CC0008000000884F00200800000000000000DC
:1041DC00483E002011000000483E00201100000065
:1041EC0000000000104C0020144C002002000000C5
:1041FC0002000000184C00201C4C002001000000A4
:10420C0002000000204C0020684100200200000049
:10421C0002000000244C0020284C0020010000006B
:10422C00010000002C4C0020284C00200100000054
:10423C0002000000304C0020344C0020080000002C
:10424C0001000000404C0020444C002009000000FC
:10425C0001000000504C0020344C002008000000ED
:10426C0001000000544C0020584C00200A000000B3
:10427C000200000050400020644C002002000000AE
:10428C0002000000684C0020E8240020010000001F
:10429C00020000006C4C0020704C0020010000005B
:1042AC0001000000744C0020784C0020020000003B
:1042BC00020000007C4C0020804C00200600000016
:1042CC0003000000884C00208C4C002009000000EA
:1042DC0001000000984C00209C4C00200C000000B9
:1042EC0002000000E0240020AC4C00200100000083
:1042FC0001000000B04C00201C4C0020010000000C
:10430C0002000000B44C0020B84C00200700000054
:10431C0001000000C04C0020C44C00200200000032
:10432C0002000000C84C0020004E002001000000DC
:10433C0002000000CC4C00209C4400200100000036
:10434C0002000000D04C0020844C00200200000031
:10435C0002000000D44C0020D84C002002000000C9
:10436C0002000000DC4C0020E04C002001000000AA
:10437C0002000000E44C0020E84C00200200000089
:10438C0002000000EC4C0020A040002003000000C4
:10439C0003000000F04C0020A040002003000000AF
:1043AC0003000000F44C0020A0400020030000009B
:1043BC0002000000F84C0020A04000200300000088
:1043CC0002000000FC4C0020004D00200200000008
:1043DC0002000000044D0020903E0020020000006E
:1043EC0001000000084D0020544B0020010000008B
:1043FC0002000000544000200C4D00200200000080
:10440C0002000000104D0020144D0020030000009D
:10441C0002000000744E0020184D00200200000025
:10442C00020000001C4D0020204D00200B0000005D
:10443C00010000002C4D0020304D00200200000037
:10444C000200000024220020344D00200100000056
:10445C0002000000384D00203C4D002002000000FE
:10446C0002000000404D0020444D002002000000DE
:10447C0002000000484D00204C4D002001000000BF
:10448C0002000000504D0020AC4C00200100000048
:10449C0002000000544D0020584D00200200000086
:1044AC00010000005C4D0020604D00200500000064
:1044BC000300000064220020684D00200200000070
:1044CC0002000000382400204C4D002001000000A8
:1044DC00010000006C4D0020704D00200100000018
:1044EC0001000000744D0020784D002003000000F6
:1044FC00030000007C4D0020804D002002000000D5
:10450C0002000000844D0020884D002002000000B5
:10451C00020000008C4A00208C4D0020010000009D
:10452C0002000000904D0020944D0020020000007D
:10453C0002000000984D00209C4D0020010000005E
:10454C0002000000A04D0020A44D0020030000003C
:10455C0002000000A84D0020AC4D0020020000001D
:10456C0001000000B04D00209C4D00200100000017
:10457C0001000000B44D0020B84D002002000000E6
:10458C000200000058400020BC4D0020010000003B
:10459C0003000000C04D0020C44D002002000000AC
:1045AC0002000000C84D0020CC4D0020030000008C
:1045BC0002000000D04D0020D44D0020100000005F
:1045CC0002000000E84D0020EC4D0020010000002E
:1045DC0002000000AC230020F04D0020020000007F
:1045EC0002000000F44D0020F84D002009000000EE
:1045FC0001000000044E0020F84D002009000000CE
:10460C0001000000084E00200C4E00200B000000A2
:10461C0002000000184E00201C4E00200300000079
:10462C0002000000604C0020204E0020070000001B
:10463C0001000000284E0020204E00200700000042
:10464C00010000002C4E0020304E00200500000020
:10465C0000000000384E00203C4E002006000000F8
:10466C00010000000000000000000000000000003D
:10467C0000000000256400006465636C747970654B
:10468C00286E756C6C70747229000000202E2E2E12
:10469C0020000000282E2E2E000000002E2E2E2989
:1046AC0000000000737472696E67206C6974657227
:1046BC00616C0000737464005B6162693A00000015
:1046CC003A3A00007B64656661756C7420617267B0
:1046DC00230000007D3A3A006175746F3A000000C7
:1046EC0074656D706C61746520706172616D657458
:1046FC006572206F626A65637420666F72200000B9
:10470C00767461626C6520666F722000565454207A
:10471C00666F722000000000636F6E7374727563B5
:10472C0074696F6E20767461626C6520666F72209E
:10473C00000000002D696E2D00000000747970657A
:10474C00696E666F20666F72200000007479706568
:10475C00696E666F206E616D6520666F7220000059
:10476C0074797065696E666F20666E20666F722054
:10477C00000000006E6F6E2D7669727475616C208E
:10478C007468756E6B20746F20000000636F766127
:10479C007269616E742072657475726E20746875BE
:1047AC006E6B20746F2000006A61766120436C612F
:1047BC00737320666F722000677561726420766176
:1047CC00726961626C6520666F722000544C5320D4
:1047DC00696E69742066756E6374696F6E20666F9E
:1047EC0072200000544C53207772617070657220F7
:1047FC0066756E6374696F6E20666F7220000000C0
:10480C007265666572656E63652074656D706F7236
:10481C00617279202300000068696464656E206110
:10482C006C69617320666F72200000006E6F6E2DD4
:10483C007472616E73616374696F6E20636C6F6EFA
:10484C006520666F722000005F53617420000000C9
:10485C005F416363756D00005F46726163740000B5
:10486C002C2000006F70657261746F720000000084
:10487C006F70657261746F72200000003E2800003A
:10488C00636C00006978000071750000203A20000C
:10489C006E65772000000000756C00006C6C0000E9
:1048AC00756C6C0066616C736500000074727565E4
:1048BC00000000006A617661207265736F75726327
:1048CC00652000006465636C7479706520280000B5
:1048DC002E2E2E0074686973000000007B706172CC
:1048EC006D230000676C6F62616C20636F6E737474
:1048FC00727563746F7273206B6579656420746F65
:10490C0020000000676C6F62616C206465737472C8
:10491C007563746F7273206B6579656420746F2096
:10492C00000000007B6C616D626461280000000077
:10493C00292300007B756E6E616D6564207479703F
:10494C0065230000205B636C6F6E65200000000027
:10495C0020726573747269637400000020766F6C4A
:10496C006174696C6500000020636F6E73740000E5
:10497C00207472616E73616374696F6E5F736166CC
:10498C0065000000206E6F65786365707400000030
:10499C00207468726F77000026260000205F436F3A
:1049AC006D706C6578000000205F496D6167696E01
:1049BC00617279003A3A2A00205F5F766563746F02
:1049CC00722800005F474C4F42414C5F00000000D2
:1049DC0028616E6F6E796D6F7573206E616D657386
:1049EC0070616365290000006175746F0000000040
:1049FC006465636C74797065286175746F29000047
:104A0C000000000000000000000000000000004258
:104A1C00C8801F40B8821F40080000000000004200
:104A2C00C4801F40B4821F400400000000C000423C
:104A3C0024801F4014821F401000000000C0004260
:104A4C0028801F4018821F402000000000C0004238
:104A5C002C801F401C821F404000000000C0004200
:104A6C0034801F4024821F4000010000004000429F
:104A7C0064811F4054831F4000040000004000422A
:104A8C0080811F4070831F400000020000400042E4
:104A9C007C811F406C831F400000010000400042DD
:104AAC0068811F4058831F400008000000400042EE
:104ABC003C811F402C831F4001000000004000423D
:104ACC0044811F4034831F4004000000004000421A
:104ADC0040811F4030831F40020000000040004214
:104AEC0048811F4038831F4008000000000000422E
:104AFC0004811F40F4821F400000040000000042AB
:104B0C0008811F40F8821F4000000800000000428E
:104B1C0018811F4008831F400000800000000042E5
:104B2C0014811F4004831F4000004000000000421D
:104B3C0000811F40F0821F40000002000000004274
:104B4C00FC801F40EC821F4000000100000000426E
:104B5C0024811F4014831F40000000040000004209
:104B6C0028811F4018831F400000000800000042ED
:104B7C001C811F400C831F400000000100000042FC
:104B8C0020811F4010831F400000000200000042E3
:104B9C00EC801F40DC821F4000100000000000422F
:104BAC00F0801F40E0821F40002000000000004207
:104BBC0034811F4024831F4000000040000000424D
:104BCC0038811F4028831F40000000800080004275
:104BDC0094801F4084821F400000040000C00042EB
:104BEC0090801F4080821F400000008000800042A7
:104BFC00A8801F4098821F40000080000080004267
:104C0C00A4801F4094821F400000400000400042DE
:104C1C006C811F405C831F400010000000C00042EC
:104C2C0030801F4020821F40800000000080004226
:104C3C00C8811F40B8831F400080000000800042E4
:104C4C00C4811F40B4831F4000400000008000421C
:104C5C00C0811F40B0831F40002000000080004234
:104C6C00BC811F40AC831F4000100000008000423C
:104C7C00D0811F40C0831F40000002000080004212
:104C8C00CC811F40BC831F4000000100300000009D
:104C9C003100000035000000CEFBFFFFCB0300000D
:104CAC00010000000000000034000000CEFBFFFFFC
:104CBC00CB03000001000000000000000200000017
:104CCC000300000004000000060000002F0000009C
:104CDC002E2E00006C6974746C6566730000000005
:104CEC00FB21F93FFB2109407CD91240FB211940E3
:104CFC007A6A1F407CD92240BBFD2540FB2129400C
:104D0C003A462C407A6A2F405C4731407CD932407D
:104D1C009C6B3440BBFD3540DB8F3740FB21394069
:104D2C001BB43A403A463C405AD83D407A6A3F4020
:104D3C004C7E40405C4741406C1042407CD9424024
:104D4C008CA243409C6B4440AC344540BBFD454079
:104D5C00CBC64640DB8F4740EB584840FB214940CF
:104D6C0005000000190000007D00000007080C0B76
:104D7C0006050F000D0E0102838407080C0B0605B7
:104D8C000F000D0E010283840101000401000004D8
:104D9C000132010101320201011001010111010175
:104DAC0001120102010302060103010601120202B3
:104DBC0002000001020200010201000102100001C8
:104DCC00022200010223000100000000000000008C
:104DDC000221000102200001000000000000000080
:104DEC000130010101310101010200040103000441
:104DFC00000000000000000001210201012101015E
:104E0C000000000000000000000000000110020182
:104E1C000101020101010101010002010100010176
:104E2C000102020101020101000000006410B71D23
:104E3C00C8206E3BAC30D9269041DC76F4516B6BBC
:104E4C005861B24D3C7105502083B8ED44930FF07E
:104E5C00E8A3D6D68CB361CBB0C2649BD4D2D38634
:104E6C0078E20AA01CF2BDBD496E697469616C6977
:104E7C0073696E6720617564696F20706172616D12
:104E8C006574657273000000496E697469616C69C0
:104E9C0073696E672066696C6573797374656D00F0
:104EAC0050726F6772616D20666C61736820444943
:104EBC00534B00004572726F722073746172746987
:104ECC006E672025730A00004C6F6164696E672061
:104EDC00746865207072657365740000496E69743E
:104EEC0069616C69736174696F6E20636F6D706C4E
:104EFC006574650074000000843E0020030000000F
:104F0C00843E0020030000000000000000000000B0
:104F1C0061000000804A00200E000000804A002042
:104F2C000E000000904A0020090000006200000002
:104F3C009C4A0020110000009C4A00201100000037
:104F4C00B04A00200C00000073000000C04A002092
:104F5C000B000000CC4A002046000000B04A0020A4
:104F6C000C00000069000000144B00200C00000035
:104F7C00244B002031000000584B00200D00000095
:104F8C006F000000684B00200C000000784B0020E4
:104F9C0031000000AC4B00200D000000640000004C
:104FAC00BC4B00200D000000CC4B00203200000058
:104FBC00004C00200E00000000A019A01AA01BA09D
:104FCC001CA01EA020A022A024A026A027A027A0C1
:104FDC0027A025A021A01DA017A010A007A0FD9F11
:104FEC00F29FE69FDA9FCD9FC19FB59FA99F9F9F80
:104FFC00969F8F9F8B9F899F8A9F8D9F949F9E9F2B
:10500C00AB9FBA9FCD9FE19FF79F0FA028A041A017
:10501C005AA071A087A09BA0ADA0BAA0C4A0CAA0A2
:10502C00CBA0C7A0BEA0B0A09EA087A06BA04DA097
:10503C002BA007A0E19FBB9F959F709F4D9F2E9F1C
:10504C00129FFC9EEA9EDF9EDA9EDD9EE69EF69EF9
:10505C000D9F2B9F4F9F789FA69FD79F0AA03FA085
:10506C0074A0A8A0D9A006A12EA151A16CA17FA1CA
:10507C008AA18BA183A172A157A134A108A1D4A0AC
:10508C009AA05BA018A0D39F8D9F489F069FC79E98
:10509C008F9E5E9E369E189E049EFD9D019E129EC6
:1050AC002F9E589E8C9ECA9E119F609FB49F0CA0F1
:1050BC0067A0C1A018A16BA1B8A1FCA135A263A2E5
:1050CC0082A294A296A288A26AA23DA200A2B7A133
:1050DC0060A100A196A027A0B39F3F9FCC9E5E9E8F
:1050EC00F79D9A9D499D079DD59CB69CAA9CB29C08
:1050FC00CE9CFF9C449D9C9D049E7C9E009F8D9FFE
:10510C0022A0B9A050A1E4A16FA2F0A262A3C3A3F4
:10511C000FA444A460A462A44AA415A4C6A35EA3CD
:10512C00DDA247A29EA1E5A022A0579F8A9EBF9D0B
:10513C00FC9C459C9F9B0F9B989A409A089AF399CC
:10514C00049A3A9A979A199BBF9B869C6A9D689E73
:10515C007A9F9AA0C3A1ECA211A428A52AA612A7F3
:10516C00D6A772A8E0A81AA91CA9E4A86FA8BEA784
:10517C00D1A6AAA54DA4C0A209A12F9F3D9D3D9BE0
:10518C00399940975C959D931192C490C58F228F4D
:10519C00E78E208FD98F1A91ED9257955E98049CCB
:1051AC004BA032A5B4AACEB077B7A7BE52C66DCE6F
:1051BC00E7D6B3DFBFE8F9F150FBB004612E747889
:1051CC0074000000622E747874000000632E7478F2
:1051DC0074000000642E747874000000652E7478DE
:1051EC0074000000662E747874000000682E7478C9
:1051FC0074000000692E7478740000006A2E7478B4
:10520C00740000006B2E7478740000006C2E74789F
:10521C0074000000617474656D7074696E6720743D
:10522C006F206D6F756E74206578697374696E6725
:10523C00206D656469610000636F756C646E277422
:10524C00206D6F756E74206D656469612C206174BE
:10525C0074656D70696E6720746F20666F726D6116
:10526C0074000000617474656D7074696E672074ED
:10527C006F206D6F756E742066726573686C792023
:10528C00666F726D6174746564206D65646961002C
:10529C006D6F756E7420616674657220666F726DC9
:1052AC006174206661696C6564203A280000000016
:1052BC007374643A3A616C6C6F6361746F72000062
:1052CC00616C6C6F6361746F720000007374643A8C
:1052DC003A62617369635F737472696E6700000090
:1052EC0062617369635F737472696E6700000000BA
:1052FC007374643A3A737472696E67007374643AC7
:10530C003A62617369635F737472696E673C636858
:10531C0061722C207374643A3A636861725F7472C0
:10532C00616974733C636861723E2C207374643AD7
:10533C003A616C6C6F6361746F723C636861723E4E
:10534C00203E00007374643A3A6973747265616D3F
:10535C00000000007374643A3A62617369635F69B8
:10536C0073747265616D3C636861722C2073746434
:10537C003A3A636861725F7472616974733C636812
:10538C0061723E203E00000062617369635F697365
:10539C00747265616D0000007374643A3A6F7374D3
:1053AC007265616D000000007374643A3A62617357
:1053BC0069635F6F73747265616D3C636861722CB5
:1053CC00207374643A3A636861725F7472616974D1
:1053DC00733C636861723E203E0000006261736939
:1053EC00635F6F73747265616D0000007374643A6F
:1053FC003A696F73747265616D0000007374643A7E
:10540C003A62617369635F696F73747265616D3C55
:10541C00636861722C207374643A3A636861725FDA
:10542C007472616974733C636861723E203E000063
:10543C0062617369635F696F73747265616D00009B
:10544C00614E0000263D0000615300003D0000004D
:10545C00616100006164000026000000616E0000C4
:10546C0061740000616C69676E6F6620000000005B
:10547C0061770000636F5F617761697420000000E1
:10548C00617A000063630000636F6E73745F636125
:10549C007374000028290000636D0000636F000026
:1054AC007E000000645600002F3D00006458000090
:1054BC005B2E2E2E5D3D00006461000064656C6502
:1054CC0074655B5D200000006463000064796E61AC
:1054DC006D69635F63617374000000002A00000053
:1054EC0064690000646C000064656C657465200080
:1054FC00647300002E2A00006474000064760000BF
:10550C0064780000654F00005E3D0000656F000090
:10551C005E000000657100003D3D0000664C00001F
:10552C0066520000666C0000667200006765000041
:10553C003E3D000067730000677400005B5D000077
:10554C006C5300003C3C3D003C3D00006C6900008D
:10555C006F70657261746F72222220006C73000090
:10556C003C3C00003C0000006D4900002D3D00005B
:10557C006D4C00002A3D00006D6900002D000000FC
:10558C006D6C00006D6D00002D2D00006E61000033
:10559C006E65775B5D000000213D00006E740000BD
:1055AC00210000006E7700006E6577006F520000DE
:1055BC007C3D00006F6F00007C7C00007C000000D4
:1055CC00704C00002B3D0000706C00002B000000A4
:1055DC00706D00002D3E2A00707000002B2B000017
:1055EC0070730000707400002D3E00003F0000003E
:1055FC00724D0000253D0000725300003E3E3D0000
:10560C00726300007265696E746572707265745FA6
:10561C006361737400000000726D000025000000CF
:10562C003E3E00007350000073697A656F662E2E43
:10563C002E000000735A00007363000073746174D1
:10564C0069635F6361737400737300003C3D3E00DB
:10565C0073697A656F662000737A000074720000BB
:10566C007468726F77000000747700007468726F52
:10567C00772000007369676E65642063686172004F
:10568C00626F6F6C00000000626F6F6C65616E0082
:10569C0063686172000000006279746500000000AC
:1056AC00646F75626C6500006C6F6E6720646F755B
:1056BC00626C6500666C6F61740000005F5F666C05
:1056CC006F61743132380000756E7369676E656492
:1056DC002063686172000000696E7400756E7369F6
:1056EC00676E656420696E7400000000756E7369E6
:1056FC00676E6564000000006C6F6E670000000050
:10570C00756E7369676E6564206C6F6E6700000060
:10571C005F5F696E7431323800000000756E73691A
:10572C00676E6564205F5F696E743132380000000B
:10573C0073686F7274000000756E7369676E6564D0
:10574C002073686F72740000766F6964000000004B
:10575C0077636861725F74006C6F6E67206C6F6E3C
:10576C0067000000756E7369676E6564206C6F6E00
:10577C0067206C6F6E670000646563696D616C33E4
:10578C0032000000646563696D616C3634000000A2
:10579C00646563696D616C313238000068616C66F8
:1057AC000000000063686172385F740063686172A6
:1057BC0031365F74000000006368617233325F74CD
:1057CC00000000004C435F434F4C4C4154450000DB
:1057DC004C435F4354595045000000004C435F4D0F
:1057EC004F4E4554415259004C435F4E554D455216
:1057FC00494300004C435F54494D45004C435F4DB9
:10580C00455353414745530083F9A200444E6E0063
:10581C00FC291500D1572700DD34F50062DBC000F0
:10582C003C999500419043006351FE00BBDEAB00F8
:10583C00B761C5003A6E2400D24D42004906E00023
:10584C0009EA2E001C92D100EB1DFE0029B11C00B0
:10585C00E83EA700F535820044BB2E009CE984008D
:10586C00B4267000417E5F00D69139005383390015
:10587C009CF439008B5F840028F9BD00F81F3B00B5
:10588C00DEFF97000F980500112FEF000A5A8B00CE
:10589C006D1F6D00CF7E360009CB2700464FB70039
:1058AC009E663F002DEA5F00BA277500E5EBC70046
:1058BC003D7BF100F739070092528A00FB6BEA003E
:1058CC001FB15F00085D8D00300356007BFC460065
:1058DC00F0AB6B0020BCCF0036F49A00E3A91D009E
:1058EC005E619100081BE60085996500A0145F00BD
:1058FC008D40680080D8FF0027734D0006063100EC
:10590C00CA561500C9A873007BE260006B8CC000FE
:10591C0000010000AC77002012000000000600001F
:10592C00603700600A0000000002000028340060AC
:10593C003503000000070000F03000603503000064
:10594C0000030000EC3000600000000001030904BB
:10595C00D43000600000000002030904447A0020E7
:10596C000000000003030904587A00200000000026
:10597C00000000000000000000000000303030305B
:10598C00303030303030303030303030303030300B
:10599C0030303030303030303030303000000000BB
:1059AC0000000000AC860020148700207C870020BB
:1059BC0000000000000000000000000000000000DB
:1059CC0000000000000000000000000000000000CB
:1059DC0000000000000000000000000000000000BB
:1059EC0000000000000000000000000000000000AB
:1059FC00000000000000000000000000000000009B
:105A0C00000000000000000000000000000000008A
:105A1C00000000000000000000000000000000007A
:105A2C00000000000000000000000000000000006A
:105A3C000000000000000000010000000000000059
:105A4C000E33CDAB34126DE6ECDE05000B0000001E
:105A5C00000000000000000000000000000000003A
:105A6C00000000000000000000000000000000002A
:105A7C00000000000000000000000000000000001A
:105A8C00000000000000000000000000000000000A
:105A9C0000000000000000000000000000000000FA
:105AAC0000000000000000000000000000000000EA
:105ABC0000000000000000000000000000000000DA
:105ACC000029DE07007B9A17B83000200000000088
:105ADC00E803000000000000783100200000000006
:105AEC00E80300000000000000003F400C3800609C
:105AFC00000000000000000000000000000000009A
:105B0C000000000000000000000000000000000089
:105B1C000000000000000000000000000000000079
:105B2C000000000000000000000000000000000069
:105B3C000000000000000000000000000000000059
:105B4C000000000000000000000000000000000049
:105B5C000000000000000000000000000000000039
:105B6C000000000000000000000000000000000029
:105B7C000000000000000000000000000000000019
:105B8C000000000000000000000000000000000009
:105B9C0000000000000000000000000000000000F9
:105BAC0000000000000000000000000000000000E9
:105BBC0000000000000000000000000000000000D9
:105BCC0000000000000000000000000000000000C9
:105BDC0000000000000000000000000000000000B9
:105BEC0000000000000000000000000000000000A9
:105BFC000000000000000000000000000000000099
:105C0C000000000000000000000000000000000088
:105C1C0000000000000000007831002000000000AF
:105C2C00E80300000000000000803F40BC3700602B
:105C3C000000000000000000000000000000000058
:105C4C000000000000000000000000000000000048
:105C5C000000000000000000000000000000000038
:105C6C000000000000000000000000000000000028
:105C7C000000000000000000000000000000000018
:105C8C000000000000000000000000000000000008
:105C9C0000000000000000000000000000000000F8
:105CAC0000000000000000000000000000000000E8
:105CBC0000000000000000000000000000000000D8
:105CCC0000000000000000000000000000000000C8
:105CDC0000000000000000000000000000000000B8
:105CEC0000000000000000000000000000000000A8
:105CFC000000000000000000000000000000000098
:105D0C000000000000000000000000000000000087
:105D1C000000000000000000000000000000000077
:105D2C000000000000000000000000000000000067
:105D3C000000000000000000000000000000000057
:105D4C000000000000000000000000000000000047
:105D5C00000000000000000078310020000000006E
:105D6C00E80300000000000000C03F406C370060FA
:105D7C000000000000000000000000000000000017
:105D8C000000000000000000000000000000000007
:105D9C0000000000000000000000000000000000F7
:105DAC0000000000000000000000000000000000E7
:105DBC0000000000000000000000000000000000D7
:105DCC0000000000000000000000000000000000C7
:105DDC0000000000000000000000000000000000B7
:105DEC0000000000000000000000000000000000A7
:105DFC000000000000000000000000000000000097
:105E0C000000000000000000000000000000000086
:105E1C000000000000000000000000000000000076
:105E2C000000000000000000000000000000000066
:105E3C000000000000000000000000000000000056
:105E4C000000000000000000000000000000000046
:105E5C000000000000000000000000000000000036
:105E6C000000000000000000000000000000000026
:105E7C000000000000000000000000000000000016
:105E8C000000000000000000000000000000000006
:105E9C000000000000000000F998010015960100B8
:105EAC0000000000000000007F000000FFFFFFFF6B
:105EBC00FFFFFFFF050000006C860020600D27200F
:105ECC000000000043000000000000000000000083
:105EDC0000000000000000000000000000000000B6
:105EEC000000000043000000000000000000000063
:105EFC000000000000000000000000000000000096
:105F0C000000000043000000000000000000000042
:105F1C000000000000000000000000000000000075
:105F2C000000000043000000000000000000000022
:105F3C000000000000000000000000000000000055
:105F4C000000000043000000000000000000000002
:105F5C000000000000000000000000000000000035
:105F6C0000000000430000000000000000000000E2
:105F7C000000000000000000000000000000000015
:105F8C0000000000430000000000000000000000C2
:105F9C0000000000000000000000000000000000F5
:105FAC0000000000E1B4020051C802000000000033
:105FBC0038350020004E0020342D0020342D0020D8
:105FCC00342D0020342D0020342D0020342D0020C1
:105FDC00342D0020342D0020342D0020FFFFFFFF36
:105FEC00FFFFFFFFFFFFFFFFFFFF0000010041531A
:105FFC0043494900000000000000000000000000C0
:10600C0000000000000000000000000000004153F0
:10601C00434949000000000000000000000000009F
:10602C000000000000000000000000000000000064
:10603C000000000000000000005800200058002064
:10604C000858002008580020105800201058002034
:10605C0018580020185800202058002020580020E4
:10606C002858002028580020305800203058002094
:10607C003858002038580020405800204058002044
:10608C0048580020485800205058002050580020F4
:10609C0058580020585800206058002060580020A4
:1060AC006858002068580020705800207058002054
:1060BC007858002078580020805800208058002004
:1060CC0088580020885800209058002090580020B4
:1060DC009858002098580020A0580020A058002064
:1060EC00A8580020A8580020B0580020B058002014
:1060FC00B8580020B8580020C0580020C0580020C4
:10610C00C8580020C8580020D0580020D058002073
:10611C00D8580020D8580020E0580020E058002023
:10612C00E8580020E8580020F0580020F0580020D3
:10613C00F8580020F8580020005900200059002081
:10614C00085900200859002010590020105900202F
:10615C0018590020185900202059002020590020DF
:10616C00285900202859002030590020305900208F
:10617C00385900203859002040590020405900203F
:10618C0048590020485900205059002050590020EF
:10619C00585900205859002060590020605900209F
:1061AC00685900206859002070590020705900204F
:1061BC0078590020785900208059002080590020FF
:1061CC0088590020885900209059002090590020AF
:1061DC009859002098590020A0590020A05900205F
:1061EC00A8590020A8590020B0590020B05900200F
:1061FC00B8590020B8590020C0590020C0590020BF
:10620C00C8590020C8590020D0590020D05900206E
:10621C00D8590020D8590020E0590020E05900201E
:10622C00E8590020E8590020F0590020F0590020CE
:10623C00F8590020F8590020005A0020005A00207C
:10624C00085A0020085A0020105A0020105A00202A
:10625C00185A0020185A0020205A0020205A0020DA
:10626C00285A0020285A0020305A0020305A00208A
:10627C00385A0020385A0020405A0020405A00203A
:10628C00485A0020485A0020505A0020505A0020EA
:10629C00585A0020585A0020605A0020605A00209A
:1062AC00685A0020685A0020705A0020705A00204A
:1062BC00785A0020785A0020805A0020805A0020FA
:1062CC00885A0020885A0020905A0020905A0020AA
:1062DC00985A0020985A0020A05A0020A05A00205A
:1062EC00A85A0020A85A0020B05A0020B05A00200A
:1062FC00B85A0020B85A0020C05A0020C05A0020BA
:10630C00C85A0020C85A0020D05A0020D05A002069
:10631C00D85A0020D85A0020E05A0020E05A002019
:10632C00E85A0020E85A0020F05A0020F05A0020C9
:10633C00F85A0020F85A0020005B0020005B002077
:10634C00085B0020085B0020105B0020105B002025
:10635C00185B0020185B0020205B0020205B0020D5
:10636C00285B0020285B0020305B0020305B002085
:10637C00385B0020385B0020405B0020405B002035
:10638C00485B0020485B0020505B0020505B0020E5
:10639C00585B0020585B0020605B0020605B002095
:1063AC00685B0020685B0020705B0020705B002045
:1063BC00785B0020785B0020805B0020805B0020F5
:1063CC00885B0020885B0020905B0020905B0020A5
:1063DC00985B0020985B0020A05B0020A05B002055
:1063EC00A85B0020A85B0020B05B0020B05B002005
:1063FC00B85B0020B85B0020C05B0020C05B0020B5
:10640C00C85B0020C85B0020D05B0020D05B002064
:10641C00D85B0020D85B0020E05B0020E05B002014
:10642C00E85B0020E85B0020F05B0020F05B0020C4
:10643C00F85B0020F85B0020FFFFFFFF000002006C
:10644C000000000003000000AC860020705100200A
:10645C000000DC430004070205090B000004080CD3
:10646C00020509008C490020944900209C49002019
:10647C00A4490020AC490020B4490020002400208D
:10648C00BC490020C4490020CC490020D44900203C
:10649C00DC490020487800206C780020E07800204F
:1064AC00387800205C780020C07700202C5C00201D
:1064BC004078002064780020C8770020D077002036
:1064CC00287A0020307A0020E878002050780020CC
:1064DC0074780020245C0020F4780020000801204F
:1064EC00B014012060210120102E01203808012059
:1064FC00E814012098210120482E0120AC0801202D
:10650C005C1501200C220120BC2E01200C0901205D
:10651C00BC1501206C2201201C2F01202C0901200C
:10652C00DC1501208C2201203C2F0120C00C012005
:10653C007019012020260120D03201205410012096
:10654C00041D0120B429012064360120000102033E
:10655C000405060A0B0C0D0E0F100A0B0C0D000295
:10656C00030A0B0C0D0205060A0B0C0D020F10147E
:10657C0015161718191A000008140120B82001204C
:10658C00682D0120183A012040140120F020012030
:10659C00A02D0120503A012078140120282101203F
:1065AC00D82D0120883A01207008012020150120E7
:1065BC00D0210120802E0120D40801208415012037
:1065CC0034220120E42E01200000803F4878002076
:1065DC000000000032003200000200020002010044
:1065EC0000000000C000640031006400B8006400CA
:1065FC009D0064000000000000000000000000008E
:10660C00000000000000000000004300000000003B
:10661C00000000000000000000000000000000006E
:10662C00000010000000080008000C002A00930471
:10663C000100A701140046000300230053003B0097
:10664C00620A0100000000000000000000000000D1
:10665C0000000100010001006400010001000000C5
:10666C0001000100010001000E00000000004600C6
:10667C0000000000000064000000060000000000A4
:10668C00F302C30017003D001D00000000000000D5
:10669C000000A2000000000000000000000000004C
:1066AC0000000000000000000000000000000000DE
:1066BC0000000000000000000000000000000000CE
:1066CC0002000D000800640010000000C80000006B
:1066DC0000003200000032001200200032000000E6
:1066EC0000000A00420061014100E303010039028D
:1066FC0010008D00200053001C00300036000100FB
:10670C0000000000000038000000850100001400AB
:10671C00000000000000000001000100010000006A
:10672C000100010000000100010001000100000057
:10673C0000000000460000000000000064000000A3
:10674C002600000000005000100004005E00F10262
:10675C00DA014600050064006400640000000000DB
:10676C00000000000000000000000000000000001D
:10677C00000000000000000000000000000000000D
:10678C0000000000000000001000000006000600E1
:10679C0020000000060000001000000006000600AB
:1067AC0020000000060000000000000000000000B7
:1067BC0000000000000000000000000000000000CD
:1067CC0000000000000000000000000000000000BD
:1067DC000002040507090B00000000000000000087
:1067EC003200320000020002000200000000000033
:1067FC00C000640031006400B80064009D006400B7
:10680C000000000000000000000000002B00000051
:10681C0032002500260043000000000000000000AC
:10682C00000000000000000000000000000010004C
:10683C000000080008000C002A0093040100A701C6
:10684C00140046000300230053003B00620A0100C1
:10685C00000000000000000000000000000001002B
:10686C0001000100640001000100000001000100B2
:10687C00010001000E0000000000460000000000B6
:10688C00000064000000060000000000F302C300DA
:10689C0017003D001D000000000000000000A200D9
:1068AC0000000200000000000000000000000000DA
:1068BC0000000000000000000000000000000000CC
:1068CC0000000000000000000000000002000D00AD
:1068DC000800640010000000C80000000000320036
:1068EC0000003200120020003200000000000A00FC
:1068FC00420061014100E3030100390210008D00E8
:10690C00200053001C003000360001000000000085
:10691C000000380000008501000014000000000099
:10692C000000000001000100010000000100010056
:10693C000000010001000100010000000000000047
:10694C004600000000000000640000004000000051
:10695C0000005000100004005E00F102DA01460055
:10696C0005006400640064000200000000000000E8
:10697C00000000000000000000000000000000000B
:10698C0000000000000000000000000000000000FB
:10699C0000000000100000000600060020000000AF
:1069AC000600000010000000060006002000000099
:1069BC0006000000000000000000000000000000C5
:1069CC0000000000000000000000000000000000BB
:1069DC0000000000000000000000000000000000AB
:1069EC003200320000020002000200000000000031
:1069FC00C2006400550064003C0064003D0064006B
:106A0C00000000000A00010000000000000000006F
:106A1C000000000000006400000000000000000006
:106A2C00000000000000000000000000040019003D
:106A3C00080003001D0012004100E80103009F0044
:106A4C00190046000500120004001A00060001009F
:106A5C004D0000004B0220000000860100004C009D
:106A6C0001000100640001000100440011000E004F
:106A7C00160014000000540192064600300000007D
:106A8C0000006400120036000000000020034600E5
:106A9C003900640064000000000000000000C70022
:106AAC0000000200000000000000000000000000D8
:106ABC0000000000000000000000000000000000CA
:106ACC0000000000000000000000000004000700AF
:106ADC000000640000000000640006000800C8000C
:106AEC000200320024004B0032001C0000000300A6
:106AFC00010001005000C20402007B062600720057
:106B0C0013000800200050000100010000001E00CE
:106B1C000000000000000000000000000000180051
:106B2C0000000300010001000100640001000100ED
:106B3C00640001000100010001001F0000000000C2
:106B4C00460000000000000064000000210002006C
:106B5C000100A20010000400640064009C05760093
:106B6C006400320020006B000200000000000000F6
:106B7C000000000000000000000000000000000009
:106B8C0000000000000000000000000000000000F9
:106B9C000000000007000000000000000D000000D5
:106BAC000400000007000000000002000D000000BF
:106BBC0000000200000000000000000000000000C7
:106BCC0000000000000000000000000000000000B9
:106BDC0000000000000000000000000000000000A9
:106BEC00320032000002000200020000000000002F
:106BFC00C000640031006400B80064009D006400B3
:106C0C00000000001E0000000100010057002100E0
:106C1C003E000C005000430000000000000000008B
:106C2C000000000000000000000000000000060052
:106C3C000300080008000C002A003F0701002A008E
:106C4C001400D9000300230053003B00620A01002A
:106C5C00B90000001A010E000000F7000B00010043
:106C6C0001000100640001000100000001000100AE
:106C7C00010001000E0000000000460000000000B2
:106C8C00000064000000170000000000F302C300C5
:106C9C0052003D001D000000000000000000A2009A
:106CAC0000000200000000000000000000000000D6
:106CBC0000000000000000000000000000000000C8
:106CCC0000000000000000000000000001000D00AA
:106CDC000000640017000800C8000000000032002B
:106CEC0000003200120020003200000000000A00F8
:106CFC00420061012C00AC050100390210008D002E
:106D0C00200053001C003000360001000000BA02C5
:106D1C00520038000000430200001C00000000007C
:106D2C000000000001000100010000000100010052
:106D3C0064000100010001000100000000000000DF
:106D4C004600000000000000640000006400000029
:106D5C0000005000100004005E00F102DA01460051
:106D6C0005006400640064000200000000000000E4
:106D7C000000000000000000000000000000000007
:106D8C0000000000000000000000000000000000F7
:106D9C0000000000100000000600060020000000AB
:106DAC000600000010000000060006002000000095
:106DBC0006000000000000000000000000000000C1
:106DCC0000000000000000000000000000000000B7
:106DDC0000000000000000000000000000000000A7
:106DEC00320032000002000200020000000000002D
:106DFC00C4004C005C006400B800640055006400E2
:106E0C00000000003C000000010000000E0000002B
:106E1C00000000002A002E0000000000000000000E
:106E2C0000000000000000000000000003000A0049
:106E3C0008000B002A001E003D00590801006A00E2
:106E4C0016008C000400230053001800A407010056
:106E5C008B0000001A0100000000F7000A0001007E
:106E6C0001000100640001000100000001000100AC
:106E7C0001000100000000000000460000000000BE
:106E8C000000640000003900000001005A034600B5
:106E9C0042006400640000000000000000007F005D
:106EAC0000000200000000000000000000000000D4
:106EBC0000000000000000000000000000000000C6
:106ECC0000000000000000000000000000001100A5
:106EDC000800C8000B00000086000A0000006400D7
:106EEC00070032003B000F00320000000F000A00C8
:106EFC000A002D003D00D10501008C021000540049
:106F0C00200015000F002100130001000000EA0111
:106F1C0000006D000000FC00000008000000F40000
:106F2C00010031000100010001000F00010001000F
:106F3C00640001000100010001001A00DF018B0751
:106F4C004600000032000000640028004E001500CE
:106F5C000000A200100004006400E8037F028C0013
:106F6C0064002F00640055000200000000000000C7
:106F7C000000000000000000000000000000000005
:106F8C0000000000000000000000000000000000F5
:106F9C0000000000410000000C00000000000C008C
:106FAC000000000041000000060000000000060088
:106FBC0000000000000000000000000000000000C5
:106FCC0000000000000000000000000000000000B5
:106FDC0000000000000000000000000000000000A5
:106FEC00320032000002000200020000000000002B
:106FFC00920064004C00640055004F00B80064001F
:10700C00000000006E0000000000000039000000CD
:10701C000000000043003A000000000000000000E7
:10702C00000000000000000000000000000006004E
:10703C000800080041000C0026003F07050039003D
:10704C00180098000300230053003B00620A06005E
:10705C0089000000800208000000F7000B0001000E
:10706C0001000100640001000100830004007400B1
:10707C00030001000B00A801500546002E00000083
:10708C00000064003C00550000000000E4037D009B
:10709C0052003D00470000000000000000005A00B4
:1070AC0000000200000000000000000000000000D2
:1070BC0000000000000000000000000000000000C4
:1070CC0000000000000000000000000000001400A0
:1070DC000000640017000000C8000F0008006400E6
:1070EC00000032000000120032000000000002001C
:1070FC00250111002C00F40301000A0021008D0071
:10710C00200053001C004300EF00010000000000B1
:10711C0000001F01000043020000000000006E018F
:10712C0000002300050034000C00000001000100E9
:10713C0064000100010001000100100000000000CB
:10714C004600000000000000640000003200000057
:10715C000000B800100004006400640091024600B6
:10716C005600640064005F00020000000000000094
:10717C000000000000000000000000000000000003
:10718C0000000000000000000000000000000000F3
:10719C0000000000070000000000020004000200D4
:1071AC000F000000020002000600020006000F00A3
:1071BC0000000000000000000000000000000000C3
:1071CC0000000000000000000000000000000000B3
:1071DC0000000000000000000000000000000000A3
:1071EC003200320000020002000200000000000029
:1071FC00C0003C002F0038009F0064009D0064001C
:10720C00000000008A0001000000000000000000E7
:10721C00000000001B004A000000000000000000FD
:10722C0000000000000000000000000004000E0040
:10723C000B0003001D00120041004E0403002E0140
:10724C000B0046000500120004001A0006000100A5
:10725C0026000000040210000000000000004C009A
:10726C0001000100640001000100440011000E0047
:10727C001600140000005401920646003000000075
:10728C000000640012003A000000000020034600D9
:10729C002B00640064000000000000000000C80027
:1072AC0000000200000000000000000000000000D0
:1072BC0000000000000000000000000000000000C2
:1072CC0000000000000000000000000004000A00A4
:1072DC000B00640009000000C80004000800C8008E
:1072EC000000320024004B003200000000000300BC
:1072FC000100010050003F07020001030F00720063
:10730C0013000800200050000100010000001E00C6
:10731C0000000B000000D301000023000000180047
:10732C0000000300010001000100640001000100E5
:10733C006400010001000100010000005501740807
:10734C004600360000000000640024002A00000003
:10735C0001005000100004006400140035084600C1
:10736C006400060016003700020000000000000058
:10737C000000000000000000000000000000000001
:10738C0000000000000000000000000000000000F1
:10739C0000000000010002000400080011000000C1
:1073AC000C000000010002000400080010000600A0
:1073BC0000000100000000000000000000000000C0
:1073CC0000000000000000000000000000000000B1
:1073DC0000000000000000000000000000000000A1
:1073EC003200320000020002000200000000000027
:1073FC00C00064003D00640082006400530064001F
:10740C0000000000AF0000000000000000000000C1
:10741C00000000000000230000000000000000003D
:10742C0000000000000000000000000000000C0044
:10743C0009000B000100010046005D0801007F01FE
:10744C0011002E016500670022001E0001000C00D7
:10745C00000000006F01110000006B01050001002D
:10746C0001000100560001000100000001000100B4
:10747C0001000100080000000000460000000000B0
:10748C000000640000002100320000008813460058
:10749C0064000000000000000000000000005A0022
:1074AC0000000200000000000000000000000000CE
:1074BC0000000000000000000000000000000000C0
:1074CC0000000000000000000000000005000900A2
:1074DC000900C8000D000600630006000000320021
:1074EC001B00320032003200320000000000590153
:1074FC000100010050002003200098080000460005
:10750C0001000100010064000100010000001E00E8
:10751C00000000000000A6000000060000000000B3
:10752C00000000000100010001000000010001004A
:10753C0064000100010001000100000000000000D7
:10754C004600000000000000640000003B006400E6
:10755C000000500010000400640064003E09460066
:10756C006400280017003900020000000000000031
:10757C0000000000000000000000000000000000FF
:10758C0000000000000000000000000000000000EF
:10759C0000000000010000000400040010001000B6
:1075AC000C000000010006000800060000000600A8
:1075BC0000000100000000000000000000000000BE
:1075CC0000000000000000000000000000000000AF
:1075DC00000000000000000000000000000000009F
:1075EC003200320000020002000200000000000025
:1075FC00920064004C00640055004F00B800640019
:10760C0000000000DC000000000000000000000092
:10761C000000560037003F00000000000000000092
:10762C000000000000000000000000000000060048
:10763C000800080041000C0026003F070500390037
:10764C00180098000300230053003B00620A060058
:10765C0089000000800208000000F7000B00010008
:10766C0001000100640001000100830004007400AB
:10767C00030001000B00A801500546002E0000007D
:10768C00000064003C00540000000000E4037D0096
:10769C0052003D00470000000000000000005A00AE
:1076AC0000000200000000000000000000000000CC
:1076BC0000000000000000000000000000000000BE
:1076CC00000000000000000000000000000014009A
:1076DC000000640017000000C8000F0008006400E0
:1076EC000000320000001200320000000000020016
:1076FC00250111002C00F40301000A0021008D006B
:10770C00200053001C004300EF00010000000000AB
:10771C0000001F01000043020000000000006E0189
:10772C0000002300050034000C00000001000100E3
:10773C0064000100010001000100100000000000C5
:10774C004600000000000000640000003200000051
:10775C000000B800100004006400640091024600B0
:10776C005600640064005F0002000000000000008E
:10777C0000000000000000000000000000000000FD
:10778C0000000000000000000000000000000000ED
:10779C0000000000070000000000020004000200CE
:1077AC000F000000020002000600020006000F009D
:1077BC0000000000000000000000000000000000BD
:1077CC0000000000000000000000000000000000AD
:1077DC00000000000000000000000000000000009D
:1077EC003200320000020002000200000000000023
:1077FC00C40064002F0038009F0064009D006400EA
:10780C0000000000FD00010000000000000000006E
:10781C000000000000003B00000000000000000021
:10782C0000000000000000000000000004000F0039
:10783C000B0003001D00120041004E0403002E013A
:10784C000B0046000500120004001A00060001009F
:10785C002600000004021000000000000C004C0088
:10786C0001001600640001000100440011000E002C
:10787C00160014000000540192064600300000006F
:10788C000000640012003A000000000020034600D3
:10789C002B006400640000000000000000009E004B
:1078AC0000000200000000000000000000000000CA
:1078BC0000000000000000000000000000000000BC
:1078CC0000000000000000000000000004000A009E
:1078DC000000640009000000C80004000800C80093
:1078EC000000320024004B003200000000000300B6
:1078FC000100010050003F07020001030F0072005D
:10790C0013000800200050000100010000001E00C0
:10791C0000000B000000D30100001600000018004E
:10792C0000000300010001000100640001000100DF
:10793C006400010001000100010000005501740801
:10794C004600360000000000640024002A000000FD
:10795C0001005000100004006400140014024600E2
:10796C0064000600520060000200000000000000ED
:10797C0000000000000000000000000000000000FB
:10798C0000000000000000000000000000000000EB
:10799C0000000000010002000400080011000000BB
:1079AC000C0000000100020004000800100006009A
:1079BC0000000100000000000000000000000000BA
:1079CC0000000000000000000000000000000000AB
:1079DC00000000000000000000000000000000009B
:1079EC003200320000020002000200000000000021
:1079FC00950045004C00640055004F00B800640031
:107A0C00000000000A01000000000000000000005F
:107A1C0000000000410046000000000000000000D3
:107A2C000000000000000000000000000000050045
:107A3C000000080041000C0026003F07050039003B
:107A4C00180098000300230053003B00620A060054
:107A5C0089000000800208000000F7000B00010004
:107A6C0001000100640001000100830004007400A7
:107A7C00030001000000A801500546002E00000084
:107A8C00000064003C00510000000000E4037D0095
:107A9C0052003D00470000000000000000006C0098
:107AAC0000000200000000000000000000000000C8
:107ABC0000000000000000000000000000000000BA
:107ACC000000000000000000000000000100140095
:107ADC000C00640017000000C8000F0008006400D0
:107AEC00000032002D001100000000000000020018
:107AFC00250111002C00F40301000A0021008D0067
:107B0C00200053001C004300EF00010000000000A7
:107B1C0000001F01000043020000000000006E0185
:107B2C0000002300050034000C00000001000100DF
:107B3C0064000100010001000100100000000000C1
:107B4C00460000000000000064000000320000004D
:107B5C000000B800100004006400640059034600E3
:107B6C002A00640064009E00020000000000000077
:107B7C0000000000000000000000000000000000F9
:107B8C0000000000000000000000000000000000E9
:107B9C0000000000070000000000020004000200CA
:107BAC000F000000020002000600020006000F0099
:107BBC0000000000000000000000000000000000B9
:107BCC0000000000000000000000000000000000A9
:107BDC000000000000000000000000000000000099
:107BEC00320032000002000200020000000000001F
:107BFC00C00037003D006400B8006400550064000C
:107C0C0000000000360100000000000056000000DB
:107C1C003800570025003C00000000000000000068
:107C2C0000000000000000000000000004000F0035
:107C3C000C0024002A001E003B00820501001E00DF
:107C4C0021008C000400230053001800670201007F
:107C5C005E0000001A010F000000F7000000010098
:107C6C00010001006400010001000000010001009E
:107C7C0001000100000000000000460000000000B0
:107C8C000000640000002800000001005A034600B8
:107C9C002E006400520000000000000000007C0078
:107CAC0000000200000000000000000000000000C6
:107CBC0000000000000000000000000000000000B8
:107CCC000000000000000000000000000100100097
:107CDC000800C80012000000860015000000C80053
:107CEC00020032003B000F00320012000F000A00AD
:107CFC0042002B002300C70201000F0110005400AA
:107D0C0020005300DD021F00360001000000BA0203
:107D1C000000DC000000FC00000008000000F40083
:107D2C00010031000100010001000F000100010001
:107D3C00640001000100010001001A00DF018B0743
:107D4C004600000032000000640022004B000000DE
:107D5C000000A200100004006400E8036107740036
:107D6C00310064002A0081000200000000000000C5
:107D7C0000000000000000000000000000000000F7
:107D8C0000000000000000000000000000000000E7
:107D9C0000000000410000000C00000000000C007E
:107DAC00000000004100000006000000000006007A
:107DBC0000000000000000000000000000000000B7
:107DCC0000000000000000000000000000000000A7
:107DDC000000000000000000000000000000000097
:107DEC00320032000002000200020000000000001D
:107DFC00C2006400550064003C0064003D00640057
:107E0C000000000054010100000000000000000010
:107E1C000000000000003E00000000000000000018
:107E2C000000000000000000000000000400190029
:107E3C00030003001D0012004100E80103009F0035
:107E4C00190046000500120004001A002800010069
:107E5C004D0000004B0220000000CB020B004C0038
:107E6C0001000100640001000100440011000E003B
:107E7C001600140011005401920646003000000058
:107E8C0000006400120036000000000020034600D1
:107E9C003900640064000000000000000000C7000E
:107EAC0000000200000000000000000000000000C4
:107EBC0000000000000000000000000000000000B6
:107ECC0000000000000000000000000001000300A2
:107EDC000100640000000000640006000800C800F7
:107EEC000200320024004B0032001C000000030092
:107EFC00010001005000C2040200C2022600720000
:107F0C0013000800200050000100010000001E00BA
:107F1C00000000000000000000000000000018003D
:107F2C0000000300010001000100640001000100D9
:107F3C00640001000100010001001F0000000000AE
:107F4C004600000000000000640000002100020058
:107F5C000100A2001000040064006400A602760078
:107F6C00640032002000A8000200000000000000A5
:107F7C0000000000000000000000000000000000F5
:107F8C0000000000000000000000000000000000E5
:107F9C000000000007000000000000000D000000C1
:107FAC000400000007000000000002000D000000AB
:107FBC0000000200000000000000000000000000B3
:107FCC0000000000000000000000000000000000A5
:107FDC000000000000000000000000001201000280
:107FEC00EF020140C0168A041202010203010000D4
:107FFC000003060C020509000003060902050C002B
:10800C000003060A020508000001020A0B0C1415F5
:10801C00161E1F20040100020E0B0A0C1815141654
:10802C00050200010F0C0A0B1916141506020001AB
:10803C00100C0A0B1A161415000102030A0B0C0D76
:10804C00141516170004010502060A0E0B0F0C106E
:10805C00000A14010B15020C16030D1730750000E5
:10806C00000000008000000000040B07020509005E
:10807C000004070902050C000004070C02050900A6
:10808C0000040B02070509002C01000000030A077D
:10809C00010508000003070901050C000003070C8B
:1080AC000105080000030A02070508000000000093
:1080BC0080000000000000008000000000000000B4
:1080CC0080000000000000008000000000000000A4
:1080DC008000000000000000800000000000000094
:1080EC008000000000000000800000000000803FC5
:1080FC000000803F0000803F0000803F1027000000
:10810C009A99193F0000A042000000008000000076
:10811C0000040A070205090000050A070209040009
:10812C000000803F0004090207050B006CBF002013
:10813C004CC0002084C00020BCC00020F4C0002033
:10814C002CC1002064C100209CC10020D4C100209F
:10815C00A4BF0020DCBF002014C00020CCBC002039
:10816C00ACBD0020E4BD00201CBE002054BE00208D
:10817C008CBE0020C4BE0020FCBE002034BF0020FA
:10818C0004BD00203CBD002074BD0020C4C50020EF
:10819C00B4C60020F0C600202CC7002068C7002001
:1081AC00A4C70020E0C700201CC8002058C800202D
:1081BC0000C600203CC6002078C6002048E3002002
:1081CC0080E30020B8E300207CC200205CC30020C8
:1081DC0094C30020CCC3002004C400203CC4002065
:1081EC0074C40020ACC40020E4C40020B4C200203D
:1081FC00ECC2002024C30020B4690120F46F0120DC
:10820C008471012014730120A474012034760120A0
:10821C00C477012054790120E47A0120446B0120B9
:10822C00D46C0120646E0120C43E0120144D012049
:10823C00A85001203C540120D0570120645B012040
:10824C00F85E01208C62012020660120584201203A
:10825C00EC450120804901200005070C02090A00A9
:10826C000002070C05090400D0E8002008E90020F2
:10827C0040E9002014036D0069006E006900630082
:10828C0068006F00720064000C0300000000000026
:10829C0000000000000000000000000000000000D2
:1082AC0009000000000102030C05060708090A0B6F
:1082BC000000803FB50A1E00087F01040A0B04145D
:1082CC0003FF01077F0104010C0D051402FF3010A0
:1082DC0011060E0F0102100000000000000000004B
:1082EC000000000000000000000000000000000082
:1082FC000000000000000000000000000000000072
:10830C000000000000000000000000000000000061
:10831C000000000000000000000000000000000051
:10832C000000000000000000000000000000000041
:10833C000000000000000000000000000000000031
:10834C000000000000000000000000000000000021
:10835C000000000000000000000000000000000011
:10836C000000000000000000000000000000000001
:10837C0000000000000000000000000000000000F1
:10838C0000000000000000000000000000000000E1
:10839C0000000000000000000000000000000000D1
:1083AC0000000000000000000000000000000000C1
:1083BC0000000000000000000000000000000000B1
:1083CC0000000000000000000000000000000000A1
:1083DC000000000000000000000000000000000091
:1083EC000000000000000000000000000000000081
:1083FC000000000000000000000000000000000071
:10840C000000000000000000000000000000000060
:10841C000000000000000000000000000000000050
:10842C000000000000000000000000000000000040
:10843C000000000000000000000000000000000030
:10844C000000000000000000000000000000000020
:10845C000000000000000000000000000000000010
:10846C000000000000000000000000000000000000
:10847C0000000000000000000000000000000000F0
:10848C0000000000000000000000000000000000E0
:10849C0000000000000000000000000000000000D0
:1084AC0000000000000000000000000000000000C0
:1084BC0000000000000000000000000000000000B0
:1084CC0000000000000000000000000000000000A0
:1084DC000000000000000000000000000000000090
:1084EC000000000000000000000000000000000080
:1084FC000000000000000000000000000000000070
:10850C00000000000000000000000000000000005F
:10851C00000000000000000000000000000000004F
:10852C00000000000000000000000000000000003F
:10853C00000000000000000000000000000000002F
:10854C00000000000000000000000000000000001F
:10855C00000000000000000000000000000000000F
:10856C0000000000000000000000000000000000FF
:10857C0000000000000000000000000000000000EF
:10858C0000000000000000000000000000000000DF
:10859C0000000000000000000000000000000000CF
:1085AC0000000000000000000000000000000000BF
:1085BC0000000000000000000000000000000000AF
:1085CC00000000000000000000000000000000009F
:1085DC00000000000000000000000000000000008F
:1085EC00000000000000000000000000000000007F
:1085FC00000000000000000000000000000000006F
:10860C00000000000000000000000000000000005E
:10861C00000000000000000000000000000000004E
:10862C00000000000000000000000000000000003E
:10863C00000000000000000000000000000000002E
:10864C00000000000000000000000000000000001E
:10865C00000000000000000000000000000000000E
:10866C0000000000000000000000000000000000FE
:10867C0000000000000000000000000000000000EE
:10868C0000000000000000000000000000000000DE
:10869C0000000000000000000000000000000000CE
:1086AC0000000000000000000000000000000000BE
:1086BC0000000000000000000000000000000000AE
:1086CC00000000000000000000000000000000009E
:1086DC00000000000000000000000000000000008E
:1086EC00000000000000000000000000000000007E
:1086FC00FFFFFFFFFFFFFFFFFFFFFFFFFFFFFFFF7E
:10870C00FFFFFFFFFFFFFFFFFFFFFFFFFFFFFFFF6D
:10871C00FFFFFFFFFFFFFFFFFFFFFFFFFFFFFFFF5D
:10872C00FFFFFFFFFFFFFFFFFFFFFFFFFFFFFFFF4D
:10873C00FFFFFFFFFFFFFFFFFFFFFFFFFFFFFFFF3D
:10874C00FFFFFFFFFFFFFFFFFFFFFFFFFFFFFFFF2D
:10875C00FFFFFFFFFFFFFFFFFFFFFFFFFFFFFFFF1D
:10876C00FFFFFFFFFFFFFFFFFFFFFFFFFFFFFFFF0D
:10877C00FFFFFFFFFFFFFFFFFFFFFFFFFFFFFFFFFD
:10878C00FFFFFFFFFFFFFFFFFFFFFFFFFFFFFFFFED
:10879C00FFFFFFFFFFFFFFFFFFFFFFFFFFFFFFFFDD
:1087AC00FFFFFFFFFFFFFFFFFFFFFFFFFFFFFFFFCD
:1087BC00FFFFFFFFFFFFFFFFFFFFFFFFFFFFFFFFBD
:1087CC00FFFFFFFFFFFFFFFFFFFFFFFFFFFFFFFFAD
:1087DC00FFFFFFFFFFFFFFFFFFFFFFFFFFFFFFFF9D
:1087EC00FFFFFFFFFFFFFFFFFFFFFFFFFFFFFFFF8D
:1087FC00FFFFFFFF00000000000000000000000071
:10880C00000000000000000000000000000000005C
:10881C00000000000000000000000000000000004C
:10882C00000000000000000000000000000000003C
:10883C00000000000000000000000000000000002C
:10884C00000000000000000000000000000000001C
:10885C00000000000000000000000000000000000C
:10886C0000000000000000000000000000000000FC
:10887C0000000000000000000000000000000000EC
:10888C0000000000000000000000000000000000DC
:10889C0000000000000000000000000000000000CC
:1088AC0000000000000000000000000000000000BC
:1088BC0000000000000000000000000000000000AC
:1088CC00000000000000000000000000000000009C
:1088DC00000000000000000000000000000000008C
:1088EC00000000000000000000000000000000007C
:1088FC00000000000000000000000000000000006C
:10890C00000000000000000000000000000000005B
:10891C00000000000000000000000000000000004B
:10892C00000000000000000000000000000000003B
:10893C00000000000000000000000000000000002B
:10894C00000000000000000000000000000000001B
:10895C00000000000000000000000000000000000B
:10896C0000000000000000000000000000000000FB
:10897C0000000000000000000000000000000000EB
:10898C0000000000000000000000000000000000DB
:10899C0000000000000000000000000000000000CB
:1089AC0000000000000000000000000000000000BB
:1089BC0000000000000000000000000000000000AB
:1089CC00000000000000000000000000000000009B
:1089DC00000000000000000000000000000000008B
:1089EC00000000000000000000000000000000007B
:1089FC00000000000000000000000000000000006B
:108A0C00000000000000000000000000000000005A
:108A1C00000000000000000000000000000000004A
:108A2C00000000000000000000000000000000003A
:108A3C00000000000000000000000000000000002A
:108A4C00000000000000000000000000000000001A
:108A5C00000000000000000000000000000000000A
:108A6C0000000000000000000000000000000000FA
:108A7C0000000000000000000000000000000000EA
:108A8C0000000000000000000000000000000000DA
:108A9C0000000000000000000000000000000000CA
:108AAC0000000000000000000000000000000000BA
:108ABC0000000000000000000000000000000000AA
:108ACC00000000000000000000000000000000009A
:108ADC00000000000000000000000000000000008A
:108AEC00000000000000000000000000000000007A
:108AFC00000000000000000000000000000000006A
:108B0C000000000000000000000000000000000059
:108B1C000000000000000000000000000000000049
:108B2C000000000000000000000000000000000039
:108B3C000000000000000000000000000000000029
:108B4C000000000000000000000000000000000019
:108B5C000000000000000000000000000000000009
:108B6C0000000000000000000000000000000000F9
:108B7C0000000000000000000000000000000000E9
:108B8C0000000000000000000000000000000000D9
:108B9C0000000000000000000000000000000000C9
:108BAC0000000000000000000000000000000000B9
:108BBC0000000000000000000000000000000000A9
:108BCC000000000000000000000000000000000099
:108BDC000000000000000000000000000000000089
:108BEC000000000000000000000000000000000079
:108BFC000000000000000000000000000000000069
:108C0C000000000000000000000000000000000058
:108C1C000000000000000000000000000000000048
:108C2C000000000000000000000000000000000038
:108C3C000000000000000000000000000000000028
:108C4C000000000000000000000000000000000018
:108C5C000000000000000000000000000000000008
:108C6C0000000000000000000000000000000000F8
:108C7C0000000000000000000000000000000000E8
:108C8C0000000000000000000000000000000000D8
:108C9C0000000000000000000000000000000000C8
:108CAC0000000000000000000000000000000000B8
:108CBC0000000000000000000000000000000000A8
:108CCC000000000000000000000000000000000098
:108CDC000000000000000000000000000000000088
:108CEC000000000000000000000000000000000078
:108CFC000000000000000000000000000000000068
:108D0C000000000000000000000000000000000057
:108D1C000000000000000000000000000000000047
:108D2C000000000000000000000000000000000037
:108D3C000000000000000000000000000000000027
:108D4C000000000000000000000000000000000017
:108D5C000000000000000000000000000000000007
:108D6C0000000000000000000000000000000000F7
:108D7C0000000000000000000000000000000000E7
:108D8C0000000000000000000000000000000000D7
:108D9C0000000000000000000000000000000000C7
:108DAC0000000000000000000000000000000000B7
:108DBC0000000000000000000000000000000000A7
:108DCC000000000000000000000000000000000097
:108DDC000000000000000000000000000000000087
:108DEC000000000000000000000000000000000077
:108DFC000000000000000000000000000000000067
:108E0C000000000000000000000000000000000056
:108E1C000000000000000000000000000000000046
:108E2C000000000000000000000000000000000036
:108E3C000000000000000000000000000000000026
:108E4C000000000000000000000000000000000016
:108E5C000000000000000000000000000000000006
:108E6C0000000000000000000000000000000000F6
:108E7C0000000000000000000000000000000000E6
:108E8C0000000000000000000000000000000000D6
:108E9C0000000000000000000000000000000000C6
:108EAC0000000000000000000000000000000000B6
:108EBC0000000000000000000000000000000000A6
:108ECC000000000000000000000000000000000096
:108EDC000000000000000000000000000000000086
:108EEC000000000000000000000000000000000076
:108EFC000000000000000000000000000000000066
:108F0C000000000000000000000000000000000055
:108F1C000000000000000000000000000000000045
:108F2C000000000000000000000000000000000035
:108F3C000000000000000000000000000000000025
:108F4C000000000000000000000000000000000015
:108F5C000000000000000000000000000000000005
:108F6C0000000000000000000000000000000000F5
:108F7C0000000000000000000000000000000000E5
:108F8C0000000000000000000000000000000000D5
:108F9C0000000000000000000000000000000000C5
:108FAC0000000000000000000000000000000000B5
:108FBC0000000000000000000000000000000000A5
:108FCC000000000000000000000000000000000095
:108FDC000000000000000000000000000000000085
:108FEC000000000000000000000000000000000075
:108FFC000000000000000000000000000000000065
:10900C000000000000000000000000000000000054
:10901C000000000000000000000000000000000044
:10902C000000000000000000000000000000000034
:10903C000000000000000000000000000000000024
:10904C000000000000000000000000000000000014
:10905C000000000000000000000000000000000004
:10906C0000000000000000000000000000000000F4
:10907C0000000000000000000000000000000000E4
:10908C0000000000000000000000000000000000D4
:10909C0000000000000000000000000000000000C4
:1090AC0000000000000000000000000000000000B4
:1090BC0000000000000000000000000000000000A4
:1090CC000000000000000000000000000000000094
:1090DC000000000000000000000000000000000084
:1090EC000000000000000000000000000000000074
:1090FC000000000000000000000000000000000064
:10910C000000000000000000000000000000000053
:10911C000000000000000000000000000000000043
:10912C000000000000000000000000000000000033
:10913C000000000000000000000000000000000023
:10914C000000000000000000000000000000000013
:10915C000000000000000000000000000000000003
:10916C0000000000000000000000000000000000F3
:10917C0000000000000000000000000000000000E3
:10918C0000000000000000000000000000000000D3
:10919C0000000000000000000000000000000000C3
:1091AC0000000000000000000000000000000000B3
:1091BC0000000000000000000000000000000000A3
:1091CC000000000000000000000000000000000093
:1091DC000000000000000000000000000000000083
:1091EC000000000000000000000000000000000073
:1091FC000000000000000000000000000000000063
:10920C000000000000000000000000000000000052
:10921C000000000000000000000000000000000042
:10922C000000000000000000000000000000000032
:10923C000000000000000000000000000000000022
:10924C000000000000000000000000000000000012
:10925C000000000000000000000000000000000002
:10926C0000000000000000000000000000000000F2
:10927C0000000000000000000000000000000000E2
:10928C0000000000000000000000000000000000D2
:10929C0000000000000000000000000000000000C2
:1092AC0000000000000000000000000000000000B2
:1092BC0000000000000000000000000000000000A2
:1092CC000000000000000000000000000000000092
:1092DC000000000000000000000000000000000082
:1092EC000000000000000000000000000000000072
:1092FC000000000000000000000000000000000062
:10930C000000000000000000000000000000000051
:10931C000000000000000000000000000000000041
:10932C000000000000000000000000000000000031
:10933C000000000000000000000000000000000021
:10934C000000000000000000000000000000000011
:10935C000000000000000000000000000000000001
:10936C0000000000000000000000000000000000F1
:10937C0000000000000000000000000000000000E1
:10938C0000000000000000000000000000000000D1
:10939C0000000000000000000000000000000000C1
:1093AC0000000000000000000000000000000000B1
:1093BC0000000000000000000000000000000000A1
:1093CC000000000000000000000000000000000091
:1093DC000000000000000000000000000000000081
:1093EC000000000000000000000000000000000071
:0493FC00000000006D
:040000056000100087
:00000001FF
